make,model,vid,cfg,vtype,etw_lb,hp,drive,disp_L,gears,axle,nv,A_lbf,B_lbfmph,C_lbfmph2,A_N,B_Nspm,C_Ns2pm2,mass_kg,weight_N,CdA_m2,Crr_implied
Aston Martin,DB9,143TT1042,0,Car,4500,510,"2-Wheel Drive, Rear",5.9,6,3.46,31.0,43.17,0.7502,0.0163,192.02972713079578,7.4647813523810544,0.36281167316194557,2041.165665,20016.99726867225,0.6217489915166694,0.009593333333333332
Aston Martin,V8 VANTAGE,210TT241,0,Car,4000,420,"2-Wheel Drive, Rear",4.7,6,3.91,38.6,45.78,0.0008,0.0217,203.63958554662568,0.007960310693021652,0.4830069513873755,1814.36948,17792.886461042,0.8277271850252594,0.011445
Aston Martin,V8 VANTAGE S,270TT244,0,Car,4000,430,"2-Wheel Drive, Rear",4.7,7,4.18,36.2,45.78,0.0008,0.0217,203.63958554662568,0.007960310693021652,0.4830069513873755,1814.36948,17792.886461042,0.8277271850252594,0.011445
AUDI,A3,83PA-AAF,0,Car,3750,200,"2-Wheel Drive, Front",1.984,6,4.06,40.7,32.0,0.27,0.02,142.343091688336,2.686604858894808,0.4451676971312216,1700.9713875,16680.831057226875,0.7628821981799625,0.008533333333333332
AUDI,A3,83PA-AMF,0,Car,3625,200,"2-Wheel Drive, Front",1.984,6,3.94,40.4,31.0,0.15,0.02,137.89487007307548,1.4925582549415597,0.4451676971312216,1644.2723412500002,16124.803355319313,0.7628821981799625,0.008551724137931033
AUDI,A3,83PA-AMF,3,Car,3375,200,"2-Wheel Drive, Front",1.984,6,3.09,40.4,30.0,0.2,0.0186,133.446648457815,1.9900776732554133,0.41400595833203613,1530.87424875,15012.747951504187,0.7094804443073652,0.008888888888888889
AUDI,A3,83UA-AMF,3,Car,3375,200,"2-Wheel Drive, Front",1.984,6,3.09,40.4,30.0,0.2,0.0186,133.446648457815,1.9900776732554133,0.41400595833203613,1530.87424875,15012.747951504187,0.7094804443073652,0.008888888888888889
AUDI,A3 QUATTRO,93UA-AAQ,0,Car,3875,200,"2-Wheel Drive, Front",1.984,6,4.06,40.6,34.0,0.35,0.0178,151.23953491885698,3.482635928196973,0.3961992504467872,1757.67043375,17236.858759134437,0.6789651563801666,0.008774193548387096
AUDI,A4,D3UB-BAF,0,Car,3875,211,"2-Wheel Drive, Front",1.984,1,4.61,23.3,36.644,0.24235,0.017344,163.00063286960574,2.4114766205672473,0.38604942695219535,1757.67043375,17236.858759134437,0.6615714422616634,0.009456516129032257
AUDI,A4,D3UB-BAF,0,Car,3875,211,"2-Wheel Drive, Front",1.984,1,4.61,23.3,40.308,0.26659,0.019078,179.2989168679202,2.6526740345658033,0.42464546629347233,1757.67043375,17236.858759134437,0.7277133288438663,0.010402064516129031
AUDI,A4,D3UB-BAF,1,Car,4250,211,"2-Wheel Drive, Front",1.984,1,4.61,23.3,40.466,0.23512,0.018508,180.00173588313137,2.3395353126790637,0.4119581869252325,1927.7675725000001,18904.941864857126,0.7059711861957374,0.00952141176470588
AUDI,A4,D3UB-BAF,1,Car,4250,211,"2-Wheel Drive, Front",1.984,1,4.61,23.3,44.512,0.25863,0.020358,197.99924053847536,2.573468943170238,0.45313619890987056,1927.7675725000001,18904.941864857126,0.776537789527384,0.01047341176470588
AUDI,A4,D3UB-BMQ,0,Car,4000,211,"2-Wheel Drive, Front",1.984,6,3.69,31.2,36.194,0.32916,0.017635,160.99893314273854,3.275269834643759,0.39252661694545476,1814.36948,17792.886461042,0.6726713782451822,0.009048500000000001
AUDI,A4,D3UB-BMQ,0,Car,4000,211,"2-Wheel Drive, Front",1.984,6,3.69,31.2,39.814,0.36208,0.019398,177.10149538998152,3.6028366196616,0.43176814944757186,1814.36948,17792.886461042,0.7399194440147456,0.009953499999999999
AUDI,A4,D3UB-BMQ,1,Car,3875,211,"2-Wheel Drive, Front",1.984,6,3.69,31.2,36.194,0.32916,0.017635,160.99893314273854,3.275269834643759,0.39252661694545476,1757.67043375,17236.858759134437,0.6726713782451822,0.009340387096774193
AUDI,A4,D3UB-BMQ,1,Car,3875,211,"2-Wheel Drive, Front",1.984,6,3.69,31.2,39.814,0.36208,0.019398,177.10149538998152,3.6028366196616,0.43176814944757186,1757.67043375,17236.858759134437,0.7399194440147456,0.01027458064516129
AUDI,A4 Allroad,DFUB-BAA,0,Car,4250,211,"2-Wheel Drive, Front",1.984,8,3.08,26.9,39.117,0.46662,0.019788,174.00108492414495,4.6430502194722045,0.4404489195416306,1927.7675725000001,18904.941864857126,0.7547956468792548,0.009203999999999997
AUDI,A4 Allroad,DFUB-BAA,1,Both,4250,211,"2-Wheel Drive, Front",1.984,8,3.08,26.9,39.117,0.46662,0.019788,174.00108492414495,4.6430502194722045,0.4404489195416306,1927.7675725000001,18904.941864857126,0.7547956468792548,0.009203999999999997
AUDI,A5,DFUB-BAQ,0,Car,4000,211,"2-Wheel Drive, Front",1.984,8,2.85,26.0,36.869,0.44491,0.017402,164.00148273303935,4.42702728804033,0.38734041327387597,1814.36948,17792.886461042,0.6637838006363854,0.00921725
AUDI,A5,DFUB-BAQ,0,Car,4000,211,"2-Wheel Drive, Front",1.984,8,2.85,26.0,40.556,0.4894,0.019142,180.40207582850482,4.869720066455996,0.4260700029242922,1814.36948,17792.886461042,0.7301545518780421,0.010139
AUDI,A5,DFUB-BAQ,1,Car,4250,211,"2-Wheel Drive, Front",1.984,8,2.85,26.0,40.016,0.46662,0.018391,178.00003615626414,4.6430502194722045,0.40935395589701484,1927.7675725000001,18904.941864857126,0.7015083253363845,0.009415529411764705
AUDI,A5,DFUB-BAQ,1,Car,4250,211,"2-Wheel Drive, Front",1.984,8,2.85,26.0,44.018,0.51328,0.02023,195.80181906053667,5.107335340642692,0.4502871256482307,1927.7675725000001,18904.941864857126,0.7716553434590322,0.010357176470588234
AUDI,A5,DFUB-BAQ,2,Both,4000,211,"2-Wheel Drive, Front",1.984,8,2.85,26.0,36.869,0.44491,0.017402,164.00148273303935,4.42702728804033,0.38734041327387597,1814.36948,17792.886461042,0.6637838006363854,0.00921725
AUDI,A5,DFUB-BAQ,3,Both,4250,211,"2-Wheel Drive, Front",1.984,8,2.85,26.0,40.016,0.46662,0.018391,178.00003615626414,4.6430502194722045,0.40935395589701484,1927.7675725000001,18904.941864857126,0.7015083253363845,0.009415529411764705
AUDI,A6,C3UB-CAF,0,Both,4000,211,"2-Wheel Drive, Front",1.984,1,3.09,24.1,36.194,0.15554,0.016704,160.99893314273854,1.547683406490735,0.3718040606439963,1814.36948,17792.886461042,0.6371592119199047,0.009048500000000001
AUDI,A6,C3UB-CAF,0,Both,4000,211,"2-Wheel Drive, Front",1.984,1,3.09,24.1,39.814,0.17109,0.018374,177.10149538998152,1.7024119455863431,0.40897556335445334,1814.36948,17792.886461042,0.7008598754679316,0.009953499999999999
AUDI,A6,D3UF-CAQ,0,Both,4250,333,All Wheel Drive,2.995,8,2.85,24.6,35.745,0.43044,0.01746,159.00168163748654,4.2830451683803,0.3886313995955565,1927.7675725000001,18904.941864857126,0.6659961590111073,0.008410588235294116
AUDI,A6,D3UF-CAQ,1,Both,4250,333,All Wheel Drive,2.995,8,2.85,24.6,35.745,0.43044,0.01746,159.00168163748654,4.2830451683803,0.3886313995955565,1927.7675725000001,18904.941864857126,0.6659961590111073,0.008410588235294116
AUDI,A6,D3UF-CAQ,2,Both,4500,333,All Wheel Drive,2.995,8,2.85,24.6,35.745,0.43044,0.01746,159.00168163748654,4.2830451683803,0.3886313995955565,2041.165665,20016.99726867225,0.6659961590111073,0.007943333333333332
AUDI,A6,D3UF-CAQ,3,Both,4500,333,All Wheel Drive,2.995,8,2.85,24.6,39.319,0.47349,0.019206,174.8996256904276,4.711409387548528,0.4274945395551122,2041.165665,20016.99726867225,0.7325957749122182,0.008737555555555556
AUDI,A6,D3UF-CAQ,3,Both,4500,333,All Wheel Drive,2.995,8,2.85,24.6,35.745,0.43044,0.01746,159.00168163748654,4.2830451683803,0.3886313995955565,2041.165665,20016.99726867225,0.6659961590111073,0.007943333333333332
AUDI,A6 quattro,D3UB-CAQ,0,Car,4250,211,All Wheel Drive,1.984,8,3.08,26.9,34.396,0.43044,0.01746,153.00103067850014,4.2830451683803,0.3886313995955565,1927.7675725000001,18904.941864857126,0.6659961590111073,0.008093176470588234
AUDI,A6 quattro,D3UB-CAQ,0,Car,4250,211,All Wheel Drive,1.984,8,3.08,26.9,37.835,0.47349,0.019206,168.298464813381,4.711409387548528,0.4274945395551122,1927.7675725000001,18904.941864857126,0.7325957749122182,0.008902352941176469
AUDI,A8,D3UF-DAQ,0,Both,4750,333,"2-Wheel Drive, Front",2.995,8,3.2,26.8,40.915,0.25393,0.017577,181.99898738838334,2.5267021178487354,0.3912356306237741,2154.5637575,21129.052672487374,0.67045901987046,0.008613684210526315
AUDI,A8,D3UF-DAQ,0,Both,4750,333,"2-Wheel Drive, Front",2.995,8,3.2,26.8,45.007,0.27932,0.019334,200.2011102380293,2.77934247846851,0.43034361281675193,2154.5637575,21129.052672487374,0.7374782209805698,0.00947515789473684
AUDI,A8,D3UF-DAQ,1,Both,4750,333,"2-Wheel Drive, Front",2.995,8,3.2,26.8,40.915,0.25393,0.017577,181.99898738838334,2.5267021178487354,0.3912356306237741,2154.5637575,21129.052672487374,0.67045901987046,0.008613684210526315
AUDI,A8,D3UF-DAQ,1,Both,4750,333,"2-Wheel Drive, Front",2.995,8,3.2,26.8,45.007,0.27932,0.019334,200.2011102380293,2.77934247846851,0.43034361281675193,2154.5637575,21129.052672487374,0.7374782209805698,0.00947515789473684
AUDI,A8,D3UJ-DAQ,1,Car,4750,420,All Wheel Drive,3.993,8,3.2,26.8,46.76,0.39789,0.015831,207.99884272958096,3.9591600270579823,0.3523724906642185,2154.5637575,21129.052672487374,0.6038594039693493,0.009844210526315789
AUDI,A8,D3UJ-DAQ,1,Car,4750,420,All Wheel Drive,3.993,8,3.2,26.8,51.436,0.43768,0.017414,228.79872700253907,4.355085980152146,0.3876075138921547,2154.5637575,21129.052672487374,0.6642415299552934,0.010828631578947367
AUDI,A8L,D3UJ-DAQ,0,Car,5000,420,All Wheel Drive,3.993,8,3.2,26.8,48.109,0.39789,0.015831,213.99949368856738,3.9591600270579823,0.3523724906642185,2267.96185,22241.1080763025,0.6038594039693493,0.0096218
AUDI,A8L,D3UJ-DAQ,0,Car,5000,420,All Wheel Drive,3.993,8,3.2,26.8,52.92,0.43768,0.017414,235.39988787958566,4.355085980152146,0.3876075138921547,2267.96185,22241.1080763025,0.6642415299552934,0.010584000000000001
AUDI,Q5,D3UF-Q5A,0,Both,4750,272,"2-Wheel Drive, Front",2.995,8,3.2,25.7,50.582,0.18448,0.023222,224.9999457431066,1.835647645810793,0.5168842131390614,2154.5637575,21129.052672487374,0.8857825203067545,0.010648842105263158
AUDI,Q5,D3UF-Q5A,1,Both,4750,272,"2-Wheel Drive, Front",2.995,8,3.2,25.7,55.64,0.20292,0.025544,247.4990506730942,2.0191328072849424,0.5685681827759963,2154.5637575,21129.052672487374,0.9743531435154482,0.011713684210526315
AUDI,Q5,D3UF-Q5A,1,Both,4750,272,"2-Wheel Drive, Front",2.995,8,3.2,25.7,50.582,0.18448,0.023222,224.9999457431066,1.835647645810793,0.5168842131390614,2154.5637575,21129.052672487374,0.8857825203067545,0.010648842105263158
AUDI,Q5,DFUB-Q5A,0,Truck,4500,211,All Wheel Drive,1.984,8,3.76,30.3,35.969,0.49555,0.020079,159.99808327930492,4.9309149549086,0.44692610953489,2041.165665,20016.99726867225,0.7658955828627735,0.00799311111111111
AUDI,Q5,DFUB-Q5A,0,Truck,4500,211,All Wheel Drive,1.984,8,3.76,30.3,39.566,0.54511,0.022087,175.99833642939694,5.4240562023412915,0.49162094632686454,2041.165665,20016.99726867225,0.8424889555600416,0.008792444444444445
AUDI,Q5,DFUB-Q5A,1,Both,4500,211,All Wheel Drive,1.984,8,3.76,30.3,35.969,0.49555,0.020079,159.99808327930492,4.9309149549086,0.44692610953489,2041.165665,20016.99726867225,0.7658955828627735,0.00799311111111111
AUDI,Q5 Hybrid,DHUB-Q5H,0,Truck,4750,211,All Wheel Drive,1.984,8,3.76,30.3,47.21,-0.217,0.027063,210.0005424564482,-2.1592342754821234,0.6023786693731126,2154.5637575,21129.052672487374,1.0322940464672163,0.009938947368421052
AUDI,Q5 Hybrid,DHUB-Q5H,0,Truck,4750,211,All Wheel Drive,1.984,8,3.76,30.3,51.931,-0.1953,0.029769,231.000596702093,-1.943310847933911,0.6626098587949668,2154.5637575,21129.052672487374,1.1355120078809653,0.010932842105263157
AUDI,Q7,BTLF-Q7A,0,Truck,6000,333,All Wheel Drive,2.995,8,3.7,30.1,45.0,0.434,0.0272,200.16997268672247,4.318468550964247,0.6054280680984614,2721.55422,26689.329691562998,1.037519789524749,0.0075
AUDI,Q7,BTLF-Q7A,1,Truck,5500,272,All Wheel Drive,2.995,8,3.7,30.1,44.0,0.434,0.0272,195.721751071462,4.318468550964247,0.6054280680984614,2494.7580350000003,24465.21888393275,1.037519789524749,0.008
AUDI,Q7,D3UG-TAQ,0,Truck,6000,240,All Wheel Drive,2.967,8,3.27,26.8,44.962,0.43406,0.02718,200.0009402653426,4.319065574266223,0.6049829004013302,2721.55422,26689.329691562998,1.036756907326569,0.007493666666666667
AUDI,Q7,D3UG-TAQ,0,Truck,6000,240,All Wheel Drive,2.967,8,3.27,26.8,49.458,0.47747,0.029898,220.00014464755378,4.7510119332463105,0.6654811904414631,2721.55422,26689.329691562998,1.1404325980592258,0.008243
AUDI,Q7,D3UG-TAQ,1,Truck,5250,240,All Wheel Drive,2.967,8,3.27,26.8,43.388,0.12298,0.027936,192.99943944292255,1.2236987612847536,0.6218102393528904,2381.3599425,23353.163480117626,1.0655938544177717,0.008264380952380952
AUDI,Q7,D3UG-TAQ,1,Truck,5250,240,All Wheel Drive,2.967,8,3.27,26.8,47.727,0.13528,0.03073,212.30027303153784,1.3460885381899617,0.684000166642122,2381.3599425,23353.163480117626,1.1721684975035125,0.00909085714285714
AUDI,R8,9LR8-RAQ,1,Car,3750,560,"2-Wheel Drive, Rear",5.204,6,4.06,43.0,41.81,0.315,0.01688,185.9801457340415,3.1343723353772757,0.37572153637875105,1700.9713875,16680.831057226875,0.6438725752638884,0.011149333333333334
AUDI,R8,9LR8-RAQ,2,Car,4000,560,"2-Wheel Drive, Rear",5.204,6,4.06,43.0,43.84,0.318,0.01752,195.0100356130203,3.164223500476107,0.38996690268695017,1814.36948,17792.886461042,0.6682848056056472,0.01096
AUDI,R8,9LR8-RMQ,1,Car,3750,560,"2-Wheel Drive, Rear",5.204,6,4.06,43.0,41.81,0.315,0.01688,185.9801457340415,3.1343723353772757,0.37572153637875105,1700.9713875,16680.831057226875,0.6438725752638884,0.011149333333333334
AUDI,R8,9LR8-RMQ,2,Car,4000,560,"2-Wheel Drive, Rear",5.204,6,4.06,43.0,43.84,0.318,0.01752,195.0100356130203,3.164223500476107,0.38996690268695017,1814.36948,17792.886461042,0.6682848056056472,0.01096
AUDI,RS5,D3UL-BSQ,0,Car,4750,450,All Wheel Drive,4.163,7,4.38,35.7,51.931,0.38197,0.022535,231.000596702093,3.800749844266851,0.5015927027426039,2154.5637575,21129.052672487374,0.8595775167992727,0.010932842105263157
AUDI,RS5,D3UL-BSQ,0,Car,4750,450,All Wheel Drive,4.163,7,4.38,35.7,47.21,0.34725,0.020487,210.0005424564482,3.4552723601897113,0.45600753055636684,2154.5637575,21129.052672487374,0.7814583797056446,0.009938947368421052
AUDI,RS5,D3UL-BSQ,1,Car,4250,450,All Wheel Drive,4.163,7,4.38,35.7,46.086,0.34725,0.017402,205.00074136089538,3.4552723601897113,0.38734041327387597,1927.7675725000001,18904.941864857126,0.6637838006363854,0.010843764705882351
AUDI,RS5,D3UL-BSQ,1,Car,4250,450,All Wheel Drive,4.163,7,4.38,35.7,50.694,0.38197,0.019142,225.49814656401577,3.800749844266851,0.4260700029242922,1927.7675725000001,18904.941864857126,0.7301545518780421,0.011927999999999998
AUDI,S5,D3UF-BAQ,0,Both,4250,333,"2-Wheel Drive, Front",2.995,7,3.88,32.7,41.59,0.34725,0.01682,185.0015369786842,3.4552723601897113,0.3743860332873574,1927.7675725000001,18904.941864857126,0.6415839286693485,0.009785882352941176
AUDI,S5,D3UF-BAQ,0,Both,4250,333,"2-Wheel Drive, Front",2.995,7,3.88,32.7,45.749,0.38197,0.018502,203.5016906765526,3.800749844266851,0.41182463661609314,1927.7675725000001,18904.941864857126,0.7057423215362834,0.010764470588235294
AUDI,S5,D3UF-BAQ,1,Both,4750,333,"2-Wheel Drive, Front",2.995,7,3.88,32.7,45.636,0.34363,0.018741,202.99904163402817,3.4192519543037885,0.41714439059681124,2154.5637575,21129.052672487374,0.714858763804534,0.009607578947368422
AUDI,S5,D3UF-BAQ,1,Both,4750,333,"2-Wheel Drive, Front",2.995,7,3.88,32.7,50.2,0.37799,0.020615,223.3007250860771,3.7611472985690684,0.4588566038180067,2154.5637575,21129.052672487374,0.7863408257739964,0.01056842105263158
AUDI,S5,D3UF-BMQ,0,Both,4250,333,"2-Wheel Drive, Front",2.995,6,3.68,39.1,40.915,0.31469,0.016995,181.99898738838334,3.1312877149837304,0.3782812506372556,1927.7675725000001,18904.941864857126,0.6482591479034232,0.00962705882352941
AUDI,S5,D3UF-BMQ,0,Both,4250,333,"2-Wheel Drive, Front",2.995,6,3.68,39.1,45.007,0.34616,0.018694,200.2011102380293,3.4444264368704696,0.4160982465085528,1927.7675725000001,18904.941864857126,0.7130659906388109,0.010589882352941173
AUDI,S7,D3UJ-S7Q,0,Car,4750,420,All Wheel Drive,3.993,7,4.09,27.6,44.962,0.36895,0.018217,200.0009402653426,3.6711957877379238,0.4054809969319732,2154.5637575,21129.052672487374,0.6948712502122188,0.009465684210526315
AUDI,S7,D3UJ-S7Q,0,Car,4750,420,All Wheel Drive,3.993,7,4.09,27.6,49.458,0.40585,0.020038,220.00014464755378,4.038365118453547,0.446013515755771,2154.5637575,21129.052672487374,0.7643316743565045,0.010412210526315788
AUDI,S7,D3UJ-S7Q,1,Car,4750,420,All Wheel Drive,3.993,7,4.09,27.6,43.163,0.36172,0.017809,191.99858957948894,3.59925447984974,0.39639957591049624,2154.5637575,21129.052672487374,0.6793084533693475,0.009086947368421052
AUDI,S7,D3UJ-S7Q,1,Car,4750,420,All Wheel Drive,3.993,7,4.09,27.6,47.48,0.39789,0.01959,211.2015622925685,3.9591600270579823,0.4360417593400316,2154.5637575,21129.052672487374,0.7472431131172733,0.00999578947368421
AUDI,S8,D3UJ-S8Q,0,Car,5000,520,All Wheel Drive,3.993,8,3.2,26.5,52.178,0.43768,0.018054,232.09930744106234,4.355085980152146,0.40185288020035376,2267.96185,22241.1080763025,0.6886537602970522,0.0104356
AUDI,S8,D3UJ-S8Q,0,Car,5000,520,All Wheel Drive,3.993,8,3.2,26.5,47.435,0.39789,0.016413,211.0013923198818,3.9591600270579823,0.36532687065073705,2267.96185,22241.1080763025,0.6260592759363863,0.009487
AUDI,TT Coupe,B3UA-TAQ,0,Car,3625,211,All Wheel Drive,1.984,6,3.44,32.3,41.0,0.39,0.0194,182.37708622568047,3.8806514628480557,0.431812666217285,1644.2723412500002,16124.803355319313,0.7399957322345637,0.011310344827586204
AUDI,TT Coupe,B3UA-TAQ,0,Car,3625,211,All Wheel Drive,1.984,6,3.44,32.3,37.0,0.354,0.0176,164.5841997646385,3.5224374816620814,0.39174757347547506,1644.2723412500002,16124.803355319313,0.6713363343983672,0.010206896551724137
AUDI,TT Coupe,B3UA-TAQ,1,Car,3500,211,All Wheel Drive,1.984,6,3.44,32.3,39.0,0.39,0.0184,173.48064299515949,3.8806514628480557,0.40955428136072386,1587.5732950000001,15568.77565341175,0.7018516223255655,0.011142857142857142
AUDI,TT Coupe,B3UA-TAQ,1,Car,3500,211,All Wheel Drive,1.984,6,3.44,32.3,36.0,0.354,0.0167,160.135978149378,3.5224374816620814,0.37171502710457005,1587.5732950000001,15568.77565341175,0.6370066354802687,0.010285714285714285
AUDI,TT COUPE QUATTRO,93UA-TTS,0,Car,3625,265,"2-Wheel Drive, Front",1.984,6,3.44,41.0,37.0,0.35,0.0164,164.5841997646385,3.482635928196973,0.3650375116476018,1644.2723412500002,16124.803355319313,0.6255634025075694,0.010206896551724137
AUDI,TT COUPE QUATTRO,93UA-TTS,1,Car,3750,265,"2-Wheel Drive, Front",1.984,6,3.44,41.0,38.0,0.35,0.0174,169.03242137989898,3.482635928196973,0.3872958965041628,1700.9713875,16680.831057226875,0.6637075124165673,0.010133333333333333
AUDI,TTRS,C3UK-AMQ,0,Car,3750,360,"2-Wheel Drive, Front",2.48,6,2.91,38.1,39.342,0.28937,0.020196,175.00193478757856,2.879343881549595,0.44953034056310753,1700.9713875,16680.831057226875,0.770358443722126,0.0104912
AUDI,TTRS,C3UK-AMQ,0,Car,3750,360,"2-Wheel Drive, Front",2.48,6,2.91,38.1,43.276,0.31831,0.022215,192.5012386220134,3.167308120869653,0.4944700195885044,1700.9713875,16680.831057226875,0.8473714016283933,0.011540266666666667
BENTLEY,Continental GT,D3UJ-BY62,0,Car,6000,500,All Wheel Drive,3.993,8,2.85,23.4,60.339,0.05372,0.024328,268.4012440432033,0.534534863036404,0.5415019867904179,2721.55422,26689.329691562998,0.9279699058661064,0.0100565
BENTLEY,Continental GT,D3UJ-BY62,0,Car,6000,500,All Wheel Drive,3.993,8,2.85,23.4,54.853,0.04883,0.022116,243.9983002618842,0.4858774639253091,0.4922664394877049,2721.55422,26689.329691562998,0.8435951347474026,0.009142166666666666
BENTLEY,Continental GT,D3UJ-BY62,1,Car,5500,500,All Wheel Drive,3.993,8,2.85,23.4,52.156,0.04883,0.02136,232.0014465655266,0.4858774639253091,0.4754391005361447,2494.7580350000003,24465.21888393275,0.8147581876562,0.00948290909090909
BENTLEY,Continental GT,D3UJ-BY62,1,Car,5500,500,All Wheel Drive,3.993,8,2.85,23.4,57.371,0.05372,0.023495,255.19892228911013,0.534534863036404,0.5229607522049026,2494.7580350000003,24465.21888393275,0.896195862311911,0.010431090909090909
VOLKSWAGEN,Beetle,VW 324 10003,0,Both,3375,200,"2-Wheel Drive, Front",1.984,6,3.09,34.3,31.698,0.13384,0.021825,140.99972876052732,1.3317599789425223,0.48578924949444563,1530.87424875,15012.747951504187,0.8324951987638842,0.009392
VOLKSWAGEN,Beetle,VW 324 10003,0,Both,3375,200,"2-Wheel Drive, Front",1.984,6,3.09,34.3,34.868,0.14722,0.024008,155.1005912809031,1.4648961752833096,0.5343793036363185,1530.87424875,15012.747951504187,0.9157637906952271,0.010331259259259259
VOLKSWAGEN,Beetle,VW 324 10003,1,Both,3500,200,"2-Wheel Drive, Front",1.984,6,3.09,34.3,33.047,0.13384,0.022582,147.00037971951372,1.3317599789425223,0.5026388468308624,1587.5732950000001,15568.77565341175,0.8613702899649958,0.009441999999999997
VOLKSWAGEN,Beetle,VW 324 10003,1,Both,3500,200,"2-Wheel Drive, Front",1.984,6,3.09,34.3,36.352,0.14722,0.02484,161.70175215794967,1.4648961752833096,0.5528982798369773,1587.5732950000001,15568.77565341175,0.9474996901395135,0.010386285714285712
VOLKSWAGEN,Eos,VW465 00007,0,Both,3500,200,"2-Wheel Drive, Front",1.984,6,3.14,32.4,28.551,0.20546,0.016762,127.00117533730251,2.044406793735286,0.3730950469656768,1587.5732950000001,15568.77565341175,0.6393715702946265,0.008157428571428569
VOLKSWAGEN,Eos,VW465 00007,0,Both,3500,200,"2-Wheel Drive, Front",1.984,6,3.14,32.4,31.406,0.226,0.018438,139.70084804887125,2.248787770778617,0.4104000999852732,1587.5732950000001,15568.77565341175,0.7033010985021074,0.008973142857142857
VOLKSWAGEN,Eos,VW465 790007/09,2,Both,3500,200,"2-Wheel Drive, Front",1.984,6,3.14,32.4,32.148,0.28937,0.020603,143.00142848739455,2.879343881549595,0.45858950319972797,1587.5732950000001,15568.77565341175,0.7858830964550885,0.009185142857142857
VOLKSWAGEN,Eos,VW465 790007/09,2,Both,3500,200,"2-Wheel Drive, Front",1.984,6,3.14,32.4,35.362,0.31831,0.022663,157.2980127588418,3.167308120869653,0.5044417760042438,1587.5732950000001,15568.77565341175,0.8644599628676246,0.01010342857142857
VOLKSWAGEN,Eos,VW465 790007/09,3,Both,3625,200,"2-Wheel Drive, Front",1.984,6,3.14,32.4,33.272,0.28937,0.02136,148.00122958294733,2.879343881549595,0.4754391005361447,1644.2723412500002,16124.803355319313,0.8147581876562,0.009178482758620689
VOLKSWAGEN,Golf R,C3UA-GMA,0,Both,3625,256,All Wheel Drive,1.984,6,3.27,40.8,37.543,0.28937,0.020079,166.99958410172493,2.879343881549595,0.44692610953489,1644.2723412500002,16124.803355319313,0.7658955828627735,0.010356689655172413
VOLKSWAGEN,Golf R,C3UA-GMA,0,Both,3625,256,All Wheel Drive,1.984,6,3.27,40.8,41.297,0.31831,0.022087,183.69820804541283,3.167308120869653,0.49162094632686454,1644.2723412500002,16124.803355319313,0.8424889555600416,0.011392275862068963
Volkswagen,GTI,83PA-AAF,5,Car,3375,200,"2-Wheel Drive, Front",1.984,6,3.14,40.7,29.0,0.205,0.0168,128.9984268425545,2.0398296150867985,0.37394086559022616,1530.87424875,15012.747951504187,0.6408210464711686,0.008592592592592593
Volkswagen,GTI,83UA-AAF,5,Car,3375,200,"2-Wheel Drive, Front",1.984,6,3.14,40.7,29.0,0.205,0.0168,128.9984268425545,2.0398296150867985,0.37394086559022616,1530.87424875,15012.747951504187,0.6408210464711686,0.008592592592592593
VOLKSWAGEN,Jetta,VW361 00379,0,Both,3500,200,"2-Wheel Drive, Front",1.984,6,2.92,32.9,30.124,0.19533,0.018566,133.99822793810728,1.9436093595848993,0.413249173246913,1587.5732950000001,15568.77565341175,0.7081835445704592,0.00860685714285714
VOLKSWAGEN,Jetta,VW361 00379,0,Both,3500,200,"2-Wheel Drive, Front",1.984,6,2.92,32.9,33.137,0.21486,0.020423,147.4007196648872,2.1379404443782906,0.45458299392554696,1587.5732950000001,15568.77565341175,0.7790171566714688,0.009467714285714286
VOLKSWAGEN,TIGUAN,VW416 80218,0,Car,3875,200,"2-Wheel Drive, Front",1.984,6,3.3,38.5,41.0,0.147,0.0272,182.37708622568047,1.4627070898427288,0.6054280680984614,1757.67043375,17236.858759134437,1.037519789524749,0.010580645161290321
VOLKSWAGEN,TIGUAN,VW416 80218,0,Car,3875,200,"2-Wheel Drive, Front",1.984,6,3.3,38.5,37.0,0.134,0.0247,164.5841997646385,1.333352041081127,0.5497821059570588,1757.67043375,17236.858759134437,0.9421595147522539,0.009548387096774195
Azure Dynamics,Transit Connect Electric,Connect4,1,Truck,4250,70,"2-Wheel Drive, Front",0.001,1,8.28,999.9,33.83,0.1242,0.03132,150.48333724426269,1.2358382350916115,0.697132613707493,1927.7675725000001,18904.941864857126,1.1946735223498213,0.007959999999999998
BENTLEY,Continental GT,BY77623/13,0,Car,6000,616,"2-Wheel Drive, Front",5.998,8,2.85,24.9,54.853,0.04883,0.022116,243.9983002618842,0.4858774639253091,0.4922664394877049,2721.55422,26689.329691562998,0.8435951347474026,0.009142166666666666
BENTLEY,Continental GT,BY77623/13,0,Car,6000,616,"2-Wheel Drive, Front",5.998,8,2.85,24.9,60.339,0.05372,0.024328,268.4012440432033,0.534534863036404,0.5415019867904179,2721.55422,26689.329691562998,0.9279699058661064,0.0100565
BENTLEY,Continental GT,BY77623/13,1,Car,5500,616,"2-Wheel Drive, Front",5.998,8,2.85,24.9,52.156,0.04883,0.02136,232.0014465655266,0.4858774639253091,0.4754391005361447,2494.7580350000003,24465.21888393275,0.8147581876562,0.00948290909090909
BENTLEY,Continental GT,BY77623/13,2,Car,6000,616,"2-Wheel Drive, Front",5.998,8,2.85,24.9,54.853,0.04883,0.022116,243.9983002618842,0.4858774639253091,0.4922664394877049,2721.55422,26689.329691562998,0.8435951347474026,0.009142166666666666
BENTLEY,Continental GT,BY77623/13,2,Car,6000,616,"2-Wheel Drive, Front",5.998,8,2.85,24.9,60.339,0.05372,0.024328,268.4012440432033,0.534534863036404,0.5415019867904179,2721.55422,26689.329691562998,0.9279699058661064,0.0100565
BENTLEY,Continental GT,BY77623/13,3,Car,5500,616,"2-Wheel Drive, Front",5.998,8,2.85,24.9,52.156,0.04883,0.02136,232.0014465655266,0.4858774639253091,0.4754391005361447,2494.7580350000003,24465.21888393275,0.8147581876562,0.00948290909090909
BENTLEY,Continental Supersports,BY61021,0,Car,6000,621,"2-Wheel Drive, Front",5.998,6,3.53,30.4,51.5,0.4196,0.01926,229.08341318591573,4.175182958489857,0.42869649233736645,2721.55422,26689.329691562998,0.734655556847304,0.008583333333333333
BENTLEY,Continental Supersports,BY61021,0,Car,6000,621,"2-Wheel Drive, Front",5.998,6,3.53,30.4,56.6,0.4616,0.02119,251.7693434237443,4.593099269873495,0.47165517511052935,2721.55422,26689.329691562998,0.8082736889716704,0.009433333333333334
BENTLEY,Continental Supersports,BY61021,1,Car,6000,621,"2-Wheel Drive, Front",5.998,6,3.53,30.4,49.7,0.2604,0.0202,221.07661427844684,2.5910811305785484,0.44961937410253383,2721.55422,26689.329691562998,0.7705110201617622,0.008283333333333334
BENTLEY,Continental Supersports,BY61021,2,Car,5500,621,"2-Wheel Drive, Front",5.998,6,3.53,30.4,49.7,0.2604,0.0202,221.07661427844684,2.5910811305785484,0.44961937410253383,2494.7580350000003,24465.21888393275,0.7705110201617622,0.009036363636363636
BENTLEY,Continental Supersports,BY61021,4,Car,6000,621,"2-Wheel Drive, Front",5.998,6,3.53,30.4,56.6,0.4616,0.02119,251.7693434237443,4.593099269873495,0.47165517511052935,2721.55422,26689.329691562998,0.8082736889716704,0.009433333333333334
BENTLEY,Continental Supersports,BY61021,4,Car,6000,621,"2-Wheel Drive, Front",5.998,6,3.53,30.4,51.5,0.4196,0.01926,229.08341318591573,4.175182958489857,0.42869649233736645,2721.55422,26689.329691562998,0.734655556847304,0.008583333333333333
BENTLEY,Continental Supersports,BY61021,5,Car,6000,621,"2-Wheel Drive, Front",5.998,6,3.53,30.4,49.7,0.2604,0.0202,221.07661427844684,2.5910811305785484,0.44961937410253383,2721.55422,26689.329691562998,0.7705110201617622,0.008283333333333334
BENTLEY,Continental Supersports,BY61021,6,Car,5500,621,"2-Wheel Drive, Front",5.998,6,3.53,30.4,49.7,0.2604,0.0202,221.07661427844684,2.5910811305785484,0.44961937410253383,2494.7580350000003,24465.21888393275,0.7705110201617622,0.009036363636363636
Bentley,Mulsanne,15113,1,Car,6500,505,"2-Wheel Drive, Rear",6.8,8,2.92,22.3,69.916,0.13022,0.02101,311.0018624525531,1.2957395730565995,0.46764866583634834,2948.350405,28913.44049919325,0.8014077491880507,0.010756307692307692
Bentley,Mulsanne,15113,1,Car,6500,505,"2-Wheel Drive, Rear",6.8,8,2.92,22.3,76.907,0.14324,0.02311,342.0993797648392,1.425293629585527,0.5143912740351266,2948.350405,28913.44049919325,0.8815103799969468,0.011831846153846153
BMW,128i,VF06008,2,Both,3500,230,"2-Wheel Drive, Rear",3.0,6,3.23,37.8,32.8,0.118,0.01752,145.90166898054437,1.1741458272206937,0.38996690268695017,1587.5732950000001,15568.77565341175,0.6682848056056472,0.009371428571428569
BMW,128i,VF08014,0,Both,3625,230,"2-Wheel Drive, Rear",3.0,6,3.73,34.5,37.5,0.065,0.01835,166.80831057226874,0.6467752438080093,0.4084413621178959,1644.2723412500002,16124.803355319313,0.6999444168301158,0.010344827586206896
BMW,128i,VF45602,0,Car,3500,230,"2-Wheel Drive, Rear",3.0,6,3.23,37.8,33.4,0.118,0.01755,148.5706019497007,1.1741458272206937,0.390634654232647,1587.5732950000001,15568.77565341175,0.6694291289029172,0.009542857142857141
BMW,128i,VF47604,2,Car,3625,230,"2-Wheel Drive, Rear",3.0,6,3.73,34.7,38.1,0.065,0.01839,169.47724354142505,0.6467752438080093,0.4093316975121583,1644.2723412500002,16124.803355319313,0.7014701812264756,0.010510344827586207
BMW,128i Convertible,VF06008,1,Both,3750,230,"2-Wheel Drive, Rear",3.0,6,3.23,37.8,34.6,0.118,0.01927,153.9084678880133,1.1741458272206937,0.428919076185932,1700.9713875,16680.831057226875,0.7350369979463939,0.009226666666666666
BMW,128i Convertible,VF08014,1,Both,3875,230,"2-Wheel Drive, Rear",3.0,6,3.73,34.5,39.3,0.065,0.02009,174.81510947973763,0.6467752438080093,0.4471709517683121,1757.67043375,17236.858759134437,0.7663151680717724,0.010141935483870967
BMW,128i Convertible,VF45602,1,Car,3750,230,"2-Wheel Drive, Rear",3.0,6,3.23,37.8,34.6,0.118,0.0193,153.9084678880133,1.1741458272206937,0.4295868277316289,1700.9713875,16680.831057226875,0.7361813212436639,0.009226666666666666
BMW,128i Convertible,VF47604,1,Car,3875,230,"2-Wheel Drive, Rear",3.0,6,3.73,34.7,39.3,0.065,0.02009,174.81510947973763,0.6467752438080093,0.4471709517683121,1757.67043375,17236.858759134437,0.7663151680717724,0.010141935483870967
BMW,135i,A745500,0,Both,3625,300,"2-Wheel Drive, Rear",3.0,6,3.08,36.4,38.8,0.117,0.01864,172.59099867210736,1.164195438854417,0.41489629372629855,1644.2723412500002,16124.803355319313,0.7110062087037251,0.010703448275862067
BMW,135i,VM08900,0,Both,3750,300,"2-Wheel Drive, Rear",3.0,7,2.56,35.8,35.9,0.461,0.01388,159.69115598785194,4.587129036853728,0.3089463818090678,1700.9713875,16680.831057226875,0.5294402455368941,0.009573333333333333
BMW,135i,VM08900,2,Both,3750,300,"2-Wheel Drive, Rear",3.0,7,2.56,35.8,35.9,0.461,0.01388,159.69115598785194,4.587129036853728,0.3089463818090678,1700.9713875,16680.831057226875,0.5294402455368941,0.009573333333333333
BMW,135i Convertible,A745500,6,Both,4000,300,"2-Wheel Drive, Rear",3.0,6,3.08,36.4,40.2,0.117,0.01823,178.8185089334721,1.164195438854417,0.40577035593510846,1814.36948,17792.886461042,0.6953671236410358,0.01005
BMW,135i Convertible,VM08900,1,Both,4000,300,"2-Wheel Drive, Rear",3.0,7,2.56,35.8,37.3,0.461,0.01451,165.9186662492166,4.587129036853728,0.3229691642687013,1814.36948,17792.886461042,0.5534710347795628,0.009324999999999998
BMW,135i Convertible,VM08900,3,Both,4000,300,"2-Wheel Drive, Rear",3.0,7,2.56,35.8,37.3,0.461,0.01451,165.9186662492166,4.587129036853728,0.3229691642687013,1814.36948,17792.886461042,0.5534710347795628,0.009324999999999998
BMW,320i,F078107,0,Car,3500,181,"2-Wheel Drive, Rear",2.0,6,3.1,34.0,33.2,0.11,0.01588,147.6809576266486,1.0945427202904774,0.35346315152219,1587.5732950000001,15568.77565341175,0.6057284653548903,0.009485714285714285
BMW,320i,F078107,3,Car,3500,181,"2-Wheel Drive, Rear",2.0,6,3.1,34.0,28.7,0.114,0.01627,127.66396035797634,1.1343442737555858,0.36214392161624875,1587.5732950000001,15568.77565341175,0.6206046682193995,0.008199999999999999
BMW,320i,FX99511,0,Both,3625,181,"2-Wheel Drive, Rear",2.0,8,3.2,28.0,46.2,-0.334,0.02027,205.5078386250351,-3.32342971433654,0.4511774610424931,1644.2723412500002,16124.803355319313,0.7731811078553921,0.012744827586206897
BMW,320i,FX99511,1,Both,3625,181,"2-Wheel Drive, Rear",2.0,8,3.2,28.0,42.1,-0.347,0.02084,187.27013000246703,-3.452784763098142,0.46386474041073295,1644.2723412500002,16124.803355319313,0.794923250503521,0.011613793103448275
BMW,320i,FX99511,2,Car,3625,181,"2-Wheel Drive, Rear",2.0,8,3.2,28.0,42.1,-0.347,0.02084,187.27013000246703,-3.452784763098142,0.46386474041073295,1644.2723412500002,16124.803355319313,0.794923250503521,0.011613793103448275
BMW,320i,FX99511,3,Both,3625,181,"2-Wheel Drive, Rear",2.0,8,3.2,28.0,46.2,-0.334,0.02027,205.5078386250351,-3.32342971433654,0.4511774610424931,1644.2723412500002,16124.803355319313,0.7731811078553921,0.012744827586206897
BMW,320i xDrive,F078107,4,Both,3500,181,"2-Wheel Drive, Rear",2.0,6,3.15,34.2,35.4,0.098,0.01724,157.46704518022167,0.9751380598951526,0.38373455492711306,1587.5732950000001,15568.77565341175,0.6576044548311277,0.010114285714285713
BMW,320i xDrive,F078107,5,Both,3500,181,"2-Wheel Drive, Rear",2.0,6,3.15,34.2,39.9,0.094,0.0168,177.48404244889392,0.9353365064300442,0.37394086559022616,1587.5732950000001,15568.77565341175,0.6408210464711686,0.011399999999999997
BMW,320i xDrive,FX99510,0,Both,3750,181,"2-Wheel Drive, Rear",2.0,8,3.15,28.0,46.5,-0.345,0.02188,206.84230510961322,-3.432883986365588,0.4870134606615565,1700.9713875,16680.831057226875,0.834593124808879,0.012399999999999998
BMW,320i xDrive,FX99510,1,Both,3750,181,"2-Wheel Drive, Rear",2.0,8,3.15,28.0,46.5,-0.345,0.02188,206.84230510961322,-3.432883986365588,0.4870134606615565,1700.9713875,16680.831057226875,0.834593124808879,0.012399999999999998
BMW,320i xDrive,FX99510,2,Both,3750,181,"2-Wheel Drive, Rear",2.0,8,3.15,28.0,50.7,-0.331,0.02127,225.52483589370735,-3.293578549237709,0.4734358458990542,1700.9713875,16680.831057226875,0.8113252177643901,0.01352
BMW,320i xDrive,FX99510,3,Both,3750,181,"2-Wheel Drive, Rear",2.0,8,3.15,28.0,50.7,-0.331,0.02127,225.52483589370735,-3.293578549237709,0.4734358458990542,1700.9713875,16680.831057226875,0.8113252177643901,0.01352
BMW,328Ci,PU87089,9,Both,3625,230,"2-Wheel Drive, Rear",3.0,6,3.23,38.0,38.0,0.121,0.01729,169.03242137989898,1.2039969923195248,0.3848474741699411,1644.2723412500002,16124.803355319313,0.6595116603265776,0.010482758620689654
BMW,328Ci,PU87089,10,Both,3625,230,"2-Wheel Drive, Rear",3.0,6,3.23,38.0,34.2,0.122,0.01671,152.1291792419091,1.2139473806858019,0.37193761095313566,1644.2723412500002,16124.803355319313,0.6373880765793587,0.00943448275862069
BMW,328Ci Convertible,AC79601,10,Car,4000,230,"2-Wheel Drive, Rear",3.0,6,3.38,39.6,41.6,0.121,0.01712,185.0460191948368,1.2039969923195248,0.38106354874432574,1814.36948,17792.886461042,0.653027161642048,0.0104
BMW,328Ci Convertible,AC79601,11,Car,4000,230,"2-Wheel Drive, Rear",3.0,6,3.38,39.7,38.7,0.121,0.01671,172.14617651058134,1.2039969923195248,0.37193761095313566,1814.36948,17792.886461042,0.6373880765793587,0.009675
BMW,328CiA Convertible,KX63709,2,Car,4250,230,"2-Wheel Drive, Rear",3.0,6,3.91,36.6,46.3,0.069,0.01793,205.95266078656113,0.6865767972731176,0.39909284047814025,1927.7675725000001,18904.941864857126,0.6839238906683366,0.010894117647058821
BMW,328CiA Convertible,KX63709,5,Car,4250,230,"2-Wheel Drive, Rear",3.0,6,3.91,36.6,43.4,0.069,0.01759,193.05281810230568,0.6865767972731176,0.3915249896269095,1927.7675725000001,18904.941864857126,0.6709548932992773,0.01021176470588235
BMW,328i,A696623,1,Car,3750,240,"2-Wheel Drive, Rear",2.0,8,3.15,57.4,42.9,-0.347,0.02168,190.82870729467544,-3.452784763098142,0.4825617836902443,1700.9713875,16680.831057226875,0.8269643028270794,0.011439999999999999
BMW,328i,A696623,2,Car,3750,240,"2-Wheel Drive, Rear",2.0,8,3.15,57.4,47.2,-0.334,0.02107,209.95606024029559,-3.32342971433654,0.468984168927742,1700.9713875,16680.831057226875,0.8036963957825906,0.012586666666666666
BMW,328i,AC79601,13,Car,3625,230,"2-Wheel Drive, Rear",3.0,6,3.23,38.1,34.2,0.122,0.01671,152.1291792419091,1.2139473806858019,0.37193761095313566,1644.2723412500002,16124.803355319313,0.6373880765793587,0.00943448275862069
BMW,328i,AC79601,14,Car,3625,230,"2-Wheel Drive, Rear",3.0,6,3.23,37.9,38.2,0.121,0.01729,169.9220657029511,1.2039969923195248,0.3848474741699411,1644.2723412500002,16124.803355319313,0.6595116603265776,0.010537931034482759
BMW,328i,CM30000,0,Both,3875,230,"2-Wheel Drive, Rear",3.0,6,3.91,37.6,49.2,0.21,0.0177,218.8525034708166,2.089581556918184,0.39397341196113117,1757.67043375,17236.858759134437,0.6751507453892669,0.012696774193548388
BMW,328i,CM30000,3,Both,3875,230,"2-Wheel Drive, Rear",3.0,6,3.91,37.6,42.5,0.211,0.01759,189.04941864857125,2.0995319452844607,0.3915249896269095,1757.67043375,17236.858759134437,0.6709548932992773,0.01096774193548387
BMW,328i,FJ88502,0,Car,3750,241,"2-Wheel Drive, Rear",2.0,8,3.15,28.1,43.1,-0.347,0.02163,191.71835161772754,-3.452784763098142,0.4814488644474162,1700.9713875,16680.831057226875,0.8250570973316295,0.011493333333333333
BMW,328i,FJ88502,1,Car,3750,241,"2-Wheel Drive, Rear",2.0,8,3.15,28.0,47.4,-0.334,0.02102,210.84570456334768,-3.32342971433654,0.46787124968491395,1700.9713875,16680.831057226875,0.8017891902871407,0.012639999999999998
BMW,328i,FJ89500,0,Car,3625,241,"2-Wheel Drive, Rear",2.0,6,3.15,28.1,31.0,0.102,0.0172,137.89487007307548,1.0149396133602606,0.3828442195328506,1644.2723412500002,16124.803355319313,0.6560786904347677,0.008551724137931033
BMW,328i,FJ89500,1,Car,3625,241,"2-Wheel Drive, Rear",2.0,6,3.15,28.0,35.5,0.098,0.01676,157.91186734174775,0.9751380598951526,0.37305053019596374,1644.2723412500002,16124.803355319313,0.6392952820748087,0.009793103448275862
BMW,328i,KX63709,0,Car,3750,230,"2-Wheel Drive, Rear",3.0,6,3.73,35.0,42.9,0.069,0.01805,190.82870729467544,0.6865767972731176,0.40176384666092757,1700.9713875,16680.831057226875,0.6885011838574163,0.011439999999999999
BMW,328i,KX63709,1,Car,3750,230,"2-Wheel Drive, Rear",3.0,6,3.73,35.0,38.7,0.069,0.01747,172.14617651058134,0.6865767972731176,0.3888539834441221,1700.9713875,16680.831057226875,0.6663776001101973,0.01032
BMW,328i,KX70000,0,Both,3750,230,"2-Wheel Drive, Rear",3.0,6,3.73,34.9,38.7,0.069,0.01747,172.14617651058134,0.6865767972731176,0.3888539834441221,1700.9713875,16680.831057226875,0.6663776001101973,0.01032
BMW,328i,KX70000,1,Both,3750,230,"2-Wheel Drive, Rear",3.0,6,3.73,34.8,42.9,0.069,0.01805,190.82870729467544,0.6865767972731176,0.40176384666092757,1700.9713875,16680.831057226875,0.6885011838574163,0.011439999999999999
BMW,328i,KX70000,4,Both,4250,230,"2-Wheel Drive, Rear",3.0,6,3.91,36.5,43.4,0.069,0.01759,193.05281810230568,0.6865767972731176,0.3915249896269095,1927.7675725000001,18904.941864857126,0.6709548932992773,0.01021176470588235
BMW,328i,KX70000,5,Both,4250,230,"2-Wheel Drive, Rear",3.0,6,3.91,36.5,46.3,0.069,0.01793,205.95266078656113,0.6865767972731176,0.39909284047814025,1927.7675725000001,18904.941864857126,0.6839238906683366,0.010894117647058821
BMW,328i,PU87089,6,Both,3875,230,"2-Wheel Drive, Rear",3.0,6,3.38,39.8,44.3,0.169,0.01863,197.0562175560401,1.6816156339008244,0.414673709877733,1757.67043375,17236.858759134437,0.7106247676046352,0.011432258064516128
BMW,328i,PU87089,7,Both,4000,230,"2-Wheel Drive, Rear",3.0,6,3.38,39.7,41.6,0.121,0.01712,185.0460191948368,1.2039969923195248,0.38106354874432574,1814.36948,17792.886461042,0.653027161642048,0.0104
BMW,328i,PU87089,8,Both,4000,230,"2-Wheel Drive, Rear",3.0,6,3.38,39.7,38.7,0.121,0.01671,172.14617651058134,1.2039969923195248,0.37193761095313566,1814.36948,17792.886461042,0.6373880765793587,0.009675
BMW,328i xDrive,A696623,3,Car,3875,240,All Wheel Drive,2.0,8,3.15,34.4,47.5,-0.345,0.02249,211.29052672487373,-3.432883986365588,0.5005910754240587,1757.67043375,17236.858759134437,0.8578610318533678,0.012258064516129031
BMW,328i xDrive,A696623,4,Car,3875,240,All Wheel Drive,2.0,8,3.15,34.4,47.5,-0.345,0.02249,211.29052672487373,-3.432883986365588,0.5005910754240587,1757.67043375,17236.858759134437,0.8578610318533678,0.012258064516129031
BMW,328i xDrive,A696623,5,Car,3875,240,All Wheel Drive,2.0,8,3.15,35.6,51.8,-0.332,0.02185,230.41787967049387,-3.303528937603986,0.48634570911585967,1757.67043375,17236.858759134437,0.8334488015116092,0.01336774193548387
BMW,328i xDrive,A696623,6,Car,3875,240,All Wheel Drive,2.0,8,3.15,35.6,51.8,-0.332,0.02185,230.41787967049387,-3.303528937603986,0.48634570911585967,1757.67043375,17236.858759134437,0.8334488015116092,0.01336774193548387
BMW,328xi,AC79601,8,Car,3875,230,4-Wheel Drive,3.0,6,3.38,40.0,40.0,0.169,0.01805,177.92886461042,1.6816156339008244,0.40176384666092757,1757.67043375,17236.858759134437,0.6885011838574163,0.01032258064516129
BMW,328xi,AC79601,9,Car,3875,230,4-Wheel Drive,3.0,6,3.38,39.8,43.8,0.169,0.01863,194.83210674840987,1.6816156339008244,0.414673709877733,1757.67043375,17236.858759134437,0.7106247676046352,0.011303225806451612
BMW,328xi,B996002,0,Both,3875,230,"2-Wheel Drive, Rear",3.0,6,3.38,40.0,38.0,0.318,0.01665,169.03242137989898,3.164223500476107,0.370602107861742,1757.67043375,17236.858759134437,0.6350994299848188,0.009806451612903225
BMW,328xiA,KX63709,3,Car,3875,230,4-Wheel Drive,3.0,6,3.91,36.6,48.3,0.116,0.01945,214.8491040170821,1.1542450504881399,0.432925585460113,1757.67043375,17236.858759134437,0.7419029377300136,0.012464516129032257
BMW,328xiA,KX63709,4,Car,3875,230,4-Wheel Drive,3.0,6,3.91,36.6,44.5,0.117,0.01887,197.94586187909223,1.164195438854417,0.42001572224330763,1757.67043375,17236.858759134437,0.7197793539827947,0.011483870967741935
BMW,335Ci,A745500,3,Both,3875,300,"2-Wheel Drive, Rear",3.0,6,3.08,36.1,39.7,0.118,0.01636,176.59439812584185,1.1741458272206937,0.36414717625333926,1757.67043375,17236.858759134437,0.6240376381112093,0.010245161290322581
BMW,335Ci Convertible,A745000,0,Both,4250,300,"2-Wheel Drive, Rear",3.0,6,3.46,33.1,43.6,0.088,0.01738,193.9424624253578,0.8756341762323818,0.3868507288070316,1927.7675725000001,18904.941864857126,0.6629446302183875,0.010258823529411765
BMW,335Ci Convertible,A745500,5,Both,4250,300,"2-Wheel Drive, Rear",3.0,6,3.15,36.9,42.0,0.118,0.01705,186.82530784094098,1.1741458272206937,0.3795054618043664,1927.7675725000001,18904.941864857126,0.650357073948418,0.009882352941176469
BMW,335Ci Convertible,AZ87685,2,Car,4250,300,"2-Wheel Drive, Rear",3.0,6,3.08,37.1,39.3,0.133,0.017,174.81510947973763,1.3234016527148498,0.3783925425615384,1927.7675725000001,18904.941864857126,0.6484498684529683,0.00924705882352941
BMW,335Ci Convertible,AZ87685,3,Car,4250,300,"2-Wheel Drive, Rear",3.0,6,3.08,37.1,41.1,0.133,0.01788,182.82190838720655,1.3234016527148498,0.3979799212353121,1927.7675725000001,18904.941864857126,0.6820166851728865,0.009670588235294117
BMW,335Ci xDrive,A745000,4,Both,4000,300,"2-Wheel Drive, Rear",3.0,6,3.46,33.1,39.7,0.441,0.01427,176.59439812584185,4.388121269528186,0.3176271519031266,1814.36948,17792.886461042,0.5443164484014033,0.009925000000000002
BMW,335Ci xDrive,A745500,2,Both,4000,300,"2-Wheel Drive, Rear",3.0,6,3.08,36.1,42.2,0.218,0.01702,187.7149521639931,2.1691846638484003,0.3788377102586696,1814.36948,17792.886461042,0.6492127506511481,0.01055
BMW,335CiA,A745000,3,Both,3875,300,"2-Wheel Drive, Rear",3.0,6,3.46,33.1,41.4,0.088,0.01669,184.1563748717847,0.8756341762323818,0.3714924432560045,1757.67043375,17236.858759134437,0.6366251943811788,0.010683870967741935
BMW,335i,AZ87685,18,Car,3875,300,"2-Wheel Drive, Rear",3.0,6,3.08,37.1,36.9,0.132,0.01741,164.13937760311242,1.3134512643485727,0.3875184803527284,1757.67043375,17236.858759134437,0.6640889535156573,0.00952258064516129
BMW,335i,AZ87685,19,Car,3875,300,"2-Wheel Drive, Rear",3.0,6,3.08,37.1,38.2,0.132,0.01828,169.9220657029511,1.3134512643485727,0.4068832751779366,1757.67043375,17236.858759134437,0.6972743291364858,0.009858064516129033
BMW,335i,F077601,0,Both,3875,300,"2-Wheel Drive, Rear",3.0,6,3.23,36.4,34.5,0.09,0.01749,153.46364572648724,0.895534952964936,0.3892991511412533,1757.67043375,17236.858759134437,0.6671404823083772,0.008903225806451613
BMW,335i,F077601,1,Both,3875,300,"2-Wheel Drive, Rear",3.0,6,3.23,36.3,36.4,0.091,0.01766,161.91526679548218,0.9054853413312131,0.3930830765668687,1757.67043375,17236.858759134437,0.6736249809929069,0.009393548387096773
BMW,335i,FX59502,0,Both,3875,300,"2-Wheel Drive, Rear",3.0,8,3.08,27.4,45.2,-0.347,0.0219,201.0596170097746,-3.452784763098142,0.48745862835868764,1757.67043375,17236.858759134437,0.8353560070070589,0.011664516129032259
BMW,335i,FX59502,1,Both,3875,300,"2-Wheel Drive, Rear",3.0,8,3.08,27.3,47.1,-0.347,0.02207,209.51123807876954,-3.452784763098142,0.4912425537843031,1757.67043375,17236.858759134437,0.8418405056915887,0.012154838709677419
BMW,335i xDrive,F077601,3,Both,4000,300,"2-Wheel Drive, Rear",3.0,6,3.23,36.4,38.8,0.168,0.0176,172.59099867210736,1.6716652455345473,0.39174757347547506,1814.36948,17792.886461042,0.6713363343983672,0.009699999999999999
BMW,335i xDrive,FX59502,2,Both,4000,300,"2-Wheel Drive, Rear",3.0,8,3.08,27.4,49.5,-0.345,0.02276,220.18696995539474,-3.432883986365588,0.5066008393353302,1814.36948,17792.886461042,0.8681599415287973,0.012375
BMW,335i xDrive,FX59502,3,Both,4000,300,"2-Wheel Drive, Rear",3.0,8,3.08,27.4,51.4,-0.345,0.02293,228.63859102438968,-3.432883986365588,0.5103847647609456,1814.36948,17792.886461042,0.8746444402133271,0.01285
BMW,335i xDrive,FX59502,4,Both,4000,300,"2-Wheel Drive, Rear",3.0,8,3.08,27.4,49.5,-0.345,0.02276,220.18696995539474,-3.432883986365588,0.5066008393353302,1814.36948,17792.886461042,0.8681599415287973,0.012375
BMW,335i xDrive,FX59502,5,Both,4000,300,"2-Wheel Drive, Rear",3.0,8,3.08,27.4,51.4,-0.345,0.02293,228.63859102438968,-3.432883986365588,0.5103847647609456,1814.36948,17792.886461042,0.8746444402133271,0.01285
BMW,335is Convertible,P157025,4,Car,4250,320,"2-Wheel Drive, Rear",3.0,7,2.56,35.5,39.3,0.48,0.01399,174.81510947973763,4.776186415812991,0.3113948041432895,1927.7675725000001,18904.941864857126,0.5336360976268838,0.00924705882352941
BMW,335is Convertible,P157025,7,Car,4250,320,"2-Wheel Drive, Rear",3.0,7,2.56,35.5,39.3,0.48,0.01399,174.81510947973763,4.776186415812991,0.3113948041432895,1927.7675725000001,18904.941864857126,0.5336360976268838,0.00924705882352941
BMW,335is Coupe,P157025,5,Car,3875,320,"2-Wheel Drive, Rear",3.0,7,2.56,35.5,36.4,0.48,0.01325,161.91526679548218,4.776186415812991,0.2949235993494343,1757.67043375,17236.858759134437,0.5054094562942252,0.009393548387096773
BMW,335is Coupe,P157025,6,Car,3875,320,"2-Wheel Drive, Rear",3.0,7,2.56,35.5,36.4,0.48,0.01325,161.91526679548218,4.776186415812991,0.2949235993494343,1757.67043375,17236.858759134437,0.5054094562942252,0.009393548387096773
BMW,528i,C593806,0,Car,4000,241,"2-Wheel Drive, Rear",2.0,8,3.23,27.8,47.8,-0.357,0.02189,212.62499320945187,-3.5522886467609127,0.4872360445101221,1814.36948,17792.886461042,0.834974565907969,0.011949999999999999
BMW,528i,C593806,1,Car,4000,241,"2-Wheel Drive, Rear",2.0,8,3.23,27.9,51.2,-0.357,0.02187,227.7489467013376,-3.5522886467609127,0.4867908768129908,1814.36948,17792.886461042,0.834211683709789,0.0128
BMW,528i xDrive,C593806,2,Car,4250,241,All Wheel Drive,2.0,8,3.23,27.9,50.7,-0.302,0.02183,225.52483589370735,-3.0050172866156744,0.4859005414187284,1927.7675725000001,18904.941864857126,0.8326859193134292,0.011929411764705881
BMW,535i,C267652,2,Car,4250,300,"2-Wheel Drive, Rear",3.0,6,3.23,35.5,38.7,0.108,0.01912,172.14617651058134,1.074641943557923,0.4255803184574479,1927.7675725000001,18904.941864857126,0.7293153814600443,0.009105882352941175
BMW,535i,C267652,3,Car,4250,300,"2-Wheel Drive, Rear",3.0,6,3.23,35.5,36.7,0.108,0.0185,163.24973328006035,1.074641943557923,0.41178011984637997,1927.7675725000001,18904.941864857126,0.7056660333164653,0.008635294117647059
BMW,535i,C800682,0,Car,4500,300,"2-Wheel Drive, Rear",3.0,8,3.08,26.6,45.2,-0.211,0.02178,201.0596170097746,-2.0995319452844607,0.4847876221759004,2041.165665,20016.99726867225,0.8307787138179793,0.010044444444444444
BMW,535i,C800682,3,Car,4500,300,"2-Wheel Drive, Rear",3.0,8,3.08,26.7,47.3,-0.211,0.02241,210.40088240182163,-2.0995319452844607,0.49881040463553383,2041.165665,20016.99726867225,0.8548095030606481,0.01051111111111111
BMW,535i,C801916,0,Car,4500,300,"2-Wheel Drive, Rear",3.0,8,3.08,26.6,45.2,-0.211,0.02178,201.0596170097746,-2.0995319452844607,0.4847876221759004,2041.165665,20016.99726867225,0.8307787138179793,0.010044444444444444
BMW,535i,C801916,1,Car,4500,300,"2-Wheel Drive, Rear",3.0,8,3.08,26.7,47.3,-0.211,0.02241,210.40088240182163,-2.0995319452844607,0.49881040463553383,2041.165665,20016.99726867225,0.8548095030606481,0.01051111111111111
BMW,535i xDrive,C800682,4,Car,4500,300,"2-Wheel Drive, Rear",3.0,8,3.08,26.6,53.3,-0.279,0.02287,237.09021209338462,-2.7761583541913017,0.509049261669552,2041.165665,20016.99726867225,0.8723557936187873,0.011844444444444442
BMW,535i xDrive,C800682,5,Car,4500,300,"2-Wheel Drive, Rear",3.0,8,3.08,26.7,55.4,-0.279,0.0235,246.43147748543169,-2.7761583541913017,0.5230720441291854,2041.165665,20016.99726867225,0.896386582861456,0.01231111111111111
BMW,535i xDrive,C801916,2,Car,4500,300,"2-Wheel Drive, Rear",3.0,8,3.08,26.7,53.3,-0.279,0.02287,237.09021209338462,-2.7761583541913017,0.509049261669552,2041.165665,20016.99726867225,0.8723557936187873,0.011844444444444442
BMW,535i xDrive,C801916,3,Car,4500,300,"2-Wheel Drive, Rear",3.0,8,3.08,26.8,55.4,-0.279,0.0235,246.43147748543169,-2.7761583541913017,0.5230720441291854,2041.165665,20016.99726867225,0.896386582861456,0.01231111111111111
BMW,535i xDrive Gran Turismo,C994902,1,Car,5250,300,All Wheel Drive,3.0,8,3.08,25.7,59.9,-0.302,0.02559,266.4484747541039,-3.0050172866156744,0.5695920684793981,2381.3599425,23353.163480117626,0.9761077725712622,0.011409523809523809
BMW,535i xDrive Gran Turismo,C994902,2,Car,5250,300,All Wheel Drive,3.0,8,3.08,25.7,59.9,-0.302,0.02559,266.4484747541039,-3.0050172866156744,0.5695920684793981,2381.3599425,23353.163480117626,0.9761077725712622,0.011409523809523809
BMW,550i,C270008,0,Car,4750,400,"2-Wheel Drive, Rear",4.4,8,2.81,24.4,48.7,-0.161,0.0212,216.62839266318633,-1.6020125269706076,0.47187775895909495,2154.5637575,21129.052672487374,0.8086551300707604,0.010252631578947367
BMW,550i,C270008,1,Car,4750,400,"2-Wheel Drive, Rear",4.4,8,2.81,24.4,52.2,-0.161,0.02148,232.1971683165981,-1.6020125269706076,0.478110106718932,2154.5637575,21129.052672487374,0.8193354808452797,0.010989473684210526
BMW,550i,C271011,0,Car,4500,400,"2-Wheel Drive, Rear",4.4,6,3.08,34.9,41.8,0.175,0.01841,185.93566351788888,1.7413179640984866,0.40977686520928946,2041.165665,20016.99726867225,0.7022330634246554,0.009288888888888888
BMW,550i,C271011,1,Car,4500,400,"2-Wheel Drive, Rear",4.4,6,3.08,34.9,38.4,0.175,0.01814,170.81171002600317,1.7413179640984866,0.40376710129801796,2041.165665,20016.99726867225,0.691934153749226,0.008533333333333332
BMW,550i Gran Turismo,C996403,6,Car,5250,448,"2-Wheel Drive, Rear",4.4,8,2.81,23.6,55.8,-0.069,0.02319,248.21076613153588,-0.6865767972731176,0.5161719448236515,2381.3599425,23353.163480117626,0.8845619087896666,0.010628571428571426
BMW,550i Gran Turismo,C996403,7,Car,5250,448,"2-Wheel Drive, Rear",4.4,8,2.81,23.6,55.8,-0.069,0.02319,248.21076613153588,-0.6865767972731176,0.5161719448236515,2381.3599425,23353.163480117626,0.8845619087896666,0.010628571428571426
BMW,550i xDrive,C270008,2,Car,4750,400,"2-Wheel Drive, Rear",4.4,8,3.08,26.7,52.8,-0.145,0.02198,234.86610128575438,-1.4428063131101745,0.4892392991472126,2154.5637575,21129.052672487374,0.8384075357997789,0.01111578947368421
BMW,550i xDrive,C270008,3,Car,4750,400,"2-Wheel Drive, Rear",4.4,8,3.08,26.7,57.3,-0.14,0.0211,254.88309855442662,-1.3930543712787895,0.46965192047343884,2154.5637575,21129.052672487374,0.8048407190798605,0.012063157894736842
BMW,550i xDrive Gran Turismo,C996403,8,Car,5250,448,"2-Wheel Drive, Rear",4.4,8,2.81,23.6,65.3,-0.401,0.0273,290.4688714765106,-3.990105734877104,0.6076539065841176,2381.3599425,23353.163480117626,1.041334200515649,0.012438095238095236
BMW,550i xDrive Gran Turismo,C996403,9,Car,5250,448,"2-Wheel Drive, Rear",4.4,8,2.81,23.6,65.3,-0.401,0.0273,290.4688714765106,-3.990105734877104,0.6076539065841176,2381.3599425,23353.163480117626,1.041334200515649,0.012438095238095236
BMW,640i Convertible,C800682,8,Car,4500,300,"2-Wheel Drive, Rear",3.0,8,3.23,28.0,51.2,-0.37,0.02359,227.7489467013376,-3.681643695522515,0.5250752987662759,2041.165665,20016.99726867225,0.8998195527532659,0.011377777777777777
BMW,640i Convertible,C800682,9,Car,4500,300,"2-Wheel Drive, Rear",3.0,8,3.23,28.0,52.9,-0.37,0.02418,235.31092344728043,-3.681643695522515,0.538207745831647,2041.165665,20016.99726867225,0.9223245775995748,0.011755555555555554
BMW,640i Convertible,C801916,4,Car,4500,300,"2-Wheel Drive, Rear",3.0,8,3.23,27.9,51.2,-0.37,0.02359,227.7489467013376,-3.681643695522515,0.5250752987662759,2041.165665,20016.99726867225,0.8998195527532659,0.011377777777777777
BMW,640i Convertible,C801916,5,Car,4500,300,"2-Wheel Drive, Rear",3.0,8,3.23,28.0,52.9,-0.37,0.02418,235.31092344728043,-3.681643695522515,0.538207745831647,2041.165665,20016.99726867225,0.9223245775995748,0.011755555555555554
BMW,640i Coupe,C800682,6,Car,4250,300,"2-Wheel Drive, Rear",3.0,8,3.23,27.9,50.2,-0.37,0.02309,223.3007250860771,-3.681643695522515,0.5139461063379953,1927.7675725000001,18904.941864857126,0.8807474977987667,0.011811764705882353
BMW,640i Coupe,C800682,7,Car,4250,300,"2-Wheel Drive, Rear",3.0,8,3.23,28.0,52.1,-0.37,0.02368,231.75234615507205,-3.681643695522515,0.5270785534033664,1927.7675725000001,18904.941864857126,0.9032525226450756,0.012258823529411763
BMW,640i Coupe,C801916,6,Car,4250,300,"2-Wheel Drive, Rear",3.0,8,3.23,27.9,50.2,-0.37,0.02309,223.3007250860771,-3.681643695522515,0.5139461063379953,1927.7675725000001,18904.941864857126,0.8807474977987667,0.011811764705882353
BMW,640i Coupe,C801916,7,Car,4250,300,"2-Wheel Drive, Rear",3.0,8,3.23,28.0,50.2,-0.37,0.02368,223.3007250860771,-3.681643695522515,0.5270785534033664,1927.7675725000001,18904.941864857126,0.9032525226450756,0.011811764705882353
BMW,650i Convertible,DW20000,4,Car,4750,448,"2-Wheel Drive, Rear",4.4,8,2.81,23.6,50.1,-0.071,0.02175,222.85590292455103,-0.7064775740056717,0.4841198706302035,2154.5637575,21129.052672487374,0.8296343905207093,0.010547368421052632
BMW,650i Convertible,DW20000,5,Car,4750,448,"2-Wheel Drive, Rear",4.4,8,2.81,23.6,50.1,-0.071,0.02175,222.85590292455103,-0.7064775740056717,0.4841198706302035,2154.5637575,21129.052672487374,0.8296343905207093,0.010547368421052632
BMW,650i Coupe,DW20000,0,Car,4500,448,"2-Wheel Drive, Rear",4.4,8,2.81,23.6,49.1,-0.071,0.02131,218.40768130929055,-0.7064775740056717,0.47432618129331666,2041.165665,20016.99726867225,0.8128509821607501,0.010911111111111111
BMW,650i Coupe,DW20000,1,Car,4500,448,"2-Wheel Drive, Rear",4.4,8,2.81,23.6,49.1,-0.071,0.02131,218.40768130929055,-0.7064775740056717,0.47432618129331666,2041.165665,20016.99726867225,0.8128509821607501,0.010911111111111111
BMW,650i xDrive Coupe,DW20000,2,Car,4750,448,"2-Wheel Drive, Rear",4.4,8,2.81,23.6,60.2,-0.416,0.02295,267.7829412386821,-4.13936156037126,0.5108299324580768,2154.5637575,21129.052672487374,0.8754073224115071,0.012673684210526316
BMW,740Li,C994902,4,Car,4750,300,"2-Wheel Drive, Rear",3.0,8,3.08,25.7,50.7,-0.203,0.02183,225.52483589370735,-2.019928838354245,0.4859005414187284,2154.5637575,21129.052672487374,0.8326859193134292,0.010673684210526316
BMW,740Li,C994902,5,Car,4750,300,"2-Wheel Drive, Rear",3.0,8,3.08,25.7,50.7,-0.203,0.02183,225.52483589370735,-2.019928838354245,0.4859005414187284,2154.5637575,21129.052672487374,0.8326859193134292,0.010673684210526316
BMW,740Li xDrive,C994903,1,Car,4750,300,All Wheel Drive,3.0,8,3.08,25.7,58.4,-0.302,0.02183,259.7761423312132,-3.0050172866156744,0.4859005414187284,2154.5637575,21129.052672487374,0.8326859193134292,0.012294736842105263
BMW,740Li xDrive,C994903,6,Car,4750,300,All Wheel Drive,3.0,8,3.08,25.7,58.4,-0.302,0.02183,259.7761423312132,-3.0050172866156744,0.4859005414187284,2154.5637575,21129.052672487374,0.8326859193134292,0.012294736842105263
BMW,750i,C996403,0,Car,4750,448,"2-Wheel Drive, Rear",4.4,8,2.81,23.6,52.6,-0.069,0.02055,233.9764569627023,-0.6865767972731176,0.4574098088023302,2154.5637575,21129.052672487374,0.7838614586299114,0.011073684210526315
BMW,750i,C996403,1,Car,4750,448,"2-Wheel Drive, Rear",4.4,8,2.81,23.6,52.6,-0.069,0.02055,233.9764569627023,-0.6865767972731176,0.4574098088023302,2154.5637575,21129.052672487374,0.7838614586299114,0.011073684210526315
BMW,750Li,C996403,2,Car,5000,448,"2-Wheel Drive, Rear",4.4,8,2.81,23.6,53.1,-0.069,0.02056,236.20056777033253,-0.6865767972731176,0.45763239265089584,2267.96185,22241.1080763025,0.7842428997290015,0.01062
BMW,750Li,C996403,3,Car,5000,448,"2-Wheel Drive, Rear",4.4,8,2.81,23.6,53.1,-0.069,0.02056,236.20056777033253,-0.6865767972731176,0.45763239265089584,2267.96185,22241.1080763025,0.7842428997290015,0.01062
BMW,750Li xDrive,C996403,4,Car,5000,448,"2-Wheel Drive, Rear",4.4,8,2.81,23.6,63.6,-0.401,0.02504,282.9068947305678,-3.990105734877104,0.5573499568082895,2267.96185,22241.1080763025,0.9551285121213131,0.01272
BMW,750Li xDrive,C996403,5,Car,5000,448,"2-Wheel Drive, Rear",4.4,8,2.81,23.6,63.6,-0.401,0.02504,282.9068947305678,-3.990105734877104,0.5573499568082895,2267.96185,22241.1080763025,0.9551285121213131,0.01272
BMW,760Li,CY40013,3,Car,5250,535,"2-Wheel Drive, Rear",6.0,8,2.81,23.4,55.5,0.001,0.02041,246.87629964695773,0.009950388366277067,0.4542936349224117,2381.3599425,23353.163480117626,0.7785212832426518,0.01057142857142857
BMW,ActiveHybrid 3,F145016,0,Car,4000,300,"2-Wheel Drive, Rear",3.0,8,2.81,25.0,47.7,-0.278,0.02147,212.18017104792585,-2.766207965825025,0.4778875228703664,1814.36948,17792.886461042,0.8189540397461897,0.011925000000000002
BMW,ActiveHybrid 3,F145016,1,Car,4000,300,"2-Wheel Drive, Rear",3.0,8,2.81,25.0,43.3,-0.267,0.02046,192.60799594077963,-2.656753693795977,0.4554065541652397,1814.36948,17792.886461042,0.7804284887381016,0.010825
BMW,ActiveHybrid 5,C751520,0,Car,4750,300,"2-Wheel Drive, Rear",3.0,8,2.93,25.4,54.2,-0.231,0.02301,241.09361154711908,-2.2985397126100025,0.5121654355494705,2154.5637575,21129.052672487374,0.8776959690060468,0.011410526315789473
BMW,ActiveHybrid 5,C751520,0,Car,4750,300,"2-Wheel Drive, Rear",3.0,8,2.93,25.4,48.8,-0.208,0.02071,217.07321482471238,-2.06968078018563,0.46097115037938,2154.5637575,21129.052672487374,0.7899645162153512,0.010273684210526315
BMW,ActiveHybrid 7,DD85512,0,Car,5000,300,"2-Wheel Drive, Rear",3.0,8,3.08,25.7,51.1,-0.2,0.02083,227.30412453981154,-1.9900776732554133,0.46364215656216734,2267.96185,22241.1080763025,0.794541809404431,0.01022
BMW,ActiveHybrid 7,DD85512,0,Car,5000,300,"2-Wheel Drive, Rear",3.0,8,3.08,25.7,56.8,-0.222,0.02315,252.65898774679636,-2.208986217313509,0.515281609429389,2267.96185,22241.1080763025,0.8830361443933067,0.011359999999999999
BMW,ActiveHybrid 7,DD85512,1,Car,5000,300,"2-Wheel Drive, Rear",3.0,8,3.08,25.7,48.0,-0.208,0.0218,213.51463753250397,-2.06968078018563,0.4852327898730316,2267.96185,22241.1080763025,0.8315415960161592,0.0096
BMW,M3,PY39002,0,Car,4000,414,"2-Wheel Drive, Rear",4.0,7,3.15,25.2,36.2,0.291,0.01712,161.0256224724301,2.8955630145866262,0.38106354874432574,1814.36948,17792.886461042,0.653027161642048,0.00905
BMW,M3,PY39002,2,Car,4000,414,"2-Wheel Drive, Rear",4.0,7,3.15,25.2,36.2,0.291,0.01712,161.0256224724301,2.8955630145866262,0.38106354874432574,1814.36948,17792.886461042,0.653027161642048,0.00905
BMW,M3,PY39005,1,Car,4000,414,"2-Wheel Drive, Rear",4.0,6,3.85,27.4,38.4,0.161,0.01718,170.81171002600317,1.6020125269706076,0.38239905183571943,1814.36948,17792.886461042,0.655315808236588,0.0096
BMW,M3 Convertible,PY39002,1,Car,4500,414,"2-Wheel Drive, Rear",4.0,7,3.15,25.2,39.3,0.291,0.01694,174.81510947973763,2.8955630145866262,0.37705703947014474,2041.165665,20016.99726867225,0.6461612218584283,0.008733333333333333
BMW,M3 Convertible,PY39002,3,Car,4500,414,"2-Wheel Drive, Rear",4.0,7,3.15,25.2,39.3,0.291,0.01694,174.81510947973763,2.8955630145866262,0.37705703947014474,2041.165665,20016.99726867225,0.6461612218584283,0.008733333333333333
BMW,M3 Convertible,PY39005,0,Car,4500,414,"2-Wheel Drive, Rear",4.0,6,3.85,27.4,41.8,0.161,0.01898,185.93566351788888,1.6020125269706076,0.4224641445775293,2041.165665,20016.99726867225,0.7239752060727844,0.009288888888888888
BMW,M5,C772210,0,Car,4750,553,"2-Wheel Drive, Rear",4.4,6,3.15,35.1,39.2,0.184,0.01906,174.3702873182116,1.83087145939498,0.42424481536605424,2154.5637575,21129.052672487374,0.7270267348655044,0.008252631578947369
BMW,M5,C772213,0,Car,4750,553,"2-Wheel Drive, Rear",4.4,7,3.15,27.0,34.3,0.504,0.01593,152.57400140343512,5.014995736603641,0.354576070765018,2154.5637575,21129.052672487374,0.6076356708503402,0.007221052631578946
BMW,M5,C772213,1,Car,4750,553,"2-Wheel Drive, Rear",4.4,7,3.15,27.0,34.3,0.504,0.01593,152.57400140343512,5.014995736603641,0.354576070765018,2154.5637575,21129.052672487374,0.6076356708503402,0.007221052631578946
BMW,M6 Convertible,C772210,1,Car,4750,553,"2-Wheel Drive, Rear",4.4,6,3.15,35.1,40.0,0.184,0.01962,177.92886461042,1.83087145939498,0.43670951088572835,2154.5637575,21129.052672487374,0.7483874364145432,0.008421052631578947
BMW,M6 Convertible,C772213,2,Car,4750,553,"2-Wheel Drive, Rear",4.4,7,3.15,27.0,35.2,0.505,0.01649,156.5774008571696,5.024946124969918,0.3670407662846923,2154.5637575,21129.052672487374,0.6289963723993792,0.007410526315789474
BMW,M6 Convertible,C772213,3,Car,4750,553,"2-Wheel Drive, Rear",4.4,7,3.15,27.0,35.2,0.505,0.01649,156.5774008571696,5.024946124969918,0.3670407662846923,2154.5637575,21129.052672487374,0.6289963723993792,0.007410526315789474
BMW,X1 sDrive28i,VL64015,1,Car,3875,241,All Wheel Drive,2.0,8,3.2,28.0,49.5,-0.386,0.02543,220.18696995539474,-3.8408499093829476,0.5660307269023483,1757.67043375,17236.858759134437,0.9700047149858225,0.012774193548387098
BMW,X1 sDrive28i,VL64015,3,Car,3875,241,All Wheel Drive,2.0,8,3.2,28.0,49.5,-0.386,0.02543,220.18696995539474,-3.8408499093829476,0.5660307269023483,1757.67043375,17236.858759134437,0.9700047149858225,0.012774193548387098
BMW,X1 xDrive28i,VL64015,0,Car,4000,241,All Wheel Drive,2.0,8,3.2,28.0,53.1,-0.306,0.02493,236.20056777033253,-3.044818840080782,0.5549015344740678,1814.36948,17792.886461042,0.9509326600313234,0.013275
BMW,X1 xDrive28i,VL64015,2,Car,4000,241,All Wheel Drive,2.0,8,3.2,28.0,53.1,-0.306,0.02493,236.20056777033253,-3.044818840080782,0.5549015344740678,1814.36948,17792.886461042,0.9509326600313234,0.013275
BMW,X1 xDrive35i,VL63554,0,Both,4250,300,"2-Wheel Drive, Rear",3.0,6,3.64,33.4,40.2,0.441,0.01787,178.8185089334721,4.388121269528186,0.39775733738674657,1927.7675725000001,18904.941864857126,0.6816352440737966,0.009458823529411763
BMW,X3 xDrive28i,LK59506,0,Both,4250,241,All Wheel Drive,2.0,8,3.38,28.3,55.0,-0.342,0.02921,244.6521888393275,-3.403032821266757,0.6501674216601492,1927.7675725000001,18904.941864857126,1.1141894504418353,0.012941176470588234
BMW,X3 xDrive35i,LL15022,0,Both,4500,300,"2-Wheel Drive, Rear",3.0,8,3.38,28.2,56.1,-0.342,0.0297,249.54523261611405,-3.403032821266757,0.6610740302398642,2041.165665,20016.99726867225,1.1328800642972445,0.012466666666666666
BMW,X5 xDrive35d,LJ95006,0,Truck,5500,265,"2-Wheel Drive, Rear",3.0,6,3.64,30.0,59.3,0.33,0.02413,263.77954178494764,3.283628160871432,0.5370948265888189,2494.7580350000003,24465.21888393275,0.9204173721041249,0.01078181818181818
BMW,X5 xDrive35d,LJ95038,0,Truck,5500,265,"2-Wheel Drive, Rear",3.0,6,3.64,30.0,59.3,0.33,0.02413,263.77954178494764,3.283628160871432,0.5370948265888189,2494.7580350000003,24465.21888393275,0.9204173721041249,0.01078181818181818
BMW,X5 xDrive35i,LL58001,0,Truck,5250,300,"2-Wheel Drive, Rear",3.0,8,3.15,25.4,69.2,-0.424,0.03089,307.8169357760266,-4.218964667301476,0.6875615082191718,2381.3599425,23353.163480117626,1.1782715550889522,0.01318095238095238
BMW,X5 xDrive50i,LL67500,0,Truck,5500,400,All Wheel Drive,4.4,8,3.15,25.4,67.2,-0.24,0.03171,298.92049254550557,-2.3880932079064956,0.7058133838015519,2494.7580350000003,24465.21888393275,1.2095497252143306,0.012218181818181817
BMW,X5 xDriveM,LK25003,0,Truck,5500,555,"2-Wheel Drive, Rear",4.4,6,3.91,32.6,62.2,0.296,0.02679,276.6793844692031,2.9453149564180117,0.5963021303072714,2494.7580350000003,24465.21888393275,1.02188070446206,0.01130909090909091
BMW,X6 xDrive35i,LL58001,1,Truck,5000,300,"2-Wheel Drive, Rear",3.0,8,3.15,25.4,69.8,-0.467,0.03275,310.48586874518287,-4.646831367051391,0.7289621040523755,2267.96185,22241.1080763025,1.2492195995196889,0.01396
BMW,X6 xDrive50i,LL67500,1,Truck,5500,400,All Wheel Drive,4.4,8,3.15,25.4,68.7,-0.261,0.03008,305.5928249683963,-2.597051363598314,0.6695322164853573,2494.7580350000003,24465.21888393275,1.1473748260626637,0.012490909090909089
BMW,X6 xDriveM,LK25003,1,Truck,5500,555,"2-Wheel Drive, Rear",4.4,6,3.91,32.6,62.0,0.296,0.02608,275.78974014615096,2.9453149564180117,0.580498677059113,2494.7580350000003,24465.21888393275,0.9947983864266711,0.011272727272727271
BMW,Z4 sDrive28i,E716500,0,Car,3625,241,"2-Wheel Drive, Rear",2.0,8,3.07,28.3,53.3,-0.498,0.02258,237.09021209338462,-4.955293406405978,0.5025943300611492,1644.2723412500002,16124.803355319313,0.8612940017451777,0.014703448275862067
BMW,Z4 sDrive28i,E717000,0,Car,3625,241,"2-Wheel Drive, Rear",2.0,6,3.72,34.9,37.5,0.121,0.01623,166.80831057226874,1.2039969923195248,0.3612535862219864,1644.2723412500002,16124.803355319313,0.6190789038230397,0.010344827586206896
BMW,Z4 sDrive35i,E381819,0,Car,3750,300,"2-Wheel Drive, Rear",3.0,6,3.08,37.2,41.1,0.183,0.01637,182.82190838720655,1.820921071028703,0.3643697601019049,1700.9713875,16680.831057226875,0.6244190792102994,0.01096
BMW,Z4 sDrive35is,E381818,0,Car,3875,335,"2-Wheel Drive, Rear",3.0,7,2.56,35.3,35.2,0.462,0.014,156.5774008571696,4.597079425220005,0.3116173879918551,1757.67043375,17236.858759134437,0.5340175387259738,0.009083870967741936
BMW,Z4 sDrive35is,E381818,1,Car,3875,335,"2-Wheel Drive, Rear",3.0,7,2.56,35.3,35.2,0.462,0.014,156.5774008571696,4.597079425220005,0.3116173879918551,1757.67043375,17236.858759134437,0.5340175387259738,0.009083870967741936
Mini,John Cooper Works,T379400,0,Car,3000,211,"2-Wheel Drive, Front",1.6,6,3.68,35.3,38.1,0.099,0.01759,169.47724354142505,0.9850884482614296,0.3915249896269095,1360.77711,13344.664845781499,0.6709548932992773,0.012700000000000001
Mini,John Cooper Works,T379400,1,Car,3125,208,"2-Wheel Drive, Front",1.6,6,3.68,35.3,39.2,0.099,0.0182,174.3702873182116,0.9850884482614296,0.40510260438941165,1417.47615625,13900.692547689063,0.6942228003437658,0.012544
Mini,John Cooper Works,T379400,2,Car,3250,208,"2-Wheel Drive, Front",1.6,6,3.68,35.3,39.9,0.099,0.01685,177.48404244889392,0.9850884482614296,0.37505378483305424,1474.1752025,14456.720249596625,0.6427282519666185,0.012276923076923074
Mini,John Cooper Works,T384700,0,Car,3000,211,"2-Wheel Drive, Front",1.6,6,3.71,43.2,33.7,0.135,0.01736,149.90506843427886,1.343302429447404,0.3864055611099004,1360.77711,13344.664845781499,0.6621817480202075,0.011233333333333335
Mini,John Cooper Works All4 Countryman,WL99204,0,Car,3625,214,"2-Wheel Drive, Front",1.6,6,3.68,33.0,40.4,0.187,0.02027,179.70815325652418,1.8607226244938113,0.4511774610424931,1644.2723412500002,16124.803355319313,0.7731811078553921,0.011144827586206895
Mini,John Cooper Works All4 Countryman,WM28504,0,Car,3625,214,4-Wheel Drive,1.6,6,3.7,40.4,36.9,0.253,0.02001,164.13937760311242,2.517448256668098,0.4453902809797873,1644.2723412500002,16124.803355319313,0.7632636392790526,0.010179310344827584
Mini,John Cooper Works Clubman,T384700,2,Car,3125,208,"2-Wheel Drive, Front",1.6,6,3.71,43.2,35.5,0.135,0.01662,157.91186734174775,1.343302429447404,0.36993435631604515,1417.47615625,13900.692547689063,0.6339551066875488,0.01136
Mini,John Cooper Works Convertible,T384700,1,Car,3125,208,"2-Wheel Drive, Front",1.6,6,3.71,43.2,34.8,0.135,0.01798,154.7981122110654,1.343302429447404,0.4002057597209682,1417.47615625,13900.692547689063,0.6858310961637863,0.011135999999999998
Mini,Mini Clubman,TX95505,1,Car,3125,122,"2-Wheel Drive, Front",1.6,6,4.1,40.7,35.4,-0.034,0.01827,157.46704518022167,-0.3383132044534203,0.406660691329371,1417.47615625,13900.692547689063,0.6968928880373959,0.011327999999999998
Mini,Mini Cooper,TX95505,2,Car,2875,122,"2-Wheel Drive, Front",1.6,6,4.1,40.7,34.1,-0.034,0.01831,151.68435708038305,-0.3383132044534203,0.4075510267236334,1304.07806375,12788.637143873937,0.6984186524337558,0.011860869565217392
Mini,Mini Cooper,TX95505,3,Car,2875,122,"2-Wheel Drive, Front",1.6,6,4.1,39.9,39.7,-0.034,0.0182,176.59439812584185,-0.3383132044534203,0.40510260438941165,1304.07806375,12788.637143873937,0.6942228003437658,0.013808695652173913
Mini,Mini Cooper,TX96504,1,Car,2875,122,"2-Wheel Drive, Front",1.6,6,4.35,42.9,26.9,0.156,0.01649,119.65716145050743,1.5522605851392222,0.3670407662846923,1304.07806375,12788.637143873937,0.6289963723993792,0.009356521739130434
Mini,Mini Cooper,TX96504,2,Car,2875,122,"2-Wheel Drive, Front",1.6,6,4.35,42.1,32.3,0.156,0.01638,143.67755817291413,1.5522605851392222,0.36459234395047047,1304.07806375,12788.637143873937,0.6248005203093893,0.011234782608695652
Mini,Mini Cooper Clubman,TX95505,4,Car,3125,122,"2-Wheel Drive, Front",1.6,6,4.1,39.9,41.2,-0.034,0.01815,183.2667305487326,-0.3383132044534203,0.4039896851465836,1417.47615625,13900.692547689063,0.6923155948483161,0.013184
Mini,Mini Cooper Clubman,TX96504,3,Car,3000,122,"2-Wheel Drive, Front",1.6,6,4.35,42.1,33.9,0.156,0.01633,150.79471275733093,1.5522605851392222,0.3634794247076425,1360.77711,13344.664845781499,0.6228933148139395,0.0113
Mini,Mini Cooper Clubman,TX96504,5,Car,3000,122,"2-Wheel Drive, Front",1.6,6,4.35,42.9,28.2,0.156,0.01644,125.43984955034608,1.5522605851392222,0.36592784704186415,1360.77711,13344.664845781499,0.6270891669039291,0.009399999999999999
Mini,Mini Cooper Convertible,TX95505,0,Car,3125,122,"2-Wheel Drive, Front",1.6,6,4.1,39.9,41.0,-0.034,0.01928,182.37708622568047,-0.3383132044534203,0.4291416600344976,1417.47615625,13900.692547689063,0.7354184390454839,0.013119999999999998
Mini,Mini Cooper Convertible,TX95505,5,Car,3125,122,"2-Wheel Drive, Front",1.6,6,4.1,40.7,32.5,-0.034,0.0194,144.56720249596623,-0.3383132044534203,0.431812666217285,1417.47615625,13900.692547689063,0.7399957322345637,0.010399999999999998
Mini,Mini Cooper Convertible,TX96504,0,Car,3000,122,"2-Wheel Drive, Front",1.6,6,4.35,42.1,33.7,0.156,0.01746,149.90506843427886,1.5522605851392222,0.3886313995955565,1360.77711,13344.664845781499,0.6659961590111073,0.011233333333333335
Mini,Mini Cooper Convertible,TX96504,4,Car,3000,122,"2-Wheel Drive, Front",1.6,6,4.35,42.9,28.0,0.156,0.01757,124.55020522729399,1.5522605851392222,0.3910798219297782,1360.77711,13344.664845781499,0.670192011101097,0.009333333333333332
Mini,Mini Cooper Countryman,WH94501,0,Car,3375,122,4-Wheel Drive,1.6,6,4.64,42.5,39.3,-0.01,0.02331,174.81510947973763,-0.09950388366277066,0.5188429510064388,1530.87424875,15012.747951504187,0.8891392019787464,0.011644444444444443
Mini,Mini Cooper Countryman,WH95002,0,Car,3250,122,"2-Wheel Drive, Front",1.6,6,4.72,43.1,34.2,0.13,0.02146,152.1291792419091,1.2935504876160187,0.47766493902180085,1474.1752025,14456.720249596625,0.8185725986470999,0.010523076923076923
Mini,Mini Cooper S,TY10009,4,Car,3000,180,"2-Wheel Drive, Front",1.6,6,3.68,35.1,32.5,0.099,0.01846,144.56720249596623,0.9850884482614296,0.41088978445211755,1360.77711,13344.664845781499,0.7041402689201054,0.010833333333333332
Mini,Mini Cooper S,TY10009,6,Car,3000,180,"2-Wheel Drive, Front",1.6,6,3.68,35.3,38.0,0.099,0.01835,169.03242137989898,0.9850884482614296,0.4084413621178959,1360.77711,13344.664845781499,0.6999444168301158,0.012666666666666666
Mini,Mini Cooper S,TY20003,1,Car,3000,180,"2-Wheel Drive, Front",1.6,6,3.71,43.1,33.6,0.135,0.01813,149.46024627275278,1.343302429447404,0.4035445174494524,1360.77711,13344.664845781499,0.6915527126501361,0.0112
Mini,Mini Cooper S,TY20003,6,Car,3000,180,"2-Wheel Drive, Front",1.6,6,3.71,42.9,28.1,0.135,0.01824,124.99502738882005,1.343302429447404,0.4059929397836741,1360.77711,13344.664845781499,0.6957485647401258,0.009366666666666667
Mini,Mini Cooper S Clubman,TY10009,3,Car,3125,180,"2-Wheel Drive, Front",1.6,6,3.68,35.1,33.9,0.099,0.01718,150.79471275733093,0.9850884482614296,0.38239905183571943,1417.47615625,13900.692547689063,0.655315808236588,0.010847999999999998
Mini,Mini Cooper S Clubman,TY10009,5,Car,3125,180,"2-Wheel Drive, Front",1.6,6,3.68,35.3,39.7,0.099,0.01706,176.59439812584185,0.9850884482614296,0.37972804565293206,1417.47615625,13900.692547689063,0.6507385150475081,0.012704
Mini,Mini Cooper S Clubman,TY20003,0,Car,3125,180,"2-Wheel Drive, Front",1.6,6,3.71,43.1,35.3,0.135,0.01684,157.02222301869563,1.343302429447404,0.3748312009844886,1417.47615625,13900.692547689063,0.6423468108675284,0.011295999999999999
Mini,Mini Cooper S Clubman,TY20003,4,Car,3125,180,"2-Wheel Drive, Front",1.6,6,3.71,42.9,29.6,0.135,0.01696,131.66735981171078,1.343302429447404,0.3775022071672759,1417.47615625,13900.692547689063,0.6469241040566082,0.009471999999999998
Mini,Mini Cooper S Convertible,TY10009,0,Car,3125,180,"2-Wheel Drive, Front",1.6,6,3.68,35.3,39.0,0.099,0.01842,173.48064299515949,0.9850884482614296,0.4099994490578551,1417.47615625,13900.692547689063,0.7026145045237455,0.012479999999999998
Mini,Mini Cooper S Convertible,TY10009,1,Car,3125,180,"2-Wheel Drive, Front",1.6,6,3.68,35.1,33.4,0.099,0.01853,148.5706019497007,0.9850884482614296,0.4124478713920769,1417.47615625,13900.692547689063,0.7068103566137354,0.010688
Mini,Mini Cooper S Convertible,TY20003,7,Car,3125,180,"2-Wheel Drive, Front",1.6,6,3.71,42.9,29.0,0.135,0.01831,128.9984268425545,1.343302429447404,0.4075510267236334,1417.47615625,13900.692547689063,0.6984186524337558,0.00928
Mini,Mini Cooper S Convertible,TY20003,8,Car,3125,180,"2-Wheel Drive, Front",1.6,6,3.71,43.1,34.6,0.135,0.0182,153.9084678880133,1.343302429447404,0.40510260438941165,1417.47615625,13900.692547689063,0.6942228003437658,0.011071999999999999
Mini,Mini Cooper S Countryman,WH97510,1,Car,3375,180,"2-Wheel Drive, Front",1.6,6,3.68,33.1,37.3,0.093,0.02203,165.9186662492166,0.9253861180637671,0.4903522183900407,1530.87424875,15012.747951504187,0.8403147412952289,0.01105185185185185
Mini,Mini Cooper S Countryman,WH98002,1,Car,3375,180,"2-Wheel Drive, Front",1.6,6,3.71,40.4,34.1,0.177,0.02111,151.68435708038305,1.7612187408310407,0.46987450432200445,1530.87424875,15012.747951504187,0.8052221601789505,0.010103703703703705
Mini,Mini Cooper S Countryman All4,WH97510,0,Car,3500,180,4-Wheel Drive,1.6,6,3.68,33.1,40.1,0.195,0.02118,178.37368677194604,1.9403257314240279,0.4714325912619637,1587.5732950000001,15568.77565341175,0.8078922478725803,0.011457142857142857
Mini,Mini Cooper S Countryman All4,WH98002,0,Car,3500,180,4-Wheel Drive,1.6,6,3.71,40.4,36.5,0.263,0.0209,162.36008895700823,2.6169521403308686,0.4652002435021266,1587.5732950000001,15568.77565341175,0.7972118970980608,0.010428571428571428
BUGATTI,Veyron Super Sport,BAX-US100/10,0,Car,4750,1200,4-Wheel Drive,7.997,7,2.59,24.9,60.0,0.59,0.0185,266.89329691563,5.870729136103469,0.41178011984637997,2154.5637575,21129.052672487374,0.7056660333164653,0.01263157894736842
BUGATTI,Veyron Super Sport,BAX-US100/10,0,Car,4750,1200,4-Wheel Drive,7.997,7,2.59,24.9,60.0,0.593,0.0185,266.89329691563,5.9005803012023,0.41178011984637997,2154.5637575,21129.052672487374,0.7056660333164653,0.01263157894736842
BUGATTI,Veyron Super Sport,BAX-US100/10,0,Car,4750,1200,4-Wheel Drive,7.997,7,2.59,24.9,67.0,0.653,0.0204,298.03084822245347,6.497603603178924,0.4540710510738461,2154.5637575,21129.052672487374,0.7781398421435619,0.014105263157894735
BYD,e6,BYD2012e6-01,0,Car,5500,100,"2-Wheel Drive, Front",99.999,1,1.09,6.4,60.763,0.662,0.01996,270.28729000807374,6.587157098475418,0.44427736173695914,2494.7580350000003,24465.21888393275,0.7613564337836025,0.011047818181818181
CODA,CODA,5005,0,Car,4000,134,"2-Wheel Drive, Front",0.001,1,6.54,93.4,39.18,0.2549,0.0199,174.28132288590638,2.536353994564024,0.44294185864556557,1814.36948,17792.886461042,0.7590677871890629,0.009795
Chrysler,200,V0JSC8320,0,Both,3750,173,"2-Wheel Drive, Front",2.4,6,2.24,29.0,30.43,0.4579,0.01639,135.359383752377,4.556282832918268,0.36481492779903607,1700.9713875,16680.831057226875,0.6251819614084793,0.008114666666666666
Chrysler,300,K1LDD1889,1,Car,4250,292,"2-Wheel Drive, Rear",3.6,5,2.65,26.6,38.61,0.8894,0.01105,171.7458365652079,8.849875412966822,0.24595515266499998,1927.7675725000001,18904.941864857126,0.42149241449442937,0.00908470588235294
Chrysler,300,L2LDD3313,0,Car,4750,470,"2-Wheel Drive, Rear",6.4,5,3.06,31.0,37.27,0.7706,0.01446,165.78521960075884,7.667769275053106,0.3218562450258733,2154.5637575,21129.052672487374,0.5515638292841131,0.007846315789473684
Chrysler,300 Awd,L1LDE5950,0,Car,4750,359,All Wheel Drive,5.7,5,3.06,30.3,46.48,0.8879,0.01172,206.75334067730802,8.834949830417408,0.2608682705188959,2154.5637575,21129.052672487374,0.44704896813345807,0.009785263157894736
Chrysler,300 AWD,L2LXF9773,0,Car,4500,292,4-Wheel Drive,3.6,8,3.07,36.6,58.95,-0.3101,0.02565,262.2226642196065,-3.085615432382518,0.5709275715707918,2041.165665,20016.99726867225,0.978396419165802,0.0131
Chrysler,300/SRT-8,L9LXC6235,0,Car,4500,340,"2-Wheel Drive, Rear",5.7,5,2.65,26.8,32.85,0.4414,0.01928,146.1240800613074,4.3921014248746975,0.4291416600344976,2041.165665,20016.99726867225,0.7354184390454839,0.007299999999999999
Chrysler,Town & Country,L1RTK9901,0,Both,4750,283,"2-Wheel Drive, Front",3.6,6,2.06,26.4,46.03,0.195,0.02528,204.75164095044082,1.9403257314240279,0.5626919691738642,2154.5637575,21129.052672487374,0.9642830984994728,0.009690526315789474
Chrysler,Town & Country,L1RTK9902,0,Both,4750,283,"2-Wheel Drive, Front",3.6,6,2.06,26.4,46.03,0.195,0.02528,204.75164095044082,1.9403257314240279,0.5626919691738642,2154.5637575,21129.052672487374,0.9642830984994728,0.009690526315789474
Dodge,Avenger,V0JSD6135,0,Both,3875,283,"2-Wheel Drive, Front",3.6,6,2.06,26.7,31.68,0.4632,0.01639,140.91966077145264,4.609019891259537,0.36481492779903607,1757.67043375,17236.858759134437,0.6251819614084793,0.008175483870967743
Dodge,Avenger,V0JSD6140,0,Both,3875,283,"2-Wheel Drive, Front",3.6,6,2.06,26.7,31.68,0.4632,0.01639,140.91966077145264,4.609019891259537,0.36481492779903607,1757.67043375,17236.858759134437,0.6251819614084793,0.008175483870967743
Dodge,Caliber,L0PMD0768,0,Both,3250,158,"2-Wheel Drive, Front",2.0,5,2.97,39.7,24.24,0.1997,0.02096,107.8248919539145,1.98709255674553,0.46653574659352026,1474.1752025,14456.720249596625,0.7995005436926007,0.007458461538461537
Dodge,Caliber,L1PMD5215,0,Both,3500,172,"2-Wheel Drive, Front",2.4,1,2.28,28.9,58.49,-0.4736,0.02968,260.1764822765866,-4.712503930268818,0.6606288625427329,1587.5732950000001,15568.77565341175,1.1321171820990645,0.016711428571428568
Dodge,Challenger,L1LCD1351,0,Car,4500,470,"2-Wheel Drive, Rear",6.4,6,3.92,23.5,44.16,0.2456,0.02282,196.43346652990365,2.4438153827576476,0.5079363424267239,2041.165665,20016.99726867225,0.8704485881233374,0.009813333333333332
Dodge,Challenger,V0LCD1814,0,Car,4500,370,"2-Wheel Drive, Rear",5.7,6,3.92,23.7,43.07,0.4089,0.0197,191.58490496926973,4.068713802970692,0.43849018167425324,2041.165665,20016.99726867225,0.751438965207263,0.00957111111111111
Dodge,Charger,L1LCD3362,1,Car,4250,292,"2-Wheel Drive, Rear",3.6,5,2.65,26.9,32.35,0.489,0.0188,143.89996925367717,4.865739911109485,0.4184576353033484,1927.7675725000001,18904.941864857126,0.7171092662891649,0.007611764705882352
Dodge,Charger,L2LDD7713,0,Car,4250,292,"2-Wheel Drive, Rear",3.6,8,2.65,22.0,45.21,-0.0311,0.02009,201.1040992259272,-0.30945707819121676,0.4471709517683121,1927.7675725000001,18904.941864857126,0.7663151680717724,0.010637647058823528
Dodge,Charger,L2LDD7713,1,Car,4250,292,"2-Wheel Drive, Rear",3.6,8,2.65,22.0,45.21,-0.0311,0.02009,201.1040992259272,-0.30945707819121676,0.4471709517683121,1927.7675725000001,18904.941864857126,0.7663151680717724,0.010637647058823528
Dodge,Charger AWD,L2LDE5756,0,Car,4500,292,All Wheel Drive,3.6,8,3.07,36.6,56.64,-0.2022,0.02396,251.9472722883547,-2.0119685276612227,0.5333109011632035,2041.165665,20016.99726867225,0.9139328734195951,0.012586666666666664
Dodge,Dart,L2PFD3367,0,Car,3500,160,"2-Wheel Drive, Front",1.4,6,2.76,38.0,21.58,0.4121,0.0149,95.99262245732157,4.100555045742779,0.33164993436276013,1587.5732950000001,15568.77565341175,0.5683472376440721,0.006165714285714285
Dodge,Dart,L2PFD3374,0,Car,3500,160,"2-Wheel Drive, Front",1.4,6,2.56,35.2,18.97,0.5227,0.01375,84.38276404149167,5.2010679990530235,0.3060527917777149,1587.5732950000001,15568.77565341175,0.5244815112487243,0.005419999999999999
Dodge,Dart,L2PFD3376,0,Car,3500,158,"2-Wheel Drive, Front",2.0,6,2.56,35.2,19.03,0.523,0.01376,84.64965733840731,5.204053115562906,0.3062753756262805,1587.5732950000001,15568.77565341175,0.5248629523478142,0.0054371428571428565
Dodge,Dart,L2PFD3400,3,Car,3500,158,"2-Wheel Drive, Front",2.0,6,2.47,34.0,23.87,0.4697,0.01389,106.17904995626813,4.673697415640338,0.3091689656576334,1587.5732950000001,15568.77565341175,0.529821686635984,0.00682
Dodge,Dart,L2PFD3400,5,Car,3500,158,"2-Wheel Drive, Front",2.0,6,2.47,34.0,23.87,0.4697,0.01389,106.17904995626813,4.673697415640338,0.3091689656576334,1587.5732950000001,15568.77565341175,0.529821686635984,0.00682
Dodge,Dart,L2PFD3400,6,Car,3500,158,"2-Wheel Drive, Front",2.0,6,2.47,34.0,23.87,0.4697,0.01389,106.17904995626813,4.673697415640338,0.3091689656576334,1587.5732950000001,15568.77565341175,0.529821686635984,0.00682
Dodge,Dart,L2PFD3424,0,Car,3500,158,"2-Wheel Drive, Front",2.0,6,2.47,34.0,23.87,0.4697,0.01389,106.17904995626813,4.673697415640338,0.3091689656576334,1587.5732950000001,15568.77565341175,0.529821686635984,0.00682
Dodge,Dart,L3PFD1279,0,Car,3375,160,"2-Wheel Drive, Front",1.4,6,2.38,33.0,25.52,0.1711,0.01642,113.51861562144795,1.702511449470006,0.365482679344733,1530.87424875,15012.747951504187,0.6263262847057494,0.0075614814814814815
Dodge,Dart,L3PFD2611,0,Both,3625,184,"2-Wheel Drive, Front",2.4,6,2.56,35.2,28.17,0.3796,0.01587,125.30640290188828,3.7771674238387742,0.35324056767362433,1644.2723412500002,16124.803355319313,0.6053470242558002,0.00777103448275862
Dodge,Dart,L3PFD2660,1,Both,3625,184,"2-Wheel Drive, Front",2.4,6,2.7,33.9,33.03,0.3268,0.01601,146.9247599520543,3.251786918099345,0.3563567415535429,1644.2723412500002,16124.803355319313,0.6106871996430601,0.009111724137931033
Dodge,Durango,L1WKT05038,1,Truck,5000,215,"2-Wheel Drive, Rear",3.6,5,3.09,29.3,33.56,0.7946,0.0203,149.28231740814238,7.906578595843756,0.45184521258818994,2267.96185,22241.1080763025,0.774325431152662,0.006712
Dodge,Grand Cherokee,L1WKT05038,0,Truck,4750,215,"2-Wheel Drive, Rear",3.6,5,3.09,29.3,26.45,1.0349,0.01795,117.65546172364022,10.297656920260135,0.3995380081752714,2154.5637575,21129.052672487374,0.6846867728665164,0.005568421052631578
Dodge,Grand Cherokee,L1WKT05038,2,Truck,5000,215,"2-Wheel Drive, Rear",3.6,5,3.09,29.3,27.74,0.9949,0.02159,123.39366760732625,9.899641385609055,0.48055852905315377,2267.96185,22241.1080763025,0.8235313329352696,0.005547999999999999
Dodge,Grand Cherokee,L1WKT05038,3,Truck,4750,215,"2-Wheel Drive, Rear",3.6,5,3.09,29.3,26.45,1.0349,0.01795,117.65546172364022,10.297656920260135,0.3995380081752714,2154.5637575,21129.052672487374,0.6846867728665164,0.005568421052631578
Dodge,Grand Cherokee,L1WKT05038,4,Truck,5000,215,"2-Wheel Drive, Rear",3.6,5,3.09,29.3,33.56,0.7946,0.0203,149.28231740814238,7.906578595843756,0.45184521258818994,2267.96185,22241.1080763025,0.774325431152662,0.006712
Dodge,Grand Cherokee,L1WKT05038,5,Truck,5000,215,"2-Wheel Drive, Rear",3.6,5,3.09,29.3,27.74,0.9949,0.02159,123.39366760732625,9.899641385609055,0.48055852905315377,2267.96185,22241.1080763025,0.8235313329352696,0.005547999999999999
Dodge,Journey,L1JCD8793,0,Both,4500,283,"2-Wheel Drive, Front",3.6,6,2.06,24.4,35.37,0.4123,0.02383,157.33359853176387,4.102545123416034,0.5304173111318506,2041.165665,20016.99726867225,0.9089741391314256,0.007859999999999999
Dodge,JOURNEY 2WD,L7JSC0243,5,Car,3625,173,"2-Wheel Drive, Front",2.4,4,2.69,34.7,27.99,0.5576,0.01622,124.50572301114138,5.548336553036092,0.36103100237342073,1644.2723412500002,16124.803355319313,0.6186974627239497,0.007721379310344827
Dodge,Ram,L1WDE2979,7,Truck,5500,390,4-Wheel Drive,5.7,6,3.92,28.4,46.39,0.7874,0.02509,206.35300073193457,7.834935799606562,0.5584628760511176,2494.7580350000003,24465.21888393275,0.9570357176167631,0.008434545454545453
Dodge,Ram,L1WDE2979,8,Truck,5500,390,"2-Wheel Drive, Rear",5.7,6,3.45,26.4,50.1,0.52,0.02692,222.85590292455103,5.174201950464075,0.5991957203386243,2494.7580350000003,24465.21888393275,1.0268394387502295,0.009109090909090909
Dodge,Ram 1500 2WD,V1DS11097,2,Truck,5500,310,"2-Wheel Drive, Rear",4.7,6,3.92,28.8,38.75,0.5854,0.0326,172.36858759134435,5.824957349618595,0.7256233463238911,2494.7580350000003,24465.21888393275,1.2434979830333388,0.007045454545454545
Dodge,Ram 1500 2WD,V1DS11097,3,Truck,5500,310,"2-Wheel Drive, Rear",4.7,6,3.55,26.0,38.75,0.5854,0.0326,172.36858759134435,5.824957349618595,0.7256233463238911,2494.7580350000003,24465.21888393275,1.2434979830333388,0.007045454545454545
Dodge,Ram 1500 4WD,V1DS60111,1,Truck,5500,310,4-Wheel Drive,4.7,6,3.92,28.4,56.87,1.091,0.02972,252.9703632598646,10.855873707608279,0.6615191979369953,2494.7580350000003,24465.21888393275,1.1336429464954243,0.010339999999999998
Dodge,RAM 1500 PICKUP 2WD,L9DS10852,9,Truck,5500,345,"2-Wheel Drive, Rear",5.7,6,3.55,26.0,44.13,0.5908,0.03133,196.30001988144585,5.878689446796491,0.6973551975560587,2494.7580350000003,24465.21888393275,1.1950549634489114,0.008023636363636363
Dodge,RAM PICKUP,L9DS10852,11,Truck,5500,345,"2-Wheel Drive, Rear",5.7,6,3.55,25.3,48.92,0.6624,0.03628,217.60700141854366,6.591137253821929,0.8075342025960359,2494.7580350000003,24465.21888393275,1.383868307498452,0.008894545454545455
Fiat,500,L2FFF2598,0,Car,2625,100,"2-Wheel Drive, Front",1.4,5,2.86,43.2,23.49,0.244,0.01844,104.48872574246913,2.4278947613716038,0.4104446167549864,1190.67997125,11676.581740058813,0.7033773867219255,0.008948571428571427
Fiat,500,L2FFF8247,1,Car,2750,100,"2-Wheel Drive, Front",1.4,6,2.76,41.7,30.31,0.2259,0.01776,134.82559715854575,2.2477927319419893,0.39530891505252486,1247.3790175000001,12232.609441966375,0.6774393919838069,0.011021818181818181
Fiat,500 Abarth,L2FFF1237,0,Car,2750,160,"2-Wheel Drive, Front",1.4,5,2.92,43.7,33.27,0.0908,0.01986,147.99233313971683,0.9034952636579577,0.4420515232513031,1247.3790175000001,12232.609441966375,0.7575420227927029,0.012098181818181819
Fiat,500e,L3FFE3247,0,Car,3250,110,"2-Wheel Drive, Front",0.01,1,9.59,145.0,22.77,0.295,0.01519,101.28600617948157,2.9353645680517344,0.33810486597116285,1474.1752025,14456.720249596625,0.5794090295176816,0.007006153846153845
Jeep,Compass 2WD,V1MKT3768,0,Both,3500,158,"2-Wheel Drive, Front",2.0,1,2.41,31.0,57.55,-0.8134,0.03583,255.99515395824173,-8.093645897129765,0.7975179294105836,1587.5732950000001,15568.77565341175,1.366703458039403,0.016442857142857138
Jeep,COMPASS 4WD,L6MKJ9402,13,Both,3625,165,4-Wheel Drive,2.4,5,2.41,30.6,31.13,0.3874,0.02404,138.47313888305936,3.8547804530957355,0.5350915719517284,1644.2723412500002,16124.803355319313,0.916984402212315,0.008587586206896551
Jeep,Grand Cherokee 4WD,L2WKJ8209,0,Truck,5500,470,4-Wheel Drive,6.4,5,3.7,35.2,55.84,0.775,0.02627,248.3886949961463,7.7115509838647265,0.5847277701818596,2494.7580350000003,24465.21888393275,1.0020457673093808,0.010152727272727272
Jeep,Patriot 4wd,V0MKJ6992,0,Truck,3750,172,"2-Wheel Drive, Front",2.4,1,3.21,39.8,65.798,-0.5075,0.03462,292.68408584091037,-5.049822095885611,0.7705852837341446,1700.9713875,16680.831057226875,1.3205490850495152,0.01754613333333333
Jeep,Wrangler 4WD,L2JKJ9985,0,Truck,4750,290,4-Wheel Drive,3.6,5,3.21,29.4,41.5,0.5428,0.03593,184.60119703331074,5.401070805215191,0.7997437678962396,2154.5637575,21129.052672487374,1.3705178690303026,0.008736842105263157
Jeep,Wrangler 4WD,L2JKJ9988,0,Truck,4250,290,4-Wheel Drive,3.6,5,3.21,29.4,35.61,0.5748,0.03343,158.4011717194264,5.719483232936057,0.744097805754837,1927.7675725000001,18904.941864857126,1.2751575942578075,0.008378823529411763
Jeep,Wrangler 4WD,L2JKJ9990,0,Car,4750,290,4-Wheel Drive,3.6,6,3.21,28.2,40.35,0.4238,0.03704,179.48574217576117,4.2169745896282205,0.8244505750870224,2154.5637575,21129.052672487374,1.4128578310292905,0.008494736842105263
Jeep,Wrangler 4WD,L2JKJ9992,0,Truck,4250,290,4-Wheel Drive,3.6,6,3.21,28.2,34.09,0.5324,0.03382,151.63987486423045,5.29758676620591,0.7527785758488958,1927.7675725000001,18904.941864857126,1.2900337971223168,0.008021176470588235
RAM,1500 2WD,K3DS10300,0,Truck,4750,290,"2-Wheel Drive, Rear",3.6,8,3.21,23.6,44.32,-0.2132,0.03749,197.14518198834534,-2.1214227996902704,0.834466848272475,2154.5637575,21129.052672487374,1.4300226804883398,0.009330526315789473
RAM,1500 2WD,K3DS10300,2,Truck,4750,290,"2-Wheel Drive, Rear",3.6,8,3.21,23.6,44.45,-0.2128,0.03664,197.72345079832922,-2.1174426443437597,0.8155472211443979,2154.5637575,21129.052672487374,1.3976001870656913,0.009357894736842105
RAM,1500 2WD,L3DS16194,0,Truck,5250,290,"2-Wheel Drive, Rear",3.6,8,3.21,23.6,46.46,-0.2072,0.03732,206.6643762450028,-2.061720469492608,0.8306829228468595,2381.3599425,23353.163480117626,1.42353818180381,0.008849523809523809
RAM,1500 2WD,L3DS19531,0,Truck,5500,390,"2-Wheel Drive, Rear",5.7,8,3.21,22.8,49.39,-0.2126,0.03811,219.69766557771607,-2.115452566670504,0.8482670468835427,2494.7580350000003,24465.21888393275,1.4536720286319185,0.008979999999999998
RAM,1500 2WD,R3DS19935,1,Truck,5500,390,"2-Wheel Drive, Rear",5.7,8,3.21,22.8,56.55,-0.1985,0.04078,251.54693234298125,-1.9751520907059976,0.9076969344505609,2494.7580350000003,24465.21888393275,1.5555168020889436,0.01028181818181818
SRT,Viper,L3ZDD9419,1,Car,3750,640,"2-Wheel Drive, Rear",8.4,6,3.55,28.6,41.37,0.4044,0.01893,184.02292822332686,4.023937055322445,0.42135122533470126,1700.9713875,16680.831057226875,0.7220680005773346,0.011031999999999998
Ferrari,458 Italia Spyder,171765,0,Car,3875,558,"2-Wheel Drive, Rear",4.5,7,5.14,43.5,44.063,0.199,0.02,196.0019890332234,1.9801272848891363,0.4451676971312216,1757.67043375,17236.858759134437,0.7628821981799625,0.011371096774193548
Ferrari,458 Italia Spyder,171765,1,Car,3875,558,"2-Wheel Drive, Rear",4.5,7,5.14,43.5,44.063,0.199,0.02,196.0019890332234,1.9801272848891363,0.4451676971312216,1757.67043375,17236.858759134437,0.7628821981799625,0.011371096774193548
Ferrari,458 Italia Spyder,ZFF67NHB000171765,2,Car,3875,558,"2-Wheel Drive, Rear",4.5,7,5.14,43.5,44.063,0.199,0.02,196.0019890332234,1.9801272848891363,0.4451676971312216,1757.67043375,17236.858759134437,0.7628821981799625,0.011371096774193548
Ferrari,458 Italia Spyder,ZFF67NHB000171765,3,Car,3875,558,"2-Wheel Drive, Rear",4.5,7,5.14,43.5,44.063,0.199,0.02,196.0019890332234,1.9801272848891363,0.4451676971312216,1757.67043375,17236.858759134437,0.7628821981799625,0.011371096774193548
Ferrari,California,159971,0,Car,4250,483,"2-Wheel Drive, Rear",4.3,7,4.44,39.2,46.03,0.115,0.017,204.75164095044082,1.1442946621218628,0.3783925425615384,1927.7675725000001,18904.941864857126,0.6484498684529683,0.010830588235294116
Ferrari,California,159971,1,Car,4250,483,"2-Wheel Drive, Rear",4.3,7,4.44,39.2,46.03,0.115,0.017,204.75164095044082,1.1442946621218628,0.3783925425615384,1927.7675725000001,18904.941864857126,0.6484498684529683,0.010830588235294116
Ferrari,California,159971,2,Car,4250,483,"2-Wheel Drive, Rear",4.3,7,4.44,39.2,46.03,0.115,0.017,204.75164095044082,1.1442946621218628,0.3783925425615384,1927.7675725000001,18904.941864857126,0.6484498684529683,0.010830588235294116
Ferrari,California,159971,3,Car,4250,483,"2-Wheel Drive, Rear",4.3,7,4.44,39.2,46.03,0.115,0.017,204.75164095044082,1.1442946621218628,0.3783925425615384,1927.7675725000001,18904.941864857126,0.6484498684529683,0.010830588235294116
Ferrari,F12 Berlinetta,180311,0,Car,4250,725,"2-Wheel Drive, Rear",6.3,7,4.37,36.9,49.458,0.145,0.019,220.00014464755378,1.4428063131101745,0.42290931227466055,1927.7675725000001,18904.941864857126,0.7247380882709644,0.011637176470588232
Ferrari,F12 Berlinetta,180311,1,Car,4250,725,"2-Wheel Drive, Rear",6.3,7,4.37,36.9,49.458,0.145,0.019,220.00014464755378,1.4428063131101745,0.42290931227466055,1927.7675725000001,18904.941864857126,0.7247380882709644,0.011637176470588232
Ferrari,F12 Berlinetta,180311,2,Car,4250,725,"2-Wheel Drive, Rear",6.3,7,4.37,36.9,49.458,0.145,0.019,220.00014464755378,1.4428063131101745,0.42290931227466055,1927.7675725000001,18904.941864857126,0.7247380882709644,0.011637176470588232
Ferrari,F12 Berlinetta,180311,3,Car,4250,725,"2-Wheel Drive, Rear",6.3,7,4.37,36.9,49.458,0.145,0.019,220.00014464755378,1.4428063131101745,0.42290931227466055,1927.7675725000001,18904.941864857126,0.7247380882709644,0.011637176470588232
Ferrari,FF,168921,0,Car,4750,652,Part-time 4-Wheel Drive,6.3,7,3.87,30.2,49.458,0.145,0.022,220.00014464755378,1.4428063131101745,0.48968446684434375,2154.5637575,21129.052672487374,0.8391704179979588,0.010412210526315788
Ferrari,FF,168921,1,Car,4750,652,Part-time 4-Wheel Drive,6.3,7,3.87,30.2,49.458,0.145,0.022,220.00014464755378,1.4428063131101745,0.48968446684434375,2154.5637575,21129.052672487374,0.8391704179979588,0.010412210526315788
Ferrari,FF,ZFFJY54B000168921,2,Car,4750,652,Part-time 4-Wheel Drive,6.3,7,3.87,30.2,49.458,0.145,0.022,220.00014464755378,1.4428063131101745,0.48968446684434375,2154.5637575,21129.052672487374,0.8391704179979588,0.010412210526315788
Ferrari,FF,ZFFJY54B000168921,3,Car,4750,652,Part-time 4-Wheel Drive,6.3,7,3.87,30.2,49.458,0.145,0.022,220.00014464755378,1.4428063131101745,0.48968446684434375,2154.5637575,21129.052672487374,0.8391704179979588,0.010412210526315788
Ford,C-Max (PHEV),DL500090,2,Car,4250,141,"2-Wheel Drive, Front",2.0,1,4.09,54.9,28.82,0.3435,0.02102,128.1977469518076,3.4179584038161726,0.46787124968491395,1927.7675725000001,18904.941864857126,0.8017891902871407,0.006781176470588234
Ford,C-Max (PHEV),DL500090,3,Car,4250,141,"2-Wheel Drive, Front",2.0,1,4.09,54.9,28.82,0.3435,0.02102,128.1977469518076,3.4179584038161726,0.46787124968491395,1927.7675725000001,18904.941864857126,0.8017891902871407,0.006781176470588234
Ford,E-350 Extended Wagon,BE41-5.4-L-108,0,Truck,6500,255,"2-Wheel Drive, Rear",5.4,4,3.73,29.8,50.55,0.8283,0.03824,224.85760265141823,8.241906683787294,0.8511606369148959,2948.350405,28913.44049919325,1.4586307629200885,0.007776923076923075
FORD,E150 VAN,BE41-4.6-L-107,0,Truck,6000,225,"2-Wheel Drive, Rear",4.6,4,4.1,34.1,49.04,0.8689,0.03441,218.1407880123749,8.645892451458144,0.7659110229142668,2721.55422,26689.329691562998,1.3125388219686256,0.008173333333333333
FORD,E350 EXTENDED WAGON,BE41-6.8-L-109,0,Truck,7000,305,"2-Wheel Drive, Rear",6.8,5,3.73,30.3,56.53,0.9109,0.03723,251.45796791067605,9.06380876284178,0.8286796682097691,3175.1465900000003,31137.5513068235,1.4201052119120003,0.008075714285714285
Ford,EDGE AWD,BBA00020,7,Truck,4750,305,"2-Wheel Drive, Front",3.5,6,3.16,27.6,33.46,0.2841,0.02999,148.83749524661633,2.826905334859315,0.6675289618482668,2154.5637575,21129.052672487374,1.1439418561708539,0.00704421052631579
Ford,EDGE AWD,BBJ00001,11,Truck,4750,305,"2-Wheel Drive, Front",3.7,6,3.39,28.8,49.88,0.2558,0.0316,221.87729416919373,2.5453093440936736,0.7033649614673302,2154.5637575,21129.052672487374,1.205353873124341,0.010501052631578947
Ford,EDGE FWD,BBA00020,0,Truck,4500,305,"2-Wheel Drive, Front",3.5,6,3.16,27.6,34.05,0.1563,0.02877,151.46194599962,1.5552457016491052,0.6403737323232622,2041.165665,20016.99726867225,1.097406042081876,0.007566666666666666
Ford,EDGE FWD,BBA00020,6,Truck,4500,305,"2-Wheel Drive, Front",3.5,6,3.16,27.6,26.16,0.2932,0.02593,116.36547745521467,2.9174538689924363,0.5771599193306288,2041.165665,20016.99726867225,0.9890767699403215,0.005813333333333333
Ford,Edge FWD,CBA00032,0,Truck,4250,237,"2-Wheel Drive, Front",2.0,6,3.21,28.1,19.97,0.3483,0.02348,88.83098565675218,3.4657202679743024,0.5226268764320542,1927.7675725000001,18904.941864857126,0.895623700663276,0.004698823529411764
Ford,Escape AWD,DM23-1.6-L-302,0,Truck,4000,170,All Wheel Drive,1.6,6,3.51,33.4,25.1,0.4249,0.02336,111.65036254303855,4.227920016831125,0.5199558702492668,1814.36948,17792.886461042,0.8910464074741962,0.006275000000000001
Ford,Escape AWD,DM23-1.6-L-302,1,Truck,4000,170,All Wheel Drive,1.6,6,3.51,33.5,25.02,0.4088,0.02338,111.2945048138177,4.067718764134065,0.5204010379463981,1814.36948,17792.886461042,0.8918092896723763,0.006254999999999999
Ford,Escape AWD,DM23-2.0-L-303,2,Truck,4000,237,All Wheel Drive,2.0,6,3.07,29.3,24.93,0.4157,0.0245,110.89416486844425,4.136376443861376,0.5453304289857466,1814.36948,17792.886461042,0.9345306927704543,0.006232499999999999
Ford,Escape AWD,DM23-2.0-L-303,3,Truck,4000,237,All Wheel Drive,2.0,6,3.07,29.2,25.01,0.4318,0.02449,111.25002259766511,4.296577696558438,0.5451078451371809,1814.36948,17792.886461042,0.9341492516713642,0.0062525
Ford,Escape FWD,DM23-1.6-L-301,0,Truck,3875,170,"2-Wheel Drive, Front",1.6,6,3.21,30.6,21.88,0.4055,0.02233,97.32708894189973,4.03488248252535,0.497029733847009,1757.67043375,17236.858759134437,0.8517579742679283,0.005646451612903226
Ford,Escape FWD,DM23-2.0-L-303,0,Truck,3875,237,"2-Wheel Drive, Front",2.0,6,3.07,29.3,21.79,0.4124,0.02345,96.92674899652629,4.103540162252662,0.5219591248863573,1757.67043375,17236.858759134437,0.894479377366006,0.005623225806451613
Ford,Escape FWD,DM23-2.0-L-303,1,Truck,3875,237,"2-Wheel Drive, Front",2.0,6,3.07,29.2,21.87,0.4278,0.02344,97.28260672574713,4.256776143093329,0.5217365410377918,1757.67043375,17236.858759134437,0.8940979362669161,0.005643870967741936
Ford,ESCAPE FWD,DM23-2.5-L-305,0,Truck,3875,168,"2-Wheel Drive, Front",2.5,6,3.51,33.5,21.89,0.4047,0.0222,97.37157115805233,4.026922171832329,0.494136143815656,1757.67043375,17236.858759134437,0.8467992399797585,0.005649032258064516
Ford,EXPLORER 4WD,DUB3-3.5-J-202,0,Truck,5000,287,Part-time 4-Wheel Drive,3.5,6,3.65,31.3,36.19,0.8425,0.02253,160.98114025627748,8.383202198588428,0.5014814108183212,2267.96185,22241.1080763025,0.8593867962497279,0.007238
Ford,EXPLORER 4WD,DUB3-3.5-J-202,1,Truck,5000,287,Part-time 4-Wheel Drive,3.5,6,3.65,31.3,36.19,0.8425,0.02253,160.98114025627748,8.383202198588428,0.5014814108183212,2267.96185,22241.1080763025,0.8593867962497279,0.007238
Ford,Explorer FFV FWD Police,DUB1-3.7-L-293,0,Truck,4750,300,"2-Wheel Drive, Front",3.7,6,3.39,30.6,42.5,0.4643,0.02823,189.04941864857125,4.619965318462442,0.6283542045007194,2154.5637575,21129.052672487374,1.0768082227310174,0.008947368421052631
Ford,Explorer FWD,CGA00005,2,Truck,4750,237,"2-Wheel Drive, Front",2.0,6,3.51,29.5,25.08,0.2654,0.0279,111.56139811073332,2.640833072409934,0.6210089374980542,2154.5637575,21129.052672487374,1.0642206664610478,0.005279999999999999
Ford,Explorer FWD,CUB1-2.0-L-251,0,Truck,4750,237,"2-Wheel Drive, Front",2.0,6,3.51,30.7,44.53,0.3603,0.02582,198.07930852755004,3.5851249283696274,0.5747114969964071,2154.5637575,21129.052672487374,0.9848809178503316,0.009374736842105262
Ford,Explorer FWD,DUB1-2.0-J-201,0,Truck,4750,237,"2-Wheel Drive, Front",2.0,6,3.51,30.7,40.81,0.2904,0.02745,181.531924118781,2.88959278156686,0.6109926643126017,2154.5637575,21129.052672487374,1.0470558170019986,0.00859157894736842
Ford,EXPLORER FWD FFV,DGA00010,0,Truck,5000,287,"2-Wheel Drive, Front",3.5,6,3.39,29.1,35.89,0.4144,0.02533,159.64667377169934,4.123440938985216,0.5638048884166922,2267.96185,22241.1080763025,0.9661903039949226,0.007178
Ford,"Explorer Police FFV, AWD",DUB1-3.7-J-203,0,Truck,5000,300,All Wheel Drive,3.7,6,3.65,32.9,51.48,0.6957,0.02541,228.9944487536105,6.922485186418955,0.565585559205217,2267.96185,22241.1080763025,0.9692418327876423,0.010296
Ford,F-150 4X4 SuperCrew SVT,BF63-6.2-J-060,0,Truck,6500,411,Part-time 4-Wheel Drive,6.2,6,4.1,28.7,48.8,0.643,0.04637,217.07321482471238,6.3980997195161535,1.0321213057987375,2948.350405,28913.44049919325,1.7687423764802435,0.007507692307692307
Ford,F-150 FFV 4X4 Supercab,BF61-3.7-J-055,0,Truck,5500,275,Part-time 4-Wheel Drive,3.7,6,3.73,28.5,46.83,0.7658,0.03132,208.3102182426492,7.620007410894978,0.697132613707493,2494.7580350000003,24465.21888393275,1.1946735223498213,0.008514545454545453
Ford,F-150 Pickup 2WD,BFA00054,1,Truck,6000,415,"2-Wheel Drive, Rear",6.2,6,3.73,29.3,46.85,0.423,0.033,208.3991826749544,4.209014278935199,0.7345267002665157,2721.55422,26689.329691562998,1.2587556269969382,0.007808333333333333
Ford,F-150 Pickup FFV 2WD,BKA00059,0,Truck,5500,275,Part-time 4-Wheel Drive,3.7,6,3.73,29.3,30.98,0.9858,0.02592,137.80590564077028,9.809092851475933,0.5769373354820632,2494.7580350000003,24465.21888393275,0.9886953288412313,0.005632727272727272
Ford,F-150 Pickup FFV 4WD,BKA00062,0,Truck,5500,275,Part-time 4-Wheel Drive,3.7,6,3.73,29.0,32.18,0.8006,0.03107,143.14377157908288,7.966280926041419,0.6915680174933528,2494.7580350000003,24465.21888393275,1.185137494872572,0.005850909090909091
Ford,F150 4X2,BFA00051,0,Truck,6000,360,Part-time 4-Wheel Drive,5.0,6,3.55,27.9,46.85,0.423,0.033,208.3991826749544,4.209014278935199,0.7345267002665157,2721.55422,26689.329691562998,1.2587556269969382,0.007808333333333333
Ford,F150 4X2,BFA00114,0,Truck,5250,360,Part-time 4-Wheel Drive,3.5,6,3.55,27.6,38.18,0.3692,0.03677,169.83310127064587,3.6736833848294923,0.8184408111757508,2381.3599425,23353.163480117626,1.402558921353861,0.007272380952380951
Ford,F150 4X2,BFA00114,1,Truck,6000,360,Part-time 4-Wheel Drive,3.5,6,3.15,24.8,46.79,0.4255,0.03467,208.13228937803876,4.233890249850892,0.7716982029769727,2721.55422,26689.329691562998,1.322456290544965,0.0077983333333333325
Ford,F150 4X2,BFA00115,0,Truck,5500,360,Part-time 4-Wheel Drive,3.5,6,3.15,24.8,43.5,0.4069,0.03424,193.49764026383173,4.048813026238138,0.7621270974886515,2494.7580350000003,24465.21888393275,1.306054323284096,0.007909090909090907
Ford,F150 4X4,BKD00021,0,Truck,5500,360,Part-time 4-Wheel Drive,3.5,6,3.55,27.6,36.6,0.5629,0.03752,162.8049111185343,5.60107361137736,0.8351345998181717,2494.7580350000003,24465.21888393275,1.4311670037856097,0.006654545454545455
Ford,F150 4X4,BKD00022,2,Truck,6000,360,Part-time 4-Wheel Drive,3.5,6,4.1,30.8,63.44,0.3871,0.0403,282.1951792721261,3.851795336585852,0.8970129097194116,2721.55422,26689.329691562998,1.5372076293326247,0.010573333333333334
Ford,F150 4X4,BKD00023,3,Truck,6000,360,Part-time 4-Wheel Drive,3.5,6,3.73,27.9,41.29,0.3775,0.03986,183.667070494106,3.7562716082695924,0.8872192203825248,2721.55422,26689.329691562998,1.5204242209726655,0.006881666666666666
Ford,F150 4X4,DF61-3.5-J-437,0,Truck,6000,360,4-Wheel Drive,3.5,6,3.55,26.6,41.29,0.3775,0.03986,183.667070494106,3.7562716082695924,0.8872192203825248,2721.55422,26689.329691562998,1.5204242209726655,0.006881666666666666
Ford,F150 4X4,DF61-3.5-J-437,1,Truck,6000,360,4-Wheel Drive,3.5,6,3.31,24.8,41.29,0.3775,0.03986,183.667070494106,3.7562716082695924,0.8872192203825248,2721.55422,26689.329691562998,1.5204242209726655,0.006881666666666666
Ford,F150 4X4 SUPER CAB,BF61-5.0-J-056,1,Truck,6000,360,Part-time 4-Wheel Drive,5.0,6,3.73,27.9,61.92,0.3819,0.04138,275.43388241693015,3.8000533170812116,0.9210519653644975,2721.55422,26689.329691562998,1.5784032680343425,0.010320000000000001
Ford,F150 FFV 4X2,DF61-3.7-J-425,0,Truck,5000,275,"2-Wheel Drive, Rear",3.7,6,3.55,27.6,17.79,0.8314,0.0308,79.13386253548428,8.272752887722753,0.6855582535820813,2267.96185,22241.1080763025,1.1748385851971423,0.0035579999999999995
Ford,FIESTA,BM100045,2,Car,2875,118,"2-Wheel Drive, Front",1.6,6,3.9,40.1,19.08,0.232,0.01744,84.87206841917032,2.3084901009762797,0.38818623189842527,1304.07806375,12788.637143873937,0.6652332768129273,0.006636521739130433
Ford,FIESTA,BM100049,2,Car,2875,118,"2-Wheel Drive, Front",1.6,6,3.9,39.3,19.08,0.232,0.01744,84.87206841917032,2.3084901009762797,0.38818623189842527,1304.07806375,12788.637143873937,0.6652332768129273,0.006636521739130433
Ford,FIESTA,BM100055,0,Car,2875,118,"2-Wheel Drive, Front",1.6,6,3.9,39.3,19.08,0.232,0.01744,84.87206841917032,2.3084901009762797,0.38818623189842527,1304.07806375,12788.637143873937,0.6652332768129273,0.006636521739130433
Ford,FIESTA,BM100065,1,Car,2875,120,"2-Wheel Drive, Front",1.6,5,4.25,47.4,21.9,0.2797,0.01961,97.41605337420494,2.7831236260476957,0.4364869270371628,1304.07806375,12788.637143873937,0.7480059953154533,0.007617391304347825
Ford,FIESTA,BM109405,0,Car,2875,118,"2-Wheel Drive, Front",1.6,6,3.9,40.1,19.28,0.2766,0.01833,85.76171274222244,2.7522774221122366,0.4079961944207646,1304.07806375,12788.637143873937,0.6991815346319357,0.006706086956521739
Ford,FIESTA,BM137693,0,Car,2875,118,"2-Wheel Drive, Front",1.6,6,3.9,39.3,16.5,0.2503,0.01862,73.39565665179825,2.4905822080791498,0.4144511260291674,1304.07806375,12788.637143873937,0.7102433265055452,0.005739130434782609
Ford,FIESTA,BM183325,0,Car,2875,118,"2-Wheel Drive, Front",1.6,5,4.07,45.3,17.24,0.2986,0.01794,76.687340647091,2.9711859661703315,0.3993154243267058,1304.07806375,12788.637143873937,0.6843053317674265,0.005996521739130434
Ford,FLEX,BP33-3.5-H-122,2,Car,5250,355,All Wheel Drive,3.5,6,3.16,28.1,38.52,0.6687,0.02547,171.34549661983445,6.653824700529475,0.5669210622966108,2381.3599425,23353.163480117626,0.9715304793821824,0.007337142857142856
Ford,FLEX,DP33-3.5-H-337,0,Car,5000,285,"2-Wheel Drive, Front",3.5,6,3.39,30.0,24.58,0.5311,0.02537,109.33728730310307,5.28465126132975,0.5646952238109546,2267.96185,22241.1080763025,0.9677160683912824,0.004915999999999999
Ford,FLEX,DP33-3.5-H-337,2,Car,5000,285,"2-Wheel Drive, Front",3.5,6,3.39,30.1,23.75,0.7301,0.02366,105.64526336243686,7.264778546218886,0.5266333857062352,2267.96185,22241.1080763025,0.9024896404468957,0.00475
Ford,FLEX,DP33-3.5-H-337,3,Car,5000,285,"2-Wheel Drive, Front",3.5,6,3.39,31.1,18.57,0.8343,0.02398,82.60347539538748,8.301609013984956,0.5337560688603348,2267.96185,22241.1080763025,0.9146957556177752,0.003714
FORD,FLEX,DP43-3.5-J-220,0,Car,5250,355,All Wheel Drive,3.5,6,3.16,28.1,42.03,0.773,0.02471,186.9587544893988,7.691650207132172,0.5500046898056243,2381.3599425,23353.163480117626,0.9425409558513438,0.008005714285714286
FORD,FLEX,DP43-3.5-J-220,1,Car,5250,355,All Wheel Drive,3.5,6,3.16,28.1,37.49,0.5307,0.02691,166.76382835611614,5.280671105983238,0.5989731364900587,2381.3599425,23353.163480117626,1.0264579976511397,0.007140952380952381
Ford,FOCUS,CDH1-0.0-L-346,0,Car,3875,144,"2-Wheel Drive, Front",0.001,1,7.82,10.5,23.05,0.3647,0.01897,102.53150823175451,3.6289066371812466,0.42224156072896374,1757.67043375,17236.858759134437,0.7235937649736945,0.005948387096774193
Ford,FOCUS,CDH2-2.0-E-165,0,Car,3250,160,"2-Wheel Drive, Front",2.0,5,3.82,42.2,25.91,0.1943,0.01796,115.25342205139954,1.933360459567634,0.39976059202383707,1474.1752025,14456.720249596625,0.6850682139656065,0.007972307692307692
Ford,FOCUS,CL100032,0,Car,3250,160,"2-Wheel Drive, Front",2.0,6,3.85,37.5,29.57,0.25,0.01775,131.53391316325298,2.4875970915692664,0.3950863312039592,1474.1752025,14456.720249596625,0.6770579508847168,0.009098461538461538
Ford,FOCUS,CL100061,0,Car,3250,160,"2-Wheel Drive, Front",2.0,6,3.82,37.6,25.91,0.1943,0.01796,115.25342205139954,1.933360459567634,0.39976059202383707,1474.1752025,14456.720249596625,0.6850682139656065,0.007972307692307692
Ford,FOCUS,CL100062,2,Car,3250,160,"2-Wheel Drive, Front",2.0,6,3.85,37.6,20.29,0.2119,0.01679,90.25441657363554,2.1084872948141102,0.37371828174166055,1474.1752025,14456.720249596625,0.6404396053720786,0.006243076923076922
Ford,FOCUS,CL100178,0,Car,3250,160,"2-Wheel Drive, Front",2.0,6,3.85,37.0,29.57,0.25,0.01775,131.53391316325298,2.4875970915692664,0.3950863312039592,1474.1752025,14456.720249596625,0.6770579508847168,0.009098461538461538
Ford,FOCUS,CL100399,0,Car,3250,160,"2-Wheel Drive, Front",2.0,6,3.85,37.6,26.47,0.2232,0.01721,117.74442615594542,2.220926683353041,0.38306680338141624,1474.1752025,14456.720249596625,0.6564601315338578,0.008144615384615384
Ford,FOCUS,CL143675,0,Car,3250,160,"2-Wheel Drive, Front",2.0,6,3.85,37.0,29.57,0.25,0.01775,131.53391316325298,2.4875970915692664,0.3950863312039592,1474.1752025,14456.720249596625,0.6770579508847168,0.009098461538461538
Ford,FOCUS,CL143675,1,Car,3250,160,"2-Wheel Drive, Front",2.0,6,3.85,37.1,20.76,0.337,0.01595,92.34508073280799,3.3532808794353715,0.3550212384621492,1474.1752025,14456.720249596625,0.6083985530485201,0.006387692307692308
Ford,FOCUS,DL100003,0,Car,3250,160,"2-Wheel Drive, Front",2.0,6,3.85,37.1,26.47,0.2232,0.01721,117.74442615594542,2.220926683353041,0.38306680338141624,1474.1752025,14456.720249596625,0.6564601315338578,0.008144615384615384
Ford,FOCUS FFV,CL100061,1,Car,3250,160,"2-Wheel Drive, Front",2.0,6,3.82,42.2,25.91,0.1943,0.01796,115.25342205139954,1.933360459567634,0.39976059202383707,1474.1752025,14456.720249596625,0.6850682139656065,0.007972307692307692
Ford,FOCUS FFV,CL208145,0,Car,3250,160,"2-Wheel Drive, Front",2.0,6,3.85,37.1,26.47,0.2232,0.01721,117.74442615594542,2.220926683353041,0.38306680338141624,1474.1752025,14456.720249596625,0.6564601315338578,0.008144615384615384
Ford,FOCUS FFV,CL208145,1,Car,3250,160,"2-Wheel Drive, Front",2.0,6,3.85,37.0,29.57,0.25,0.01775,131.53391316325298,2.4875970915692664,0.3950863312039592,1474.1752025,14456.720249596625,0.6770579508847168,0.009098461538461538
Ford,FOCUS FFV,CL263655,0,Car,3250,160,"2-Wheel Drive, Front",2.0,6,3.85,37.1,20.76,0.337,0.01595,92.34508073280799,3.3532808794353715,0.3550212384621492,1474.1752025,14456.720249596625,0.6083985530485201,0.006387692307692308
Ford,FOCUS SFE,CL100196,0,Car,3250,160,"2-Wheel Drive, Front",2.0,6,3.85,37.1,20.29,0.2119,0.01679,90.25441657363554,2.1084872948141102,0.37371828174166055,1474.1752025,14456.720249596625,0.6404396053720786,0.006243076923076922
Ford,FOCUS ST,DDH2-2.0-L-402,0,Car,3500,247,"2-Wheel Drive, Front",2.0,6,4.06,52.4,33.1,0.2419,0.01917,147.23613546512254,2.4069989458024224,0.42669323770027595,1587.5732950000001,15568.77565341175,0.7312225869554941,0.009457142857142857
Ford,Fusion (HEV),ER317196,0,Car,4000,141,"2-Wheel Drive, Front",2.0,1,3.61,48.5,25.87,0.3332,0.01704,115.07549318678913,3.3154694036435184,0.37928287795580085,1814.36948,17792.886461042,0.6499756328493281,0.0064675
Ford,Fusion AWD,DR100126,0,Car,4000,237,"2-Wheel Drive, Front",2.0,6,3.36,33.1,26.81,0.5791,0.01528,119.25682150513398,5.762269902911049,0.34010812060825335,1814.36948,17792.886461042,0.5828419994094914,0.006702499999999999
Ford,Fusion FWD,DR100012,0,Car,3750,170,"2-Wheel Drive, Front",1.6,6,3.07,30.3,19.31,0.5258,0.01373,85.89515939068025,5.231914202988482,0.3056076240805836,1700.9713875,16680.831057226875,0.5237186290505442,0.005149333333333333
Ford,Fusion FWD,DR100012,1,Car,3750,170,"2-Wheel Drive, Front",1.6,6,3.07,30.3,18.39,0.5208,0.01311,81.80279550464059,5.182162261157097,0.29180742546951577,1700.9713875,16680.831057226875,0.5000692809069655,0.0049039999999999995
Ford,Fusion FWD,DR100015,0,Car,3750,175,"2-Wheel Drive, Front",2.5,6,3.07,30.3,19.31,0.526,0.01373,85.89515939068025,5.233904280661737,0.3056076240805836,1700.9713875,16680.831057226875,0.5237186290505442,0.005149333333333333
Ford,Fusion FWD,DR100024,0,Car,3875,237,"2-Wheel Drive, Front",2.0,6,3.21,31.6,24.07,0.5331,0.01391,107.06869427932023,5.304552038062305,0.3096141333547647,1757.67043375,17236.858759134437,0.530584568834164,0.006211612903225806
Ford,Fusion FWD,DR100025,0,Car,3750,170,"2-Wheel Drive, Front",1.6,6,3.07,30.2,26.41,0.5461,0.01576,117.4775328590298,5.433907086823906,0.3507921453394027,1700.9713875,16680.831057226875,0.6011511721658106,0.007042666666666666
Ford,Fusion FWD,DR100094,0,Car,3625,170,"2-Wheel Drive, Front",1.6,6,4.07,37.1,22.96,0.2412,0.01612,102.13116828638107,2.4000336739460284,0.35880516388776457,1644.2723412500002,16124.803355319313,0.6148830517330497,0.006333793103448275
Ford,Fusion FWD,DR100098,0,Car,3750,170,"2-Wheel Drive, Front",1.6,6,3.07,30.2,26.46,0.5437,0.01539,117.69994393979283,5.41002615474484,0.342556542942475,1700.9713875,16680.831057226875,0.5870378514994812,0.007056000000000001
Ford,Fusion FWD,DR100129,0,Car,3750,170,"2-Wheel Drive, Front",1.6,6,3.07,30.8,16.96,0.5353,0.01257,75.44183859481808,5.326442892468113,0.27978789764697276,1700.9713875,16680.831057226875,0.4794714615561064,0.004522666666666667
FORD,MKS AWD,207Y902,5,Car,4750,365,All Wheel Drive,3.5,6,2.77,24.9,35.6,0.4189,0.0218,158.3566895032738,4.168217686633463,0.4852327898730316,2154.5637575,21129.052672487374,0.8315415960161592,0.007494736842105263
FORD,MKT,DP41-3.7-J-221,0,Car,7000,300,All Wheel Drive,3.7,6,3.65,32.4,53.75,0.513,0.02633,239.09191182025185,5.104549231900135,0.5860632732732532,3175.1465900000003,31137.5513068235,1.0043344139039208,0.007678571428571428
FORD,MKT,DP41-3.7-J-221,1,Car,7000,300,All Wheel Drive,3.7,6,3.65,32.4,53.75,0.513,0.02633,239.09191182025185,5.104549231900135,0.5860632732732532,3175.1465900000003,31137.5513068235,1.0043344139039208,0.007678571428571428
Ford,MKX AWD,BBJ00001,9,Truck,4750,305,"2-Wheel Drive, Front",3.7,6,3.39,29.5,50.17,0.301,0.02997,223.16727843761927,2.9950668982493966,0.6670837941511357,2154.5637575,21129.052672487374,1.143178973972674,0.010562105263157895
Ford,MKX AWD,BBJ00001,10,Truck,4750,305,"2-Wheel Drive, Front",3.7,6,3.39,29.6,33.46,0.2841,0.03033,148.83749524661633,2.826905334859315,0.6750968126994975,2154.5637575,21129.052672487374,1.156910853539913,0.00704421052631579
Ford,MKX FWD,BBJ00001,8,Truck,4500,305,"2-Wheel Drive, Front",3.7,6,3.16,27.6,26.16,0.2932,0.02649,116.36547745521467,2.9174538689924363,0.589624614850303,2041.165665,20016.99726867225,1.0104374714893605,0.005813333333333333
Ford,MKZ (HEV),DC91-2.0-J-268,1,Car,4250,141,"2-Wheel Drive, Front",2.0,1,3.61,47.0,38.79,0.3669,0.01637,172.5465164559548,3.650797491587056,0.3643697601019049,1927.7675725000001,18904.941864857126,0.6244190792102994,0.00912705882352941
Ford,MUSTANG,567W779,0,Car,4000,300,"2-Wheel Drive, Rear",3.7,6,2.73,24.1,42.26,0.07,0.02325,187.98184546090872,0.6965271856393948,0.5175074479150452,1814.36948,17792.886461042,0.8868505553842067,0.010565
Ford,MUSTANG,567W779,4,Car,3875,300,"2-Wheel Drive, Rear",3.7,6,2.73,23.4,21.35,0.176,0.02062,94.96953148581167,1.7512683524647636,0.4589678957422895,1757.67043375,17236.858759134437,0.7865315463235414,0.005509677419354839
Ford,Mustang,B5100034,1,Car,4000,300,"2-Wheel Drive, Rear",3.7,6,2.73,23.4,29.65,0.0953,0.02315,131.88977089247382,0.9482720113062043,0.515281609429389,1814.36948,17792.886461042,0.8830361443933067,0.0074125
Ford,MUSTANG,BZF1-5.0-J-011,2,Car,4000,412,"2-Wheel Drive, Rear",5.0,6,3.15,27.3,40.74,0.1207,0.02464,181.22054860571276,1.2010118758096417,0.548446602865665,1814.36948,17792.886461042,0.9398708681577138,0.010185
Ford,MUSTANG,BZF1-5.0-L-067,1,Car,4000,412,"2-Wheel Drive, Rear",5.0,6,3.15,27.3,40.74,0.1207,0.02346,181.22054860571276,1.2010118758096417,0.5221817087349231,1814.36948,17792.886461042,0.8948608184650962,0.010185
Ford,Mustang,BZF2-3.7-L-066,4,Car,3875,300,"2-Wheel Drive, Rear",3.7,6,2.73,24.0,24.88,0.4143,0.01808,110.67175378768123,4.1224459001485885,0.4024315982066244,1757.67043375,17236.858759134437,0.6896455071546862,0.006420645161290322
Ford,MUSTANG,BZF2-5.0-L-070,1,Car,4000,412,"2-Wheel Drive, Rear",5.0,6,3.31,27.5,30.39,0.4269,0.0184,135.1814548877666,4.24782079356368,0.40955428136072386,1814.36948,17792.886461042,0.7018516223255655,0.0075975
FORD,MUSTANG,D5199854,0,Car,4250,650,"2-Wheel Drive, Rear",5.8,6,3.31,20.7,37.46,0.4532,0.0225,166.63038170765833,4.509516007596766,0.5008136592726243,1927.7675725000001,18904.941864857126,0.8582424729524579,0.008814117647058823
FORD,MUSTANG,DFZ2-5.8-J-280,0,Car,4250,650,"2-Wheel Drive, Rear",5.8,6,3.31,20.7,37.46,0.4532,0.0227,166.63038170765833,4.509516007596766,0.5052653362439365,1927.7675725000001,18904.941864857126,0.8658712949342575,0.008814117647058823
Ford,Taurus,DPH3-3.5-L-326,5,Car,4250,285,"2-Wheel Drive, Front",3.5,6,2.77,25.4,18.96,0.4742,0.02006,84.33828182533908,4.718474163288586,0.4465032002226153,1927.7675725000001,18904.941864857126,0.7651708447745025,0.004461176470588235
Ford,Taurus,DPH3-3.5-L-326,10,Car,4250,285,"2-Wheel Drive, Front",3.5,6,2.77,25.3,22.75,0.4913,0.01923,101.19704174717637,4.888625804351923,0.42802874079166964,1927.7675725000001,18904.941864857126,0.7335112335500341,0.005352941176470587
Ford,Taurus,DPH3-3.5-L-326,11,Car,4250,285,"2-Wheel Drive, Front",3.5,6,3.16,29.1,24.16,0.4724,0.0195,107.46903422469367,4.700563464229287,0.4340385047029411,1927.7675725000001,18904.941864857126,0.7438101432254635,0.005684705882352941
Ford,Taurus FFV,DPH3-3.5-L-326,1,Car,4250,285,"2-Wheel Drive, Front",3.5,6,3.16,28.9,22.75,0.4913,0.01923,101.19704174717637,4.888625804351923,0.42802874079166964,1927.7675725000001,18904.941864857126,0.7335112335500341,0.005352941176470587
Ford,Taurus FFV,DPH3-3.5-L-326,2,Car,4250,285,"2-Wheel Drive, Front",3.5,6,3.16,28.9,22.75,0.4913,0.01923,101.19704174717637,4.888625804351923,0.42802874079166964,1927.7675725000001,18904.941864857126,0.7335112335500341,0.005352941176470587
Ford,Taurus FFV,DPH3-3.5-L-326,3,Car,4500,285,"2-Wheel Drive, Front",3.5,6,3.39,31.0,28.71,0.6405,0.01801,127.70844257412895,6.373223748600461,0.4008735112666651,2041.165665,20016.99726867225,0.6869754194610563,0.006379999999999999
Ford,Taurus FFV,DPH3-3.5-L-326,4,Car,4500,285,"2-Wheel Drive, Front",3.5,6,3.39,31.0,28.71,0.6405,0.01801,127.70844257412895,6.373223748600461,0.4008735112666651,2041.165665,20016.99726867225,0.6869754194610563,0.006379999999999999
Ford,Taurus FFV,DPH3-3.5-L-326,6,Car,4250,285,"2-Wheel Drive, Front",3.5,6,3.16,29.1,24.16,0.4724,0.0195,107.46903422469367,4.700563464229287,0.4340385047029411,1927.7675725000001,18904.941864857126,0.7438101432254635,0.005684705882352941
Ford,Taurus FFV,DPH3-3.5-L-326,7,Car,4250,285,"2-Wheel Drive, Front",3.5,6,2.77,25.4,18.96,0.4742,0.02006,84.33828182533908,4.718474163288586,0.4465032002226153,1927.7675725000001,18904.941864857126,0.7651708447745025,0.004461176470588235
Ford,Taurus FFV,DPH3-3.5-L-326,8,Car,4250,285,"2-Wheel Drive, Front",3.5,6,2.77,25.3,22.75,0.4913,0.01923,101.19704174717637,4.888625804351923,0.42802874079166964,1927.7675725000001,18904.941864857126,0.7335112335500341,0.005352941176470587
Ford,Taurus FFV,DPH3-3.5-L-326,9,Car,4250,285,"2-Wheel Drive, Front",3.5,6,3.16,29.1,24.16,0.4724,0.0195,107.46903422469367,4.700563464229287,0.4340385047029411,1927.7675725000001,18904.941864857126,0.7438101432254635,0.005684705882352941
Ford,Taurus Police,DPH1-3.5-J-214,1,Car,4750,285,"2-Wheel Drive, Front",3.5,6,3.39,30.6,38.77,0.7228,0.02021,172.45755202364958,7.192140711145064,0.44984195795109944,2154.5637575,21129.052672487374,0.7708924612608521,0.008162105263157894
Ford,Taurus Police AWD,DPH1-3.5-L-329,0,Car,4750,365,All Wheel Drive,3.5,6,3.16,28.5,46.06,0.429,0.02372,204.88508759889862,4.268716609132861,0.5279688887976289,2154.5637575,21129.052672487374,0.9047782870414357,0.009696842105263158
Ford,Taurus Police FFV AWD,DPH1-3.7-J-454,0,Car,4500,305,"2-Wheel Drive, Front",3.7,6,3.39,30.6,36.27,0.7151,0.0202,161.33699798549833,7.115522720724729,0.44961937410253383,2041.165665,20016.99726867225,0.7705110201617622,0.00806
Ford,Taurus Police FFV FWD,DPH1-3.5-L-325,0,Car,4500,285,"2-Wheel Drive, Front",3.5,6,3.16,28.5,34.28,0.4203,0.02249,152.48503697112994,4.182148230346251,0.5005910754240587,2041.165665,20016.99726867225,0.8578610318533678,0.007617777777777778
FORD,TRANSIT CONNECT,AT014739,0,Truck,3625,140,"2-Wheel Drive, Front",2.0,4,3.96,39.4,30.78,0.3441,0.0279,136.91626131771818,3.4239286368359387,0.6210089374980542,1644.2723412500002,16124.803355319313,1.0642206664610478,0.00849103448275862
FORD,TRANSIT CONNECT,AT014739,1,Truck,3750,136,"2-Wheel Drive, Front",2.0,4,3.96,39.4,25.28,0.4069,0.02759,112.45104243378543,4.048813026238138,0.6141088381925203,1700.9713875,16680.831057226875,1.0523959923892583,0.006741333333333333
LINCOLN,EXPEDITION 4X2,BEA12832,0,Truck,6500,310,Part-time 4-Wheel Drive,5.4,6,3.73,27.9,45.09,0.3638,0.03763,200.57031263209595,3.619951287651597,0.8375830221523934,2948.350405,28913.44049919325,1.4353628558755995,0.0069369230769230775
LINCOLN,EXPEDITION 4X2,BEA12833,0,Truck,6000,310,Part-time 4-Wheel Drive,5.4,6,3.31,24.8,41.49,0.3533,0.03618,184.55671481715814,3.515472209805688,0.8053083641103799,2721.55422,26689.329691562998,1.3800538965075522,0.006915
Lincoln,MKS,DLE3-3.7-H-333,0,Car,4500,304,"2-Wheel Drive, Front",3.7,6,3.16,29.1,21.61,0.6353,0.01709,96.1260691057794,6.3214817290958205,0.3803957971986289,2041.165665,20016.99726867225,0.6518828383447781,0.004802222222222222
Lincoln,MKS FWD,DG600001,0,Car,4500,304,"2-Wheel Drive, Front",3.7,6,3.16,28.4,26.04,0.5909,0.01736,115.83169086138341,5.879684485633118,0.3864055611099004,2041.165665,20016.99726867225,0.6621817480202075,0.005786666666666666
Lincoln,MKS FWD,DG600001,1,Car,4750,304,"2-Wheel Drive, Front",3.7,6,3.39,31.2,26.29,0.7083,0.01723,116.94374626519853,7.047860079834046,0.3835119710785474,2154.5637575,21129.052672487374,0.6572230137320377,0.005534736842105262
Lincoln,MKT,DP43-3.7-J-319,2,Car,5000,300,All Wheel Drive,3.7,6,3.16,27.9,23.59,0.717,0.02272,104.93354790399519,7.134428458620657,0.5057105039410678,2267.96185,22241.1080763025,0.8666341771324374,0.004718
Lincoln,MKT,DP43-3.7-J-319,3,Car,5250,300,All Wheel Drive,3.7,6,3.16,28.0,26.17,0.928,0.02125,116.40995967136729,9.233960403905119,0.47299067820192303,2381.3599425,23353.163480117626,0.8105623355662103,0.004984761904761905
Lincoln,MKTLivery,DBL50063,0,Car,4750,237,"2-Wheel Drive, Front",2.0,6,3.36,29.9,25.87,0.4276,0.02695,115.07549318678913,4.254786065420073,0.5998634718843212,2154.5637575,21129.052672487374,1.0279837620474996,0.0054463157894736845
Lincoln,MKTLivery,DP41-2.0-J-247,0,Car,4750,237,"2-Wheel Drive, Front",2.0,6,3.36,29.9,28.08,0.4388,0.02591,124.90606295651482,4.366230415122377,0.5767147516334976,2154.5637575,21129.052672487374,0.9883138877421415,0.0059115789473684205
Lincoln,MKZ AWD,DR800021,0,Car,4250,305,All Wheel Drive,3.7,6,3.65,35.2,28.68,0.7752,0.01235,127.57499592567113,7.713541061537982,0.2748910529785294,1927.7675725000001,18904.941864857126,0.47107975737612695,0.006748235294117646
LINCOLN,NAVIGATOR 4X4,BEA12829,0,Truck,6500,310,Part-time 4-Wheel Drive,5.4,6,3.73,28.1,60.52,0.9398,0.03061,269.2063721555655,9.351374986627187,0.6813291604593347,2948.350405,28913.44049919325,1.1675912043144325,0.009310769230769232
LINCOLN,NAVIGATOR 4X4 EXT,9F61-5.4-J-811,0,Truck,8500,310,4-Wheel Drive,5.4,6,3.73,28.4,74.24,0.7696,0.03227,330.23597271693944,7.6578188866868295,0.718278079321226,3855.5351450000003,37809.88372971425,1.2309104267633695,0.008734117647058821
LINCOLN,NAVIGATOR 4X4 EXT,9F61-5.4-J-811,1,Truck,8500,310,4-Wheel Drive,5.4,6,3.73,28.4,74.24,0.7696,0.03227,330.23597271693944,7.6578188866868295,0.718278079321226,3855.5351450000003,37809.88372971425,1.2309104267633695,0.008734117647058821
LINCOLN,NAVIGATOR 4X4 EXT.,9B51-5.4-C-796,1,Truck,6500,310,Part-time 4-Wheel Drive,5.4,6,3.73,28.0,63.84,0.9487,0.03162,283.9744679182303,9.439933443087053,0.7038101291644614,2948.350405,28913.44049919325,1.2061167553225207,0.009821538461538461
LINCOLN,NAVIGATOR 4X4 EXT.,9B51-5.4-C-796,2,Truck,6500,310,4-Wheel Drive,5.4,6,3.73,28.0,63.84,0.9487,0.03162,283.9744679182303,9.439933443087053,0.7038101291644614,2948.350405,28913.44049919325,1.2061167553225207,0.009821538461538461
BUICK,ENCLAVE AWD,3689ZP8000,0,Truck,5500,288,"2-Wheel Drive, Rear",3.6,6,3.16,26.2,46.76,0.5396,0.02706,207.99884272958096,5.369229562443104,0.6023118942185429,2494.7580350000003,24465.21888393275,1.0321796141374895,0.008501818181818182
BUICK,ENCORE AWD,14X5SV326A,0,Car,3625,138,"2-Wheel Drive, Front",1.4,6,3.53,33.6,31.9,0.3013,0.02305,141.89826952680994,2.9980520147592804,0.513055770943733,1644.2723412500002,16124.803355319313,0.879221733402407,0.008799999999999999
BUICK,LACROSSE,2442G02131,0,Car,4000,182,"2-Wheel Drive, Front",2.4,6,2.64,26.1,29.12,0.217,0.0164,129.53221343638575,2.1592342754821234,0.3650375116476018,1814.36948,17792.886461042,0.6255634025075694,0.00728
BUICK,LACROSSE,3640G55471,0,Both,4250,280,"2-Wheel Drive, Front",3.6,6,2.77,26.1,38.06,0.3569,0.01694,169.29931467681462,3.551293607924285,0.37705703947014474,1927.7675725000001,18904.941864857126,0.6461612218584283,0.008955294117647058
BUICK,LACROSSE,364AG55336,10,Both,4250,255,"2-Wheel Drive, Front",3.6,6,2.77,26.1,38.01,0.3567,0.01695,169.07690359605158,3.54930353025103,0.37727962331871034,1927.7675725000001,18904.941864857126,0.6465426629575183,0.008943529411764704
BUICK,REGAL,204CGN4304,4,Car,4000,220,"2-Wheel Drive, Front",2.0,6,3.23,30.8,33.58,0.4929,0.01487,149.37128184044758,4.9045464257379665,0.33098218281706326,1814.36948,17792.886461042,0.5672029143468021,0.008395
BUICK,REGAL,204CGN4328,0,Car,4000,260,"2-Wheel Drive, Front",2.0,6,3.33,29.6,40.32,0.1901,0.0206,179.35229552730334,1.8915688284292702,0.45852272804515826,1814.36948,17792.886461042,0.7857686641253614,0.01008
BUICK,REGAL,20X703P202,2,Car,4000,220,"2-Wheel Drive, Front",2.0,6,3.33,29.2,28.92,0.4924,0.01482,128.64256911333365,4.899571231554827,0.3298692635742352,1814.36948,17792.886461042,0.5652957088513522,0.00723
BUICK,REGAL,20XP6046,4,Car,4000,220,"2-Wheel Drive, Front",2.0,6,3.76,29.6,25.88,0.4068,0.01692,115.11997540294172,4.04781798740151,0.37661187177301353,1814.36948,17792.886461042,0.6453983396602484,0.006469999999999999
BUICK,REGAL,2442G02120,0,Both,4000,182,"2-Wheel Drive, Front",2.4,6,3.23,30.8,33.29,0.1767,0.02029,148.08129757202204,1.7582336243211576,0.45162262873962433,1814.36948,17792.886461042,0.773943990053572,0.0083225
BUICK,REGAL,244CGN4309,0,Both,4000,182,"2-Wheel Drive, Front",2.4,6,3.23,30.8,33.29,0.1767,0.02029,148.08129757202204,1.7582336243211576,0.45162262873962433,1814.36948,17792.886461042,0.773943990053572,0.0083225
BUICK,VERANO,204DPN4121,0,Car,3875,250,"2-Wheel Drive, Front",2.0,6,3.55,29.0,27.61,0.4377,0.0166,122.8153987973424,4.355284987919472,0.369489188618914,1757.67043375,17236.858759134437,0.633192224489369,0.007125161290322581
BUICK,VERANO,244CPP4629,0,Both,3750,180,"2-Wheel Drive, Front",2.4,6,3.23,31.9,34.72,0.1896,0.01799,154.44225448184454,1.8865936342461316,0.4004283435695339,1700.9713875,16680.831057226875,0.6862125372628763,0.009258666666666665
CADILLAC,6DM69,306ADN8001,0,Both,4250,265,"2-Wheel Drive, Rear",3.0,6,3.23,27.5,32.84,0.3945,0.01736,146.07959784515484,3.9254282104963027,0.3864055611099004,1927.7675725000001,18904.941864857126,0.6621817480202075,0.007727058823529412
CADILLAC,6DM69,306ADP4640,0,Both,4250,265,"2-Wheel Drive, Rear",3.0,6,3.42,32.4,21.88,0.6608,0.01424,97.32708894189973,6.575216632435886,0.31695940035742975,1927.7675725000001,18904.941864857126,0.5431721251041333,0.005148235294117646
CADILLAC,6DM69,306ADP4640,1,Both,4250,265,"2-Wheel Drive, Rear",3.0,6,3.42,32.4,21.88,0.6608,0.01424,97.32708894189973,6.575216632435886,0.31695940035742975,1927.7675725000001,18904.941864857126,0.5431721251041333,0.005148235294117646
CADILLAC,6DP35,3660D74413,0,Car,4500,304,"2-Wheel Drive, Rear",3.6,6,3.42,29.3,34.33,0.3988,0.01928,152.70744805189295,3.968214880471294,0.4291416600344976,2041.165665,20016.99726867225,0.7354184390454839,0.007628888888888888
CADILLAC,ATS,2063A02893,0,Car,3750,272,"2-Wheel Drive, Rear",2.0,6,3.27,30.6,41.32,0.299,0.01435,183.80051714256385,2.975166121516843,0.3194078226916515,1700.9713875,16680.831057226875,0.5473679771941231,0.011018666666666666
CADILLAC,ATS,206DA12399,0,Car,3750,172,"2-Wheel Drive, Rear",2.0,6,3.27,36.3,36.83,0.3219,0.01474,163.8280020900442,3.203030015104588,0.32808859278571034,1700.9713875,16680.831057226875,0.5622441800586324,0.009821333333333333
CADILLAC,ATS,2563A95476,0,Car,3625,202,"2-Wheel Drive, Rear",2.5,6,3.45,32.3,38.05,0.2863,0.01517,169.254832460662,2.848796189265124,0.3376596982740316,1644.2723412500002,16124.803355319313,0.5786461473195016,0.010496551724137928
CADILLAC,ATS,366DA07147,0,Both,3750,301,"2-Wheel Drive, Rear",3.6,6,3.27,30.6,42.15,0.3019,0.01418,187.49254108323007,3.0040222477790466,0.3156238972660361,1700.9713875,16680.831057226875,0.5408834785095934,0.01124
CADILLAC,ATS,366DAP4702,0,Car,3750,301,"2-Wheel Drive, Rear",3.6,6,3.27,30.6,42.15,0.3019,0.01418,187.49254108323007,3.0040222477790466,0.3156238972660361,1700.9713875,16680.831057226875,0.5408834785095934,0.01124
CADILLAC,CTS,621AFP2008,2,Car,4500,580,"2-Wheel Drive, Rear",6.2,6,3.23,27.9,44.77,0.845,0.016,199.14688171521257,8.40807816950412,0.35613415770497736,2041.165665,20016.99726867225,0.6103057585439702,0.009948888888888887
CADILLAC,CTS WAGON,626ADN0028,0,Car,4750,556,"2-Wheel Drive, Rear",6.2,6,3.23,27.9,46.21,0.8491,0.01602,205.55232084118768,8.448874761805858,0.3565793254021085,2154.5637575,21129.052672487374,0.61106864074215,0.009728421052631577
CADILLAC,ESCALADE 2WD,62XEKUA007,12,Truck,6000,403,"2-Wheel Drive, Rear",6.2,6,3.42,24.7,33.61,1.0442,0.02089,149.50472848890539,10.390195532066514,0.46497765965356097,2721.55422,26689.329691562998,0.7968304559989708,0.005601666666666666
CADILLAC,ESCALADE 4WD HYBRID,60C0K41256,2,Truck,6500,332,"2-Wheel Drive, Rear",6.0,1,3.08,24.6,51.12,0.1821,0.02981,227.39308897211674,1.8119657214990539,0.6635224525740858,2948.350405,28913.44049919325,1.1370759163872342,0.007864615384615385
CADILLAC,ESCALADE AWD,62XEKUA007,13,Truck,6000,403,"2-Wheel Drive, Rear",6.2,6,3.42,24.7,37.15,1.0053,0.02517,165.25143300692756,10.003125424618336,0.5602435468396424,2721.55422,26689.329691562998,0.9600872464094828,0.0061916666666666665
CADILLAC,SRX 2WD,366CNP5602,2,Both,4750,280,"2-Wheel Drive, Front",3.6,6,3.39,29.0,36.46,0.2951,0.02545,162.18216009239782,2.936359606888362,0.5664758945994796,2154.5637575,21129.052672487374,0.9707675971840024,0.0076757894736842105
CADILLAC,SRX 2WD,366CNP5602,3,Both,4750,280,"2-Wheel Drive, Front",3.6,6,3.39,29.0,36.46,0.2951,0.02545,162.18216009239782,2.936359606888362,0.5664758945994796,2154.5637575,21129.052672487374,0.9707675971840024,0.0076757894736842105
CADILLAC,SRX AWD,366CNP5602,0,Both,4750,280,"2-Wheel Drive, Front",3.6,6,3.39,29.0,40.07,0.429,0.02507,178.24024012348823,4.268716609132861,0.5580177083539863,2154.5637575,21129.052672487374,0.9562728354185831,0.00843578947368421
CADILLAC,SRX AWD,366CNP5602,1,Both,4750,280,"2-Wheel Drive, Front",3.6,6,3.39,29.0,40.07,0.429,0.02507,178.24024012348823,4.268716609132861,0.5580177083539863,2154.5637575,21129.052672487374,0.9562728354185831,0.00843578947368421
CADILLAC,XTS,364AG55336,9,Both,4250,255,"2-Wheel Drive, Front",3.6,6,2.77,25.7,36.17,0.3192,0.01771,160.89217582397228,3.1761639665156394,0.3941959958096967,1927.7675725000001,18904.941864857126,0.6755321864883568,0.008510588235294117
CADILLAC,XTS AWD,3663G84749,1,Both,4500,303,"2-Wheel Drive, Front",3.6,6,2.77,25.7,38.95,0.4099,0.01733,173.25823191439648,4.078664191336969,0.3857378095642036,2041.165665,20016.99726867225,0.6610374247229377,0.008655555555555555
CADILLAC,XTS HEARSE,3663G17142,1,Car,6000,303,"2-Wheel Drive, Front",3.6,6,3.16,28.9,54.82,0.3405,0.02687,243.8515089485806,3.388107238717341,0.5980828010957964,2721.55422,26689.329691562998,1.02493223325478,0.009136666666666666
CHEVROLET,1EF37,36E0V023,0,Both,4000,304,"2-Wheel Drive, Rear",3.6,6,3.27,26.5,9.87,1.1632,0.00684,43.90394734262113,11.574291747653485,0.1522473524188778,1814.36948,17792.886461042,0.2609057117775472,0.0024675
CHEVROLET,1EF37,36XE0P019,0,Both,4000,304,"2-Wheel Drive, Rear",3.6,6,3.27,29.5,9.89,1.5531,0.00248,43.99291177492634,15.45394817166491,0.055200794444271485,1814.36948,17792.886461042,0.09459739257431536,0.0024725
CHEVROLET,1LH26,241ALP5615,0,Both,4000,182,"2-Wheel Drive, Front",2.4,6,3.23,29.3,35.18,0.2494,0.02159,156.48843642486437,2.4816268585495003,0.48055852905315377,1814.36948,17792.886461042,0.8235313329352696,0.008794999999999999
CHEVROLET,1LH26,241ALP5615,1,Both,4000,182,"2-Wheel Drive, Front",2.4,6,3.23,29.3,35.18,0.2494,0.02159,156.48843642486437,2.4816268585495003,0.48055852905315377,1814.36948,17792.886461042,0.8235313329352696,0.008794999999999999
CHEVROLET,1LK26,241ALP5687,0,Both,4250,182,"2-Wheel Drive, Front",2.4,6,3.53,32.0,33.98,0.5627,0.02059,151.15057048655177,5.599083533704105,0.4583001441965927,1927.7675725000001,18904.941864857126,0.7853872230262715,0.007995294117647057
CHEVROLET,C15 SILVERADO 2WD,43C6C30928,55,Truck,5000,195,"2-Wheel Drive, Rear",4.3,4,3.23,25.7,22.38,0.7293,0.03141,99.55119974952997,7.256818235525864,0.6991358683445835,2267.96185,22241.1080763025,1.1981064922416311,0.004475999999999999
CHEVROLET,C15 SILVERADO 2WD,48XECPA039,39,Truck,5500,295,"2-Wheel Drive, Rear",4.8,4,3.23,25.7,25.48,0.7401,0.03017,113.34068675683753,7.364282429881657,0.6715354711224478,2494.7580350000003,24465.21888393275,1.1508077959544736,0.004632727272727272
CHEVROLET,C15 SILVERADO 2WD,48XECPA039,40,Truck,5000,295,"2-Wheel Drive, Rear",4.8,4,3.23,25.7,23.38,0.7328,0.03142,103.99942136479048,7.291644594807835,0.6993584521931492,2267.96185,22241.1080763025,1.1984879333407212,0.004676
CHEVROLET,C1500 SILVERADO CLASSIC 2WD,43C6C30928,0,Truck,5000,195,"2-Wheel Drive, Rear",4.3,4,3.23,25.7,20.95,1.151,0.02864,93.19024283970747,11.452897009584904,0.6374801422919094,2267.96185,22241.1080763025,1.0924473077937065,0.00419
CHEVROLET,C1500 TAHOE 2WD HYBRID,60C0K41256,0,Truck,6000,332,"2-Wheel Drive, Rear",6.0,1,3.08,25.0,50.05,0.1016,0.02949,222.633491843788,1.0109594580137498,0.6563997694199862,2721.55422,26689.329691562998,1.1248698012163547,0.008341666666666666
CHEVROLET,C1500 TAHOE 2WD HYBRID,60C0K41256,0,Truck,6000,332,"2-Wheel Drive, Rear",6.0,1,3.08,25.0,55.06,0.1118,0.03244,244.91908213624313,1.112453419349776,0.7220620047468415,2721.55422,26689.329691562998,1.2373949254478993,0.009176666666666668
CHEVROLET,C2500 SUBURBAN 2WD,60XECSB655,0,Truck,6500,352,"2-Wheel Drive, Rear",6.0,6,3.73,28.4,48.31,1.0713,0.02388,214.89358623323474,10.65985105679262,0.5315302303746786,2948.350405,28913.44049919325,0.9108813446268753,0.007432307692307692
CHEVROLET,CAMARO,36E0V023,6,Both,4000,304,"2-Wheel Drive, Rear",3.6,6,3.27,26.7,40.34,0.4345,0.01712,179.44125995960857,4.323443745147385,0.38106354874432574,1814.36948,17792.886461042,0.653027161642048,0.010085
CHEVROLET,CAMARO,621AEP2116,11,Car,4250,420,"2-Wheel Drive, Rear",6.2,6,3.45,23.8,27.5,1.0634,0.00826,122.32609441966375,10.58124298869903,0.18385425891519455,1927.7675725000001,18904.941864857126,0.31507034784832455,0.006470588235294117
CHEVROLET,CAMARO,621AEP2116,12,Car,4500,420,"2-Wheel Drive, Rear",6.2,6,3.45,23.8,29.56,1.0702,0.01061,131.48943094710037,10.648905629589718,0.23616146332811308,2041.165665,20016.99726867225,0.40470900613447014,0.006568888888888889
CHEVROLET,CAMARO,6269DP4410,7,Car,4500,550,"2-Wheel Drive, Rear",6.2,6,3.73,28.7,41.03,0.5652,0.0194,182.5105328741383,5.6239595046197985,0.431812666217285,2041.165665,20016.99726867225,0.7399957322345637,0.009117777777777777
CHEVROLET,CAMARO,628DEN2313,0,Car,4500,400,"2-Wheel Drive, Rear",6.2,6,3.27,26.5,39.61,0.8408,0.0143,176.19405818046837,8.366286538365758,0.31829490344882344,2041.165665,20016.99726867225,0.5454607716986732,0.00880222222222222
CHEVROLET,CAMARO,62XE0I071,12,Car,4250,420,"2-Wheel Drive, Rear",6.2,6,3.27,26.5,37.53,0.8339,0.01049,166.94175722072654,8.297628858638445,0.23349045714532574,1927.7675725000001,18904.941864857126,0.40013171294539035,0.008830588235294116
CHEVROLET,CAPRICE PPV,368CEN4029,0,Both,4250,280,"2-Wheel Drive, Rear",3.6,6,2.92,25.0,34.7,0.8484,0.01504,154.35329004953934,8.441909489949463,0.33476610824267866,1927.7675725000001,18904.941864857126,0.5736874130313319,0.00816470588235294
CHEVROLET,CAPRICE PPV,608BEM4804,0,Car,4500,356,"2-Wheel Drive, Rear",6.0,6,2.92,24.9,48.712,1.05281,0.011459,216.68177132256946,10.47586837590016,0.25505883207133345,2041.165665,20016.99726867225,0.43709335544720956,0.010824888888888887
CHEVROLET,CAPRICE PPV,608BEN4995,0,Car,4500,356,"2-Wheel Drive, Rear",6.0,6,2.92,24.9,35.86,0.8526,0.0149,159.5132271232415,8.483701121087826,0.33164993436276013,2041.165665,20016.99726867225,0.5683472376440721,0.007968888888888888
CHEVROLET,CAPTIVA FWD,30TBLP4011,10,Both,4250,264,"2-Wheel Drive, Front",3.0,6,3.23,29.3,25.78,0.2391,0.02636,114.67515324141569,2.3791378583768465,0.5867310248189501,1927.7675725000001,18904.941864857126,1.0054787372011906,0.006065882352941176
CHEVROLET,CC10703,53XECPA011,0,Truck,6000,320,"2-Wheel Drive, Rear",5.3,6,3.42,25.0,46.99,0.5973,0.02663,209.0219337010909,5.9433669711772925,0.5927407887302216,2721.55422,26689.329691562998,1.0157776468766202,0.007831666666666667
CHEVROLET,CC10703,53XECPA011,1,Truck,6000,320,"2-Wheel Drive, Rear",5.3,6,3.42,25.0,35.3,1.0142,0.02084,157.02222301869563,10.0916838810782,0.46386474041073295,2721.55422,26689.329691562998,0.794923250503521,0.005883333333333333
CHEVROLET,CC10706,53XECUA000,0,Truck,5250,315,"2-Wheel Drive, Rear",5.3,6,3.08,23.4,30.32,0.9619,0.02432,134.87007937469835,9.57127856952191,0.5413239197115656,2381.3599425,23353.163480117626,0.9276647529868346,0.005775238095238095
CHEVROLET,CC10903,43XECP9030,0,Truck,5250,195,"2-Wheel Drive, Rear",4.3,4,3.73,28.6,39.15,0.8238,0.03916,174.14787623744854,8.197129936139048,0.871638350982932,2381.3599425,23353.163480117626,1.4937233440363666,0.007457142857142856
CHEVROLET,CC10903,48XECPA039,1,Truck,6000,295,"2-Wheel Drive, Rear",4.8,4,3.42,26.0,31.78,0.8342,0.03469,141.3644829329787,8.300613975148329,0.7721433706741039,2721.55422,26689.329691562998,1.323219172743145,0.005296666666666667
CHEVROLET,CG13406,53XEGP9036,1,Truck,6000,301,"2-Wheel Drive, Rear",5.3,4,3.73,29.6,40.75,1.0282,0.03137,181.26503082186537,10.23098931820608,0.6982455329503212,2721.55422,26689.329691562998,1.1965807278452714,0.006791666666666667
CHEVROLET,CORVETTE,6216Y00043,0,Car,3625,420,"2-Wheel Drive, Rear",6.2,6,3.42,22.1,31.31,0.462,0.01282,139.27381877380623,4.597079425220005,0.28535249386111305,1644.2723412500002,16124.803355319313,0.489007489033356,0.008637241379310342
CHEVROLET,CORVETTE,6216Y00050,11,Car,3625,420,"2-Wheel Drive, Rear",6.2,6,2.56,22.1,29.34,0.7355,0.01083,130.51082219174305,7.318510643396783,0.2410583079965565,1644.2723412500002,16124.803355319313,0.4131007103144497,0.008093793103448274
CHEVROLET,CORVETTE,6216Y00050,12,Car,3625,420,"2-Wheel Drive, Rear",6.2,6,2.56,22.1,29.34,0.7355,0.01083,130.51082219174305,7.318510643396783,0.2410583079965565,1644.2723412500002,16124.803355319313,0.4131007103144497,0.008093793103448274
CHEVROLET,CORVETTE,621CYN4002,0,Car,3625,638,"2-Wheel Drive, Rear",6.2,6,3.42,22.3,35.12,0.4778,0.0167,156.22154312794873,4.754295561407182,0.37171502710457005,1644.2723412500002,16124.803355319313,0.6370066354802687,0.009688275862068964
CHEVROLET,CORVETTE,7016YN1020,6,Car,3500,505,"2-Wheel Drive, Rear",7.0,6,3.42,21.9,32.53,0.4629,0.01597,144.70064914442406,4.606034774749654,0.35546640615928055,1587.5732950000001,15568.77565341175,0.6091614352467002,0.009294285714285713
CHEVROLET,CRUZE,141BPP4216,2,Car,3375,138,"2-Wheel Drive, Front",1.4,6,3.83,37.6,25.43,0.109,0.01795,113.1182756760745,1.0845923319242001,0.3995380081752714,1530.87424875,15012.747951504187,0.6846867728665164,0.0075348148148148145
CHEVROLET,CRUZE,14X70057EX,13,Car,3375,140,"2-Wheel Drive, Front",1.4,6,3.53,35.1,27.09,0.1467,0.01875,120.50232355740694,1.4597219733328457,0.41734471606052026,1530.87424875,15012.747951504187,0.7152020607937148,0.008026666666666666
CHEVROLET,CRUZE,18X70058EX,0,Car,3375,140,"2-Wheel Drive, Front",1.8,6,3.87,38.5,27.09,0.1467,0.01891,120.50232355740694,1.4597219733328457,0.42090605763757005,1530.87424875,15012.747951504187,0.7213051183791546,0.008026666666666666
CHEVROLET,CRUZE,18X70079EX,0,Car,3375,138,"2-Wheel Drive, Front",1.8,6,3.94,38.7,25.25,0.1081,0.01811,112.31759578532761,1.0756369823945509,0.40309934975232126,1530.87424875,15012.747951504187,0.6907898304519562,0.007481481481481481
CHEVROLET,CRUZE ECO,141BPN4018,0,Car,3250,140,"2-Wheel Drive, Front",1.4,6,3.83,30.8,23.96,0.1143,0.01606,106.57938990164158,1.1373293902654689,0.357469660796371,1474.1752025,14456.720249596625,0.6125944051385099,0.007372307692307692
CHEVROLET,CRUZE ECO,14X70057EX,12,Car,3375,140,"2-Wheel Drive, Front",1.4,6,3.53,34.9,26.23,0.1556,0.01686,116.6768529682829,1.5482804297927113,0.37527636868161984,1530.87424875,15012.747951504187,0.6431096930657084,0.007771851851851851
CHEVROLET,EQUINOX AWD,241CLP5219,0,Both,4250,182,"2-Wheel Drive, Front",2.4,6,3.53,32.0,34.23,0.5726,0.02036,152.26262589036688,5.697592378530248,0.4531807156795836,1927.7675725000001,18904.941864857126,0.7766140777472019,0.008054117647058821
CHEVROLET,EQUINOX AWD,241CLP5219,1,Both,4250,182,"2-Wheel Drive, Front",2.4,6,3.53,32.0,34.23,0.5726,0.02036,152.26262589036688,5.697592378530248,0.4531807156795836,1927.7675725000001,18904.941864857126,0.7766140777472019,0.008054117647058821
CHEVROLET,EQUINOX AWD,30TBLP4011,0,Truck,4500,264,"2-Wheel Drive, Front",3.0,6,2.77,25.3,38.16,0.3969,0.02502,169.74413683834064,3.9493091425753675,0.5569047891111583,2041.165665,20016.99726867225,0.9543656299231331,0.008479999999999998
CHEVROLET,EQUINOX AWD,36TDLP5710,0,Both,4500,308,"2-Wheel Drive, Front",3.6,6,3.39,30.4,35.33,0.3637,0.0255,157.15566966715343,3.6189562488149694,0.5675888138423075,2041.165665,20016.99726867225,0.9726748026794522,0.007851111111111109
CHEVROLET,EQUINOX FWD,241ALP5615,20,Both,4000,182,"2-Wheel Drive, Front",2.4,6,3.23,29.3,35.61,0.2595,0.02138,158.4011717194264,2.582125781048899,0.4758842682332759,1814.36948,17792.886461042,0.8155210698543799,0.0089025
CHEVROLET,EQUINOX FWD,241ALP5615,21,Both,4000,182,"2-Wheel Drive, Front",2.4,6,3.23,29.3,35.61,0.2595,0.02138,158.4011717194264,2.582125781048899,0.4758842682332759,1814.36948,17792.886461042,0.8155210698543799,0.0089025
CHEVROLET,EQUINOX FWD,241CLN4446,0,Both,4000,182,"2-Wheel Drive, Front",2.4,6,3.23,29.3,35.61,0.2595,0.02138,158.4011717194264,2.582125781048899,0.4758842682332759,1814.36948,17792.886461042,0.8155210698543799,0.0089025
CHEVROLET,EQUINOX FWD,241CLN4446,1,Both,4000,182,"2-Wheel Drive, Front",2.4,6,3.23,29.3,35.61,0.2595,0.02138,158.4011717194264,2.582125781048899,0.4758842682332759,1814.36948,17792.886461042,0.8155210698543799,0.0089025
CHEVROLET,G1500 EXPRESS 2WD CARGO,53XEGP9036,34,Truck,5500,301,"2-Wheel Drive, Rear",5.3,4,3.42,27.2,26.83,0.9373,0.03156,119.3457859374392,9.326499015711494,0.7024746260730677,2494.7580350000003,24465.21888393275,1.2038281087279807,0.004878181818181818
CHEVROLET,G1500 EXPRESS 2WD PASS,53XEGP9036,33,Truck,6000,301,"2-Wheel Drive, Rear",5.3,4,3.73,29.6,30.27,0.9471,0.03159,134.6476682939353,9.424012821701009,0.7031423776187645,2721.55422,26689.329691562998,1.2049724320252508,0.005044999999999999
CHEVROLET,G2500 EXPRESS 2WD PASS MDPV,48XEGCA048,0,Truck,6500,280,"2-Wheel Drive, Rear",4.8,6,3.42,26.0,47.26,0.4061,0.03884,210.2229535372112,4.040852715545117,0.8645156678288324,2948.350405,28913.44049919325,1.4815172288654872,0.00727076923076923
CHEVROLET,G2500 EXPRESS CONV 2WD CARGO,60XEGCA050,8,Truck,7000,323,"2-Wheel Drive, Rear",6.0,6,3.42,25.8,48.76,0.4109,0.04378,216.89528596010194,4.088614579703246,0.9744720890202442,3175.1465900000003,31137.5513068235,1.669949131815938,0.006965714285714284
CHEVROLET,G3500 EXPRESS 2WD PASS MDPV,60XEGCA050,9,Truck,6500,323,"2-Wheel Drive, Rear",6.0,6,3.42,25.8,46.85,0.4048,0.03932,208.3991826749544,4.0279172106689565,0.8751996925599818,2948.350405,28913.44049919325,1.4998264016218064,0.007207692307692307
CHEVROLET,IMPALA,3612W07859,0,Car,3875,300,"2-Wheel Drive, Front",3.6,6,2.44,23.4,22.85,0.354,0.01828,101.64186390870242,3.5224374816620814,0.4068832751779366,1757.67043375,17236.858759134437,0.6972743291364858,0.005896774193548387
CHEVROLET,IMPALA,3612W94491,0,Both,3875,280,"2-Wheel Drive, Front",3.6,6,2.44,23.4,22.85,0.354,0.01829,101.64186390870242,3.5224374816620814,0.40710585902650215,1757.67043375,17236.858759134437,0.6976557702355757,0.005896774193548387
CHEVROLET,K15 SILVERADO 4WD,43C6C30928,56,Truck,5000,195,"2-Wheel Drive, Rear",4.3,4,3.73,28.4,27.64,1.0908,0.02581,122.94884544580022,10.853883629935025,0.5744889131478415,2267.96185,22241.1080763025,0.9844994767512416,0.005528
CHEVROLET,K15 SILVERADO 4WD,48XECPA039,41,Truck,5500,295,"2-Wheel Drive, Rear",4.8,4,3.42,26.0,31.46,1.0978,0.02898,139.9410520160953,10.923536348498963,0.6450479931431402,2494.7580350000003,24465.21888393275,1.105416305162766,0.005719999999999999
CHEVROLET,K15 SILVERADO 4WD,48XECPA039,42,Truck,5250,295,"2-Wheel Drive, Rear",4.8,4,3.42,26.0,29.16,1.0936,0.02699,129.71014230099618,10.881744717360599,0.6007538072785835,2381.3599425,23353.163480117626,1.0295095264438594,0.005554285714285714
CHEVROLET,K15 SILVERADO 4WD,53XECPA011A,52,Truck,5250,320,"2-Wheel Drive, Rear",5.3,6,3.42,24.9,41.43,0.5408,0.03363,184.2898215202425,5.381170028482637,0.7485494827261492,2381.3599425,23353.163480117626,1.282786416239607,0.00789142857142857
CHEVROLET,K15 SILVERADO 4WD,62XEKSB359,29,Truck,6000,403,"2-Wheel Drive, Rear",6.2,6,3.73,27.2,51.39,0.5865,0.03303,228.59410880823708,5.8359027768214995,0.7351944518122124,2721.55422,26689.329691562998,1.259899950294208,0.008565
CHEVROLET,K15 SILVERADO 4WD,62XEKSB359,36,Truck,5500,403,"2-Wheel Drive, Rear",6.2,6,3.42,25.2,45.46,0.5703,0.0332,202.2161546297423,5.674706485287811,0.738978377237828,2494.7580350000003,24465.21888393275,1.266384448978738,0.008265454545454545
CHEVROLET,K1500 TAHOE 4WD HYBRID,60C0K41256,10,Truck,6000,332,"2-Wheel Drive, Rear",6.0,1,3.08,24.7,52.22,0.106,0.02957,232.2861327489033,1.054741166825369,0.6581804402085112,2721.55422,26689.329691562998,1.1279213300090747,0.008703333333333334
CHEVROLET,K1500 TAHOE 4WD HYBRID,60C0K41256,10,Truck,6000,332,"2-Wheel Drive, Rear",6.0,1,3.08,24.7,57.44,0.1166,0.03253,255.50584958056308,1.160215283507906,0.7240652593839321,2721.55422,26689.329691562998,1.2408278953397092,0.009573333333333333
CHEVROLET,MALIBU,201DGP4412,0,Car,4000,250,"2-Wheel Drive, Front",2.0,6,2.77,26.1,34.12,0.2082,0.01908,151.77332151268823,2.071670857858885,0.42468998306318545,1814.36948,17792.886461042,0.7277896170636843,0.00853
CHEVROLET,MALIBU,244BGN4226,3,Car,3875,182,"2-Wheel Drive, Front",2.4,6,2.64,25.6,26.48,0.2366,0.01659,117.78890837209804,2.3542618874611536,0.36926660477034834,1757.67043375,17236.858759134437,0.632810783390279,0.006833548387096774
CHEVROLET,MALIBU,251DGP4391,0,Car,3625,197,"2-Wheel Drive, Front",2.5,6,2.89,28.8,28.53,0.1856,0.01739,126.90776268338206,1.8467920807810232,0.3870733126555972,1644.2723412500002,16124.803355319313,0.6633260713174775,0.007870344827586206
CHEVROLET,MALIBU,251DGP4391,1,Car,3875,197,"2-Wheel Drive, Front",2.5,6,2.89,28.8,33.94,0.2037,0.01932,150.97264162194134,2.0268941102106384,0.43003199542876014,1757.67043375,17236.858759134437,0.7369442034418439,0.008758709677419353
CHEVROLET,SONIC,144HV712DA,0,Car,3125,138,"2-Wheel Drive, Front",1.4,6,3.23,33.6,27.47,-0.1283,0.02232,122.19264777120593,-1.2766348273933474,0.49680714999844333,1417.47615625,13900.692547689063,0.8513765331688382,0.008790399999999999
CHEVROLET,SONIC,146NV231DM,0,Car,3000,138,"2-Wheel Drive, Front",1.4,6,3.65,30.9,19.85,0.2847,0.01713,88.29719906292092,2.832875567879081,0.3812861325928913,1360.77711,13344.664845781499,0.6534086027411379,0.006616666666666667
CHEVROLET,SONIC,185HV210DA,0,Car,3125,140,"2-Wheel Drive, Front",1.8,6,3.47,35.6,27.17,0.0055,0.02029,120.85818128662778,0.054727136014523864,0.45162262873962433,1417.47615625,13900.692547689063,0.773943990053572,0.0086944
CHEVROLET,SONIC,186NV201DM,0,Car,3000,138,"2-Wheel Drive, Front",1.8,5,3.94,41.6,20.06,0.2858,0.01753,89.23132560212562,2.8438209950819857,0.3901894865355158,1360.77711,13344.664845781499,0.6686662467047372,0.006686666666666666
CHEVROLET,SONIC 5,145HV283DA,0,Car,3250,138,"2-Wheel Drive, Front",1.4,6,3.47,36.6,31.27,-0.1152,0.02517,139.09588990919582,-1.1462847397951181,0.5602435468396424,1474.1752025,14456.720249596625,0.9600872464094828,0.009621538461538461
CHEVROLET,SONIC RS,14D4105785,0,Car,3125,138,"2-Wheel Drive, Front",1.4,6,4.18,42.8,22.99,0.3901,0.01885,102.26461493483887,3.8816465016846835,0.41957055454617637,1417.47615625,13900.692547689063,0.7190164717846147,0.007356799999999998
CHEVROLET,SPARK,12X6HV440M,0,Car,2625,85,"2-Wheel Drive, Front",1.2,5,4.21,43.7,19.25,0.2141,0.01857,85.62826609376462,2.13037814921992,0.4133382067863393,1190.67997125,11676.581740058813,0.7083361210100952,0.007333333333333333
CHEVROLET,SPARK,12X6HV442A,0,Car,2625,85,"2-Wheel Drive, Front",1.2,4,4.14,43.6,18.48,0.408,0.01626,82.20313545001403,4.0597584534410425,0.3619213377676832,1190.67997125,11676.581740058813,0.6202232271203096,0.0070399999999999985
CHEVROLET,VOLT,1411R24644,0,Car,4000,85,"2-Wheel Drive, Front",1.4,1,2.16,92.1,26.05,-0.012,0.0182,115.87617307753602,-0.1194046603953248,0.40510260438941165,1814.36948,17792.886461042,0.6942228003437658,0.0065125
CHEVROLET,VOLT,1411R24644,0,Car,4000,85,"2-Wheel Drive, Front",1.4,1,2.16,92.1,28.66,-0.0132,0.02002,127.48603149336591,-0.13134512643485727,0.44561286482835283,1814.36948,17792.886461042,0.7636450803781425,0.0071649999999999995
CHEVROLET,VOLT,141DRN4801,0,Car,4000,84,"2-Wheel Drive, Front",1.4,1,2.16,92.3,25.98,-0.0475,0.01898,115.56479756446778,-0.4726434473981606,0.4224641445775293,1814.36948,17792.886461042,0.7239752060727844,0.006495
GMC,C15 SIERRA 2WD,62XEKSB359,30,Truck,5500,403,"2-Wheel Drive, Rear",6.2,6,3.42,24.9,32.7,1.0337,0.02688,145.45684681901835,10.285716454220603,0.5983053849443619,2494.7580350000003,24465.21888393275,1.0253136743538698,0.0059454545454545454
GMC,K1500 YUKON XL AWD,62XEKSB359,0,Truck,6500,403,"2-Wheel Drive, Rear",6.2,6,3.42,24.9,36.51,1.0031,0.02818,162.40457117316083,9.981234570212527,0.6272412852578912,2948.350405,28913.44049919325,1.0749010172355673,0.005616923076923076
GMC,K2500 YUKON XL 4WD,60XECSB655,1,Truck,7000,352,"2-Wheel Drive, Rear",6.0,6,3.73,27.4,55.15,1.0163,0.02582,245.31942208161655,10.112579696647382,0.5747114969964071,3175.1465900000003,31137.5513068235,0.9848809178503316,0.007878571428571427
GMC,TK20906,60XEKS9606,0,Truck,7000,352,"2-Wheel Drive, Rear",6.0,6,3.73,28.2,64.17,1.4332,0.02702,285.4423810512663,14.260896606548291,0.6014215588242804,3175.1465900000003,31137.5513068235,1.0306538497411293,0.009167142857142856
ACURA,ILX,ED9A1A,1,Car,3250,150,"2-Wheel Drive, Front",2.0,5,4.44,36.9,25.53,0.0914,0.01824,113.56309783760057,0.9094654966777239,0.4059929397836741,1474.1752025,14456.720249596625,0.6957485647401258,0.007855384615384615
ACURA,ILX,ED9B1M,0,Car,3375,201,"2-Wheel Drive, Front",2.4,6,4.76,43.3,24.93,0.2001,0.01815,110.89416486844425,1.991072712092041,0.4039896851465836,1530.87424875,15012.747951504187,0.6923155948483161,0.007386666666666666
ACURA,ILX,ED9B1M,0,Car,3375,201,"2-Wheel Drive, Front",2.4,6,4.76,43.3,27.7,0.2223,0.02017,123.21573874271584,2.2119713338233917,0.448951622556837,1530.87424875,15012.747951504187,0.7693666968644922,0.008207407407407408
ACURA,ILX HYBRID,ED9C1C,2,Car,3250,110,"2-Wheel Drive, Front",1.5,1,4.2,30.9,30.04,0.0232,0.01968,133.6245773224254,0.2308490100976279,0.4380450139771221,1474.1752025,14456.720249596625,0.7506760830090832,0.009243076923076923
ACURA,ILX HYBRID,ED9C1C,3,Car,3250,110,"2-Wheel Drive, Front",1.5,1,4.2,30.9,30.04,0.0232,0.01968,133.6245773224254,0.2308490100976279,0.4380450139771221,1474.1752025,14456.720249596625,0.7506760830090832,0.009243076923076923
ACURA,ILX HYBRID,ED9C2C,2,Car,3250,110,"2-Wheel Drive, Front",1.5,1,4.2,30.9,30.04,0.0232,0.01968,133.6245773224254,0.2308490100976279,0.4380450139771221,1474.1752025,14456.720249596625,0.7506760830090832,0.009243076923076923
ACURA,ILX HYBRID,ED9C2C,3,Car,3250,110,"2-Wheel Drive, Front",1.5,1,4.2,30.9,30.04,0.0232,0.01968,133.6245773224254,0.2308490100976279,0.4380450139771221,1474.1752025,14456.720249596625,0.7506760830090832,0.009243076923076923
ACURA,MDX 4WD,EAYE1A,0,Truck,5000,300,"2-Wheel Drive, Front",3.7,6,4.25,28.2,47.67,0.6654,0.02667,212.04672439946802,6.62098841892076,0.593631124124484,2267.96185,22241.1080763025,1.0173034112729802,0.009534
ACURA,RDX 2WD,ED8A2A,0,Truck,4000,273,"2-Wheel Drive, Front",3.5,6,4.25,28.6,22.81,0.3709,0.02297,101.463935044092,3.6905990450521644,0.511275100155208,1814.36948,17792.886461042,0.876170204609687,0.0057025
ACURA,RDX 4WD,ED8A1A,0,Truck,4250,273,"2-Wheel Drive, Front",3.5,6,4.25,28.6,25.25,0.4588,0.02296,112.31759578532761,4.565238182447918,0.5110525163066425,1927.7675725000001,18904.941864857126,0.8757887635105971,0.0059411764705882344
ACURA,TL 2WD,ECK11A,0,Car,4000,280,"2-Wheel Drive, Front",3.5,6,3.72,27.0,36.71,0.4072,0.01651,163.29421549621296,4.051798142748021,0.3674859339818235,1814.36948,17792.886461042,0.6297592545975592,0.0091775
ACURA,TL 4WD,EAK21M,0,Car,4250,305,"2-Wheel Drive, Front",3.7,6,3.84,34.4,39.05,0.4645,0.02023,173.7030540759225,4.621955396135697,0.4502871256482307,1927.7675725000001,18904.941864857126,0.7716553434590322,0.009188235294117645
ACURA,TL 4WD,ECK21A,0,Car,4250,305,"2-Wheel Drive, Front",3.7,6,3.72,27.0,40.69,0.5711,0.0166,180.99813752494973,5.682666795980833,0.369489188618914,1927.7675725000001,18904.941864857126,0.633192224489369,0.009574117647058821
ACURA,TSX,EBL51A,0,Car,3875,201,"2-Wheel Drive, Front",2.4,5,4.44,33.7,28.05,0.3283,0.01772,124.77261630805702,3.2667125006487607,0.3944185796582624,1757.67043375,17236.858759134437,0.6759136275874469,0.007238709677419355
ACURA,TSX,EBL51A,1,Car,3750,201,"2-Wheel Drive, Front",2.4,5,4.44,33.7,25.27,0.3514,0.01646,112.40656021763283,3.496566471909761,0.3663730147389954,1700.9713875,16680.831057226875,0.6278520491021092,0.006738666666666666
ACURA,TSX,EBL51M,0,Car,3750,201,"2-Wheel Drive, Front",2.4,6,4.76,43.9,19.58,0.5949,0.01436,87.09617922680057,5.919486039098227,0.3196304065402171,1700.9713875,16680.831057226875,0.5477494182932131,0.005221333333333332
ACURA,TSX,EBL81A,0,Car,4000,280,"2-Wheel Drive, Front",3.5,5,4.31,27.8,28.76,0.5304,0.01458,127.93085365489198,5.277685989473356,0.3245272512086606,1814.36948,17792.886461042,0.5561411224731928,0.00719
ACURA,ZDX 4WD,EAP61A,0,Car,4750,300,"2-Wheel Drive, Front",3.7,6,4.25,28.1,39.79,0.7864,0.01999,176.99473807121527,7.824985411240284,0.44494511328265607,2154.5637575,21129.052672487374,0.7625007570808726,0.008376842105263156
HONDA,ACCORD,EDA02C,0,Car,3625,185,"2-Wheel Drive, Front",2.4,1,3.24,27.3,41.46,-0.5168,0.02476,184.42326816870033,-5.142360707691988,0.5511176090484524,1644.2723412500002,16124.803355319313,0.9444481613467938,0.011437241379310344
HONDA,ACCORD,EDA02C,1,Car,3625,183,"2-Wheel Drive, Front",2.4,1,3.24,27.3,41.46,-0.5168,0.02476,184.42326816870033,-5.142360707691988,0.5511176090484524,1644.2723412500002,16124.803355319313,0.9444481613467938,0.011437241379310344
HONDA,ACCORD,EDA02C,2,Car,3500,185,"2-Wheel Drive, Front",2.4,1,3.24,27.3,40.77,-0.5063,0.02455,181.35399525417057,-5.037881629846079,0.5464433482285745,1587.5732950000001,15568.77565341175,0.9364378982659041,0.011648571428571427
HONDA,ACCORD,EDA02C,3,Car,3500,185,"2-Wheel Drive, Front",2.4,1,3.24,27.3,40.77,-0.5063,0.02455,181.35399525417057,-5.037881629846079,0.5464433482285745,1587.5732950000001,15568.77565341175,0.9364378982659041,0.011648571428571427
HONDA,ACCORD,EDA21C,0,Car,3625,189,"2-Wheel Drive, Front",2.4,1,3.24,26.9,46.59,-0.5204,0.02512,207.2426450549867,-5.178182105810585,0.5591306275968143,1644.2723412500002,16124.803355319313,0.9581800409140329,0.012852413793103448
HONDA,ACCORD,EDA21C,1,Car,3625,189,"2-Wheel Drive, Front",2.4,1,3.24,26.9,46.59,-0.5204,0.02512,207.2426450549867,-5.178182105810585,0.5591306275968143,1644.2723412500002,16124.803355319313,0.9581800409140329,0.012852413793103448
HONDA,ACCORD,EDA21M,0,Car,3500,185,"2-Wheel Drive, Front",2.4,6,4.39,37.6,19.1,0.2685,0.01621,84.96103285147555,2.6716792763453925,0.36080841852485507,1587.5732950000001,15568.77565341175,0.6183160216248595,0.005457142857142857
HONDA,ACCORD,EDA21M,1,Car,3500,185,"2-Wheel Drive, Front",2.4,6,4.39,37.6,19.1,0.2685,0.01621,84.96103285147555,2.6716792763453925,0.36080841852485507,1587.5732950000001,15568.77565341175,0.6183160216248595,0.005457142857142857
HONDA,ACCORD,EDA21M,2,Car,3625,185,"2-Wheel Drive, Front",2.4,6,4.39,37.6,19.85,0.2584,0.01642,88.29719906292092,2.571180353845994,0.365482679344733,1644.2723412500002,16124.803355319313,0.6263262847057494,0.005475862068965517
HONDA,ACCORD,EDA21M,3,Car,3625,185,"2-Wheel Drive, Front",2.4,6,4.39,37.6,19.85,0.2584,0.01642,88.29719906292092,2.571180353845994,0.365482679344733,1644.2723412500002,16124.803355319313,0.6263262847057494,0.005475862068965517
HONDA,ACCORD,EDA31C,0,Car,3625,189,"2-Wheel Drive, Front",2.4,1,3.24,26.9,46.59,-0.5204,0.02512,207.2426450549867,-5.178182105810585,0.5591306275968143,1644.2723412500002,16124.803355319313,0.9581800409140329,0.012852413793103448
HONDA,ACCORD,EDA31C,1,Car,3625,189,"2-Wheel Drive, Front",2.4,1,3.24,26.9,46.59,-0.5204,0.02512,207.2426450549867,-5.178182105810585,0.5591306275968143,1644.2723412500002,16124.803355319313,0.9581800409140329,0.012852413793103448
HONDA,ACCORD,EDA33C,0,Car,3625,185,"2-Wheel Drive, Front",2.4,1,3.24,27.3,41.46,-0.5168,0.02476,184.42326816870033,-5.142360707691988,0.5511176090484524,1644.2723412500002,16124.803355319313,0.9444481613467938,0.011437241379310344
HONDA,ACCORD,EDA33C,1,Car,3625,185,"2-Wheel Drive, Front",2.4,1,3.24,27.3,41.46,-0.5168,0.02476,184.42326816870033,-5.142360707691988,0.5511176090484524,1644.2723412500002,16124.803355319313,0.9444481613467938,0.011437241379310344
HONDA,ACCORD,EDA33C,2,Car,3500,185,"2-Wheel Drive, Front",2.4,1,3.24,27.3,40.77,-0.5063,0.02455,181.35399525417057,-5.037881629846079,0.5464433482285745,1587.5732950000001,15568.77565341175,0.9364378982659041,0.011648571428571427
HONDA,ACCORD,EDA33C,3,Car,3500,185,"2-Wheel Drive, Front",2.4,1,3.24,27.3,40.77,-0.5063,0.02455,181.35399525417057,-5.037881629846079,0.5464433482285745,1587.5732950000001,15568.77565341175,0.9364378982659041,0.011648571428571427
HONDA,ACCORD,EDG01A,0,Car,3875,278,"2-Wheel Drive, Front",3.5,6,3.94,29.2,23.1,0.31,0.01487,102.75391931251755,3.0846203935458902,0.33098218281706326,1757.67043375,17236.858759134437,0.5672029143468021,0.0059612903225806455
HONDA,ACCORD,EDG01A,1,Car,3875,278,"2-Wheel Drive, Front",3.5,6,3.94,29.2,23.1,0.31,0.01487,102.75391931251755,3.0846203935458902,0.33098218281706326,1757.67043375,17236.858759134437,0.5672029143468021,0.0059612903225806455
HONDA,ACCORD,EDG02A,0,Car,3875,278,"2-Wheel Drive, Front",3.5,6,3.94,28.8,28.52,0.3061,0.01592,126.86328046722944,3.04581387891741,0.3543534869164524,1757.67043375,17236.858759134437,0.6072542297512502,0.007359999999999999
HONDA,ACCORD,EDG02A,1,Car,3875,278,"2-Wheel Drive, Front",3.5,6,3.94,28.8,28.52,0.3061,0.01592,126.86328046722944,3.04581387891741,0.3543534869164524,1757.67043375,17236.858759134437,0.6072542297512502,0.007359999999999999
HONDA,ACCORD,EDG11A,0,Car,3875,278,"2-Wheel Drive, Front",3.5,6,3.94,29.2,23.1,0.31,0.01487,102.75391931251755,3.0846203935458902,0.33098218281706326,1757.67043375,17236.858759134437,0.5672029143468021,0.0059612903225806455
HONDA,ACCORD,EDG11A,1,Car,3875,278,"2-Wheel Drive, Front",3.5,6,3.94,29.2,23.1,0.31,0.01487,102.75391931251755,3.0846203935458902,0.33098218281706326,1757.67043375,17236.858759134437,0.5672029143468021,0.0059612903225806455
HONDA,ACCORD,EDG12A,0,Car,3875,278,"2-Wheel Drive, Front",3.5,6,3.94,28.8,28.52,0.3061,0.01592,126.86328046722944,3.04581387891741,0.3543534869164524,1757.67043375,17236.858759134437,0.6072542297512502,0.007359999999999999
HONDA,ACCORD,EDG12A,1,Car,3875,278,"2-Wheel Drive, Front",3.5,6,3.94,28.8,28.52,0.3061,0.01592,126.86328046722944,3.04581387891741,0.3543534869164524,1757.67043375,17236.858759134437,0.6072542297512502,0.007359999999999999
HONDA,ACCORD,EDG21M,0,Car,3750,278,"2-Wheel Drive, Front",3.5,6,3.55,36.0,26.01,0.2574,0.01669,115.6982442129256,2.561229965479717,0.3714924432560045,1700.9713875,16680.831057226875,0.6366251943811788,0.006936
HONDA,ACCORD,EDG21M,1,Car,3750,278,"2-Wheel Drive, Front",3.5,6,3.55,36.0,26.01,0.2574,0.01669,115.6982442129256,2.561229965479717,0.3714924432560045,1700.9713875,16680.831057226875,0.6366251943811788,0.006936
HONDA,CIVIC,EC1A1M,2,Car,3000,140,"2-Wheel Drive, Front",1.8,5,4.29,43.7,20.06,0.1822,0.01736,89.23132560212562,1.8129607603356817,0.3864055611099004,1360.77711,13344.664845781499,0.6621817480202075,0.006686666666666666
HONDA,CIVIC,EC1A1M,3,Car,3000,140,"2-Wheel Drive, Front",1.8,5,4.29,43.7,20.06,0.1822,0.01736,89.23132560212562,1.8129607603356817,0.3864055611099004,1360.77711,13344.664845781499,0.6621817480202075,0.006686666666666666
HONDA,CIVIC,ED1J1A,2,Car,3125,140,"2-Wheel Drive, Front",1.8,5,4.44,32.6,20.43,0.1132,0.01809,90.87716759977201,1.126383963062564,0.40265418205518994,1417.47615625,13900.692547689063,0.6900269482537761,0.006537599999999999
HONDA,CIVIC,ED1J1A,3,Car,3125,140,"2-Wheel Drive, Front",1.8,5,4.44,32.6,20.43,0.1132,0.01809,90.87716759977201,1.126383963062564,0.40265418205518994,1417.47615625,13900.692547689063,0.6900269482537761,0.006537599999999999
HONDA,CIVIC,ED1J1A,4,Car,3125,140,"2-Wheel Drive, Front",1.8,5,4.44,32.6,20.45,0.1102,0.0185,90.96613203207721,1.0965327979637327,0.41178011984637997,1417.47615625,13900.692547689063,0.7056660333164653,0.006543999999999999
HONDA,CIVIC,ED1J1A,5,Car,3125,140,"2-Wheel Drive, Front",1.8,5,4.44,32.6,20.45,0.1102,0.0185,90.96613203207721,1.0965327979637327,0.41178011984637997,1417.47615625,13900.692547689063,0.7056660333164653,0.006543999999999999
HONDA,CIVIC,ED2J1A,2,Car,3125,140,"2-Wheel Drive, Front",1.8,5,4.44,32.6,20.43,0.1132,0.01809,90.87716759977201,1.126383963062564,0.40265418205518994,1417.47615625,13900.692547689063,0.6900269482537761,0.006537599999999999
HONDA,CIVIC,ED2J1A,3,Car,3125,140,"2-Wheel Drive, Front",1.8,5,4.44,32.6,20.43,0.1132,0.01809,90.87716759977201,1.126383963062564,0.40265418205518994,1417.47615625,13900.692547689063,0.6900269482537761,0.006537599999999999
HONDA,CIVIC,ED2J1A,4,Car,3125,140,"2-Wheel Drive, Front",1.8,5,4.44,32.6,20.45,0.1102,0.0185,90.96613203207721,1.0965327979637327,0.41178011984637997,1417.47615625,13900.692547689063,0.7056660333164653,0.006543999999999999
HONDA,CIVIC,ED2J1A,5,Car,3125,140,"2-Wheel Drive, Front",1.8,5,4.44,32.6,20.45,0.1102,0.0185,90.96613203207721,1.0965327979637327,0.41178011984637997,1417.47615625,13900.692547689063,0.7056660333164653,0.006543999999999999
HONDA,CIVIC GX,EC1Z1A,4,Car,3250,110,"2-Wheel Drive, Front",1.8,5,4.44,32.6,20.95,0.1141,0.01809,93.19024283970747,1.1353393125922133,0.40265418205518994,1474.1752025,14456.720249596625,0.6900269482537761,0.006446153846153845
HONDA,CIVIC GX,EC1Z1A,5,Car,3250,110,"2-Wheel Drive, Front",1.8,5,4.44,32.6,20.95,0.1141,0.01809,93.19024283970747,1.1353393125922133,0.40265418205518994,1474.1752025,14456.720249596625,0.6900269482537761,0.006446153846153845
HONDA,CIVIC HF,ED1J1A,6,Car,3000,140,"2-Wheel Drive, Front",1.8,5,4.44,32.6,16.19,0.2125,0.01542,72.01670795106749,2.1144575278338764,0.3432242944881719,1360.77711,13344.664845781499,0.5881821747967512,0.005396666666666667
HONDA,CIVIC HF,ED1J1A,7,Car,3000,140,"2-Wheel Drive, Front",1.8,5,4.44,32.6,16.19,0.2125,0.01542,72.01670795106749,2.1144575278338764,0.3432242944881719,1360.77711,13344.664845781499,0.5881821747967512,0.005396666666666667
HONDA,CIVIC HF,ED2J1A,6,Car,3000,140,"2-Wheel Drive, Front",1.8,5,4.44,32.6,16.19,0.2125,0.01542,72.01670795106749,2.1144575278338764,0.3432242944881719,1360.77711,13344.664845781499,0.5881821747967512,0.005396666666666667
HONDA,CIVIC HF,ED2J1A,7,Car,3000,140,"2-Wheel Drive, Front",1.8,5,4.44,32.6,16.19,0.2125,0.01542,72.01670795106749,2.1144575278338764,0.3432242944881719,1360.77711,13344.664845781499,0.5881821747967512,0.005396666666666667
HONDA,CIVIC HYBRID,ECW01C,0,Car,3125,90,"2-Wheel Drive, Front",1.5,1,3.94,29.1,22.03,-0.011,0.01907,97.99432218418882,-0.10945427202904773,0.4244673992146198,1417.47615625,13900.692547689063,0.7274081759645943,0.0070496
HONDA,CIVIC HYBRID,ECW01C,1,Car,3125,113,"2-Wheel Drive, Front",1.5,1,3.94,29.1,22.03,-0.011,0.01907,97.99432218418882,-0.10945427202904773,0.4244673992146198,1417.47615625,13900.692547689063,0.7274081759645943,0.0070496
HONDA,CIVIC HYBRID,ECW02C,0,Car,3125,113,"2-Wheel Drive, Front",1.5,1,3.94,29.1,22.03,-0.011,0.01907,97.99432218418882,-0.10945427202904773,0.4244673992146198,1417.47615625,13900.692547689063,0.7274081759645943,0.0070496
HONDA,CIVIC HYBRID,ECW02C,1,Car,3125,113,"2-Wheel Drive, Front",1.5,1,3.94,29.1,22.03,-0.011,0.01907,97.99432218418882,-0.10945427202904773,0.4244673992146198,1417.47615625,13900.692547689063,0.7274081759645943,0.0070496
HONDA,CIVIC SI,ECX01M,0,Car,3250,201,"2-Wheel Drive, Front",2.4,6,4.76,43.3,26.48,0.2661,0.01712,117.78890837209804,2.6477983442663273,0.38106354874432574,1474.1752025,14456.720249596625,0.653027161642048,0.008147692307692307
HONDA,CIVIC SI,ECX01M,0,Car,3250,201,"2-Wheel Drive, Front",2.4,6,4.76,43.3,29.13,0.2927,0.01883,129.57669565253835,2.9124786748092975,0.41912538684904516,1474.1752025,14456.720249596625,0.7182535895864347,0.008963076923076923
HONDA,CR-V 2WD EX,EC5A3A,2,Both,3625,185,"2-Wheel Drive, Front",2.4,5,4.44,29.5,20.74,0.3756,0.02184,92.25611630050275,3.7373658703736656,0.48612312526729395,1644.2723412500002,16124.803355319313,0.833067360412519,0.005721379310344827
HONDA,CR-V 2WD EX,EC5A3A,3,Both,3625,185,"2-Wheel Drive, Front",2.4,5,4.44,29.5,20.74,0.3756,0.02184,92.25611630050275,3.7373658703736656,0.48612312526729395,1644.2723412500002,16124.803355319313,0.833067360412519,0.005721379310344827
HONDA,CR-V 2WD EXL,EC5A3A,0,Both,3750,185,"2-Wheel Drive, Front",2.4,5,4.44,29.5,21.34,0.3793,0.02185,94.92504926965906,3.7741823073288914,0.48634570911585967,1700.9713875,16680.831057226875,0.8334488015116092,0.005690666666666666
HONDA,CR-V 2WD EXL,EC5A3A,1,Both,3750,185,"2-Wheel Drive, Front",2.4,5,4.44,29.5,21.34,0.3793,0.02185,94.92504926965906,3.7741823073288914,0.48634570911585967,1700.9713875,16680.831057226875,0.8334488015116092,0.005690666666666666
HONDA,CR-V 2WD LX,EC5A3A,4,Both,3625,185,"2-Wheel Drive, Front",2.4,5,4.44,30.1,20.22,0.3724,0.02183,89.9430410605673,3.705524627601579,0.4859005414187284,1644.2723412500002,16124.803355319313,0.8326859193134292,0.005577931034482757
HONDA,CR-V 2WD LX,EC5A3A,5,Both,3625,185,"2-Wheel Drive, Front",2.4,5,4.44,30.1,20.22,0.3724,0.02183,89.9430410605673,3.705524627601579,0.4859005414187284,1644.2723412500002,16124.803355319313,0.8326859193134292,0.005577931034482757
HONDA,CR-V 4WD EX,EC5A1A,2,Both,3750,185,"2-Wheel Drive, Front",2.4,5,4.44,31.1,24.71,0.3847,0.0216,109.91555611308695,3.827914404506787,0.4807811129017194,1700.9713875,16680.831057226875,0.8239127740343596,0.006589333333333333
HONDA,CR-V 4WD EX,EC5A1A,3,Both,3750,185,"2-Wheel Drive, Front",2.4,5,4.44,31.1,24.71,0.3847,0.0216,109.91555611308695,3.827914404506787,0.4807811129017194,1700.9713875,16680.831057226875,0.8239127740343596,0.006589333333333333
HONDA,CR-V 4WD EXL,EC5A1A,0,Both,3875,185,"2-Wheel Drive, Front",2.4,5,4.44,31.1,25.31,0.3884,0.02161,112.58448908224324,3.8647308414620127,0.481003696750285,1757.67043375,17236.858759134437,0.8242942151334496,0.006531612903225806
HONDA,CR-V 4WD EXL,EC5A1A,1,Both,3875,185,"2-Wheel Drive, Front",2.4,5,4.44,31.1,25.31,0.3884,0.02161,112.58448908224324,3.8647308414620127,0.481003696750285,1757.67043375,17236.858759134437,0.8242942151334496,0.006531612903225806
HONDA,CR-V 4WD LX,EC5A1A,4,Both,3750,185,"2-Wheel Drive, Front",2.4,5,4.44,31.7,22.19,0.3831,0.02176,98.70603764263049,3.811993783120744,0.48434245447876917,1700.9713875,16680.831057226875,0.8300158316197993,0.0059173333333333335
HONDA,CR-V 4WD LX,EC5A1A,5,Both,3750,185,"2-Wheel Drive, Front",2.4,5,4.44,31.7,22.19,0.3831,0.02176,98.70603764263049,3.811993783120744,0.48434245447876917,1700.9713875,16680.831057226875,0.8300158316197993,0.0059173333333333335
HONDA,CR-Z,EDTW1C,1,Car,3000,135,"2-Wheel Drive, Front",1.5,7,4.2,31.9,34.4,-0.0629,0.02002,153.0188235649612,-0.6258794282388275,0.44561286482835283,1360.77711,13344.664845781499,0.7636450803781425,0.011466666666666667
HONDA,CR-Z,EDTW1M,0,Car,3000,135,"2-Wheel Drive, Front",1.5,6,4.29,42.5,25.29,0.2504,0.01615,112.49552464993803,2.4915772469157775,0.3594729154334615,1360.77711,13344.664845781499,0.6160273750303198,0.00843
HONDA,CROSSTOUR L4,ECJ01A,1,Both,4000,192,"2-Wheel Drive, Front",2.4,5,4.44,31.1,27.68,0.1009,0.02117,123.12677431041062,1.003994186157356,0.47121000741339814,1814.36948,17792.886461042,0.8075108067734904,0.00692
HONDA,CROSSTOUR V6 2WD,ED532A,0,Car,4250,278,"2-Wheel Drive, Front",3.5,6,4.25,28.7,31.86,0.2125,0.01946,141.7203406621995,2.1144575278338764,0.43314816930867867,1927.7675725000001,18904.941864857126,0.7422843788291036,0.007496470588235292
HONDA,CROSSTOUR V6 4WD,ED531A,0,Car,4500,278,"2-Wheel Drive, Front",3.5,6,4.25,31.1,35.7,0.3229,0.01949,158.80151166479985,3.2129804034708647,0.4338159208543755,2041.165665,20016.99726867225,0.7434287021263735,0.007933333333333332
HONDA,FIT,EBP31A,1,Car,2875,117,"2-Wheel Drive, Front",1.5,5,4.56,36.8,20.79,0.2787,0.01913,92.47852738126578,2.7731732376814184,0.4258029023060135,1304.07806375,12788.637143873937,0.7296968225591342,0.007231304347826086
HONDA,FIT,EBP31M,2,Car,2750,117,"2-Wheel Drive, Front",1.5,5,4.62,49.1,20.54,0.2911,0.01951,91.36647197745066,2.8965580534232545,0.4342610885515067,1247.3790175000001,12232.609441966375,0.7441915843245535,0.007469090909090908
HONDA,FIT EV,EDDC1F,0,Car,3625,123,"2-Wheel Drive, Front",0.001,1,3.69,114.4,19.06,0.407,0.01499,84.78310398686511,4.049808065074766,0.3336531889998506,1644.2723412500002,16124.803355319313,0.5717802075358819,0.005257931034482757
HONDA,FIT EV,EDDC1F,1,Car,3625,123,"2-Wheel Drive, Front",0.001,1,3.69,114.4,19.06,0.407,0.01499,84.78310398686511,4.049808065074766,0.3336531889998506,1644.2723412500002,16124.803355319313,0.5717802075358819,0.005257931034482757
HONDA,FIT SPORT,EBP31A,0,Car,2875,117,"2-Wheel Drive, Front",1.5,5,4.56,36.7,23.95,0.3121,0.01954,106.53490768548896,3.105516209115072,0.4349288400972035,1304.07806375,12788.637143873937,0.7453359076218233,0.008330434782608694
HONDA,FIT SPORT,EBP31M,0,Car,2875,117,"2-Wheel Drive, Front",1.5,5,4.62,48.9,23.7,0.3245,0.01992,105.42285228167384,3.228901024856908,0.4433870263426968,1304.07806375,12788.637143873937,0.7598306693872428,0.008243478260869564
HONDA,INSIGHT DX/LX,ECBJ1C,2,Car,3125,98,"2-Wheel Drive, Front",1.3,1,4.2,32.9,28.03,-0.0015,0.01805,124.6836518757518,-0.0149255825494156,0.40176384666092757,1417.47615625,13900.692547689063,0.6885011838574163,0.0089696
HONDA,INSIGHT DX/LX,ECBJ1C,3,Car,3125,98,"2-Wheel Drive, Front",1.3,1,4.2,32.9,28.03,-0.0015,0.01805,124.6836518757518,-0.0149255825494156,0.40176384666092757,1417.47615625,13900.692547689063,0.6885011838574163,0.0089696
HONDA,INSIGHT DX/LX,ECBJ2C,2,Car,3125,98,"2-Wheel Drive, Front",1.3,1,4.2,32.9,28.03,-0.0015,0.01805,124.6836518757518,-0.0149255825494156,0.40176384666092757,1417.47615625,13900.692547689063,0.6885011838574163,0.0089696
HONDA,INSIGHT DX/LX,ECBJ2C,3,Car,3125,98,"2-Wheel Drive, Front",1.3,1,4.2,32.9,28.03,-0.0015,0.01805,124.6836518757518,-0.0149255825494156,0.40176384666092757,1417.47615625,13900.692547689063,0.6885011838574163,0.0089696
HONDA,INSIGHT EX,ECBJ1C,0,Car,3125,98,"2-Wheel Drive, Front",1.3,1,4.2,32.9,28.03,-0.0015,0.01805,124.6836518757518,-0.0149255825494156,0.40176384666092757,1417.47615625,13900.692547689063,0.6885011838574163,0.0089696
HONDA,INSIGHT EX,ECBJ1C,1,Car,3125,98,"2-Wheel Drive, Front",1.3,1,4.2,32.9,28.03,-0.0015,0.01805,124.6836518757518,-0.0149255825494156,0.40176384666092757,1417.47615625,13900.692547689063,0.6885011838574163,0.0089696
HONDA,INSIGHT EX,ECBJ2C,0,Car,3125,98,"2-Wheel Drive, Front",1.3,1,4.2,32.9,28.03,-0.0015,0.01805,124.6836518757518,-0.0149255825494156,0.40176384666092757,1417.47615625,13900.692547689063,0.6885011838574163,0.0089696
HONDA,INSIGHT EX,ECBJ2C,1,Car,3125,98,"2-Wheel Drive, Front",1.3,1,4.2,32.9,28.03,-0.0015,0.01805,124.6836518757518,-0.0149255825494156,0.40176384666092757,1417.47615625,13900.692547689063,0.6885011838574163,0.0089696
HONDA,ODYSSEY LX/EX/EXL,EBV01A,0,Truck,4750,248,"2-Wheel Drive, Front",3.5,5,4.31,32.2,32.73,0.3247,0.02344,145.59029346747613,3.230891102530163,0.5217365410377918,2154.5637575,21129.052672487374,0.8940979362669161,0.006890526315789472
HONDA,ODYSSEY TOURING/TOURING-TE,EBV02A,1,Truck,4750,248,"2-Wheel Drive, Front",3.5,6,4.25,28.6,31.41,0.5813,0.01965,139.7186409353323,5.784160757316859,0.4373772624314253,2154.5637575,21129.052672487374,0.7495317597118133,0.006612631578947368
HONDA,PILOT 2WD EX,ECN03A,1,Car,4500,250,"2-Wheel Drive, Front",3.5,5,4.31,31.9,24.01,0.5114,0.0263,106.8018009824046,5.088628610514092,0.5853955217275565,2041.165665,20016.99726867225,1.0031900906066509,0.005335555555555555
HONDA,PILOT 2WD TOURING,ECN03A,0,Car,4750,250,"2-Wheel Drive, Front",3.5,5,4.31,31.9,25.08,0.5181,0.02632,111.56139811073332,5.155296212568149,0.5858406894246877,2154.5637575,21129.052672487374,1.0039529728048309,0.005279999999999999
HONDA,PILOT 4WD EXL,ECN01A,1,Car,4750,250,"2-Wheel Drive, Front",3.5,5,4.31,31.9,24.83,0.9487,0.02211,110.4493427069182,9.439933443087053,0.4921328891785655,2154.5637575,21129.052672487374,0.8433662700879486,0.005227368421052631
HONDA,PILOT 4WD TOURING,ECN01A,0,Car,5000,250,"2-Wheel Drive, Front",3.5,5,4.31,31.9,25.32,0.9518,0.02212,112.62897129839585,9.470779647022512,0.4923554730271312,2267.96185,22241.1080763025,0.8437477111870387,0.005064
HONDA,RIDGELINE,ECJE1A,0,Truck,5000,250,"2-Wheel Drive, Front",3.5,5,4.53,28.6,33.68,0.7413,0.02989,149.81610400197363,7.376222895921189,0.6653031233626108,2267.96185,22241.1080763025,1.1401274451799541,0.006736
HYUNDAI,Accent,RB1R6GU05A1,0,Car,2875,138,"2-Wheel Drive, Front",1.6,6,2.94,33.5,18.95,0.225,0.01564,84.29379960918646,2.23883738241234,0.34812113915661536,1304.07806375,12788.637143873937,0.5965738789767308,0.006591304347826087
HYUNDAI,Accent,RB1R6GU05A2,0,Car,2750,138,"2-Wheel Drive, Front",1.6,6,2.94,33.5,18.34,0.285,0.01414,81.58038442387756,2.835860684388964,0.3147335618717737,1247.3790175000001,12232.609441966375,0.5393577141132335,0.006669090909090908
HYUNDAI,Accent,RB1R6GU08A1,0,Car,2750,138,"2-Wheel Drive, Front",1.6,6,3.65,41.5,18.15,0.215,0.01542,80.73522231697807,2.1393334987495694,0.3432242944881719,1247.3790175000001,12232.609441966375,0.5881821747967512,0.006599999999999999
HYUNDAI,AZERA,HG2L3AU55B5,0,Car,4000,293,"2-Wheel Drive, Front",3.3,6,3.04,30.8,29.77,0.1982,0.01734,132.42355748630507,1.9721669741961143,0.38596039341276916,1814.36948,17792.886461042,0.6614188658220276,0.0074424999999999995
HYUNDAI,AZERA,HG2L3AU55B5,1,Car,4000,293,"2-Wheel Drive, Front",3.3,6,3.04,30.9,28.537,0.19241,0.01663,126.93890023468887,1.9145542255553702,0.37015694016461076,1814.36948,17792.886461042,0.6343365477866388,0.00713425
HYUNDAI,ELANTRA,MD1N8GF29A1,0,Car,3000,148,"2-Wheel Drive, Front",1.8,6,3.07,33.2,20.622,0.295,0.01433,91.73122614990203,2.9353645680517344,0.3189626549945203,1360.77711,13344.664845781499,0.5466050949959432,0.006874
HYUNDAI,ELANTRA,MD1N8GF30A1,0,Car,3000,148,"2-Wheel Drive, Front",1.8,6,2.74,24.3,19.404,0.2624,0.01374,86.31329222251473,2.6109819073111025,0.3058302079291493,1360.77711,13344.664845781499,0.5241000701496343,0.006468
HYUNDAI,ELANTRA,MD1N8GU91A1,0,Car,3000,145,"2-Wheel Drive, Front",1.8,6,3.07,33.2,20.622,0.295,0.01433,91.73122614990203,2.9353645680517344,0.3189626549945203,1360.77711,13344.664845781499,0.5466050949959432,0.006874
HYUNDAI,ELANTRA BLUE,MD3N8GF73A1,0,Car,3000,148,"2-Wheel Drive, Front",1.8,6,3.07,33.2,19.612,0.1041,0.0166,87.23852231848892,1.0358354289294425,0.369489188618914,1360.77711,13344.664845781499,0.633192224489369,0.006537333333333333
HYUNDAI,ELANTRA BLUE,MD3N8GU75A1,0,Car,3000,145,"2-Wheel Drive, Front",1.8,6,3.07,33.2,19.612,0.1041,0.0166,87.23852231848892,1.0358354289294425,0.369489188618914,1360.77711,13344.664845781499,0.633192224489369,0.006537333333333333
HYUNDAI,ELANTRA COUPE,JK2N8GF01A1,0,Car,3000,148,"2-Wheel Drive, Front",1.8,6,3.07,33.2,19.782,0.1039,0.0167,87.99471999308321,1.0338453512561872,0.37171502710457005,1360.77711,13344.664845781499,0.6370066354802687,0.006594
HYUNDAI,ELANTRA COUPE,JK2N8GF02A1,0,Car,3000,148,"2-Wheel Drive, Front",1.8,6,4.33,38.4,19.287,0.1013,0.0163,85.79285029352926,1.0079743415038667,0.36281167316194557,1360.77711,13344.664845781499,0.6217489915166694,0.006429
HYUNDAI,ELANTRA COUPE,JK2N8GU81A1,0,Car,3000,145,"2-Wheel Drive, Front",1.8,6,3.07,33.2,19.782,0.1039,0.0167,87.99471999308321,1.0338453512561872,0.37171502710457005,1360.77711,13344.664845781499,0.6370066354802687,0.006594
HYUNDAI,ELANTRA GT,GD3N8GU87B1,0,Car,3125,145,"2-Wheel Drive, Front",1.8,6,3.27,35.4,20.185,0.1004,0.0171,89.78735330403318,0.9990189919742175,0.3806183810471945,1417.47615625,13900.692547689063,0.652264279443868,0.006459199999999998
HYUNDAI,ELANTRA GT,GD3N8GU87B1,1,Car,3125,145,"2-Wheel Drive, Front",1.8,6,3.27,35.4,21.145,0.1024,0.01742,94.05764605468326,1.0189197687067715,0.38774106420129406,1417.47615625,13900.692547689063,0.6644703946147474,0.006766399999999999
HYUNDAI,EQUUS,VI2T0GU73A2,0,Car,4750,429,"2-Wheel Drive, Rear",5.0,8,3.54,25.9,35.219,0.561,0.016,156.66191706785955,5.582167873481435,0.35613415770497736,2154.5637575,21129.052672487374,0.6103057585439702,0.007414526315789474
HYUNDAI,EQUUS,VI2T0GU73A2,1,Car,4750,429,"2-Wheel Drive, Rear",5.0,8,3.54,25.9,35.219,0.561,0.016,156.66191706785955,5.582167873481435,0.35613415770497736,2154.5637575,21129.052672487374,0.6103057585439702,0.007414526315789474
HYUNDAI,GENESIS,BH1L8AU62B2,0,Car,4250,333,"2-Wheel Drive, Rear",3.8,8,3.91,28.2,30.422,0.10142,0.01942,135.32379797945492,1.00916838810782,0.4322578339144162,1927.7675725000001,18904.941864857126,0.7407586144327436,0.007158117647058823
HYUNDAI,GENESIS COUPE,BK3F0U29A1,0,Car,3750,274,"2-Wheel Drive, Rear",2.0,8,4.18,31.0,36.2,0.3123,0.01268,161.0256224724301,3.1075062867883276,0.28223631998119453,1700.9713875,16680.831057226875,0.4836673136460963,0.009653333333333333
HYUNDAI,GENESIS COUPE,BK3F0U30A1,0,Car,3750,274,"2-Wheel Drive, Rear",2.0,6,3.73,38.5,33.8,0.2876,0.01301,150.34989059580488,2.8617316941412847,0.28958158698385966,1700.9713875,16680.831057226875,0.49625486991606566,0.009013333333333332
HYUNDAI,GENESIS COUPE,BK3L8AU16B2,0,Car,3875,348,"2-Wheel Drive, Rear",3.8,6,3.54,36.4,34.203,0.39681,0.01358,152.1425239067549,3.9484136076224026,0.3022688663520995,1757.67043375,17236.858759134437,0.5179970125641946,0.008826580645161291
HYUNDAI,GENESIS COUPE,BK3L8AU33B2,0,Car,3875,348,"2-Wheel Drive, Rear",3.8,8,4.18,31.0,36.804,0.37182,0.01357,163.71234832804743,3.6997534023491387,0.3020462825035339,1757.67043375,17236.858759134437,0.5176155714651046,0.009497806451612903
HYUNDAI,GENESIS R SPEC,BH2T0GU33A2,0,Car,4500,429,"2-Wheel Drive, Rear",5.0,8,3.54,26.2,34.672,0.6149,0.01546,154.22873984431203,6.118493806423768,0.34411462988243435,2041.165665,20016.99726867225,0.5897079391931112,0.007704888888888888
HYUNDAI,GENESIS R SPEC,BH2T0GU33A2,0,Car,4500,429,"2-Wheel Drive, Rear",5.0,8,3.54,26.2,38.139,0.67639,0.017006,169.6507241844202,6.730343187066145,0.3785260928706778,2041.165665,20016.99726867225,0.6486787331124222,0.008475333333333333
Hyundai,Santa Fe,NC3L3AU05A2,0,Car,4500,290,4-Wheel Drive,3.3,6,3.04,28.0,39.46,0.5549,0.02182,175.52682493817932,5.5214705044471435,0.48567795757016274,2041.165665,20016.99726867225,0.8323044782143391,0.008768888888888889
Hyundai,Santa Fe,NC3L3AU05A2B,0,Car,4500,290,4-Wheel Drive,3.3,6,3.04,28.2,37.48,0.1713,0.0274,166.7193461399635,1.7045015271432615,0.6098797450697736,2041.165665,20016.99726867225,1.0451486115065487,0.008328888888888887
Hyundai,Santa Fe,NC3L3AU07A2,0,Car,4250,290,"2-Wheel Drive, Front",3.3,6,3.04,28.0,30.985,0.7815,0.0186,137.8281467488466,7.776228508245527,0.41400595833203613,1927.7675725000001,18904.941864857126,0.7094804443073652,0.007290588235294117
Hyundai,Santa Fe,NC3L3AU07A2B,0,Car,4250,290,"2-Wheel Drive, Front",3.3,6,3.04,28.2,29.005,0.3979,0.0242,129.02066795063078,3.9592595309416443,0.5386529135287782,1927.7675725000001,18904.941864857126,0.9230874597977548,0.006824705882352939
Hyundai,Santa Fe Sport,AN3F0HU17A1,0,Car,4250,265,4-Wheel Drive,2.0,6,3.51,32.3,26.347,0.40519,0.021578,117.19729489726839,4.031797862131804,0.48029142843487505,1927.7675725000001,18904.941864857126,0.8230736036163616,0.006199294117647058
Hyundai,Santa Fe Sport,AN3F0HU21A1,0,Car,4000,265,"2-Wheel Drive, Front",2.0,6,3.51,32.3,26.336,-0.21642,0.027571,117.14836445950051,-2.1534630502296825,0.6136859288802455,1814.36948,17792.886461042,1.0516712543009874,0.006584
Hyundai,Santa Fe Sport,DM3F4GU27A1,0,Car,3875,191,"2-Wheel Drive, Front",2.4,6,3.65,33.9,27.305,-0.2087,0.0256,121.45869120468794,-2.076646052042024,0.5698146523279637,1757.67043375,17236.858759134437,0.9764892136703521,0.007046451612903225
Hyundai,Santa Fe Sport,DM3F4GU29B1,0,Car,4000,191,4-Wheel Drive,2.4,6,3.65,33.6,23.19,0.5172,0.01862,103.154259257891,5.146340863038499,0.4144511260291674,1814.36948,17792.886461042,0.7102433265055452,0.005797500000000001
HYUNDAI,SONATA,YF0F4AU20A1,0,Car,3500,198,"2-Wheel Drive, Front",2.4,6,3.25,35.9,26.49,0.5064,0.0103,117.83339058825062,5.038876668682706,0.22926136402257913,1587.5732950000001,15568.77565341175,0.3928843320626807,0.007568571428571427
HYUNDAI,SONATA,YF0F4AU37A1,0,Car,3500,190,"2-Wheel Drive, Front",2.4,6,2.89,30.0,29.45,0.5673,0.0101,131.00012656942172,5.64485532018898,0.22480968705126692,1587.5732950000001,15568.77565341175,0.3852555100808811,0.008414285714285714
HYUNDAI,SONATA,YF0F4AU40A1,0,Car,3500,198,"2-Wheel Drive, Front",2.4,6,2.89,30.0,29.45,0.5673,0.0101,131.00012656942172,5.64485532018898,0.22480968705126692,1587.5732950000001,15568.77565341175,0.3852555100808811,0.008414285714285714
HYUNDAI,SONATA,YF1F0HU20A1,0,Car,3750,274,"2-Wheel Drive, Front",2.0,6,2.89,30.4,30.336,0.57524,0.01028,134.9412509205425,5.723861403817219,0.22881619632544792,1700.9713875,16680.831057226875,0.39212144986450076,0.008089599999999999
HYUNDAI,SONATA HYBRID,HYF3FUP107A,0,Car,3750,159,"2-Wheel Drive, Front",2.4,6,3.32,34.1,30.469,0.06119,0.017356,135.53286439537217,0.6088642641324937,0.38631652757047413,1700.9713875,16680.831057226875,0.6620291715805715,0.008125066666666667
HYUNDAI,SONATA HYBRID LIMITED,HYF3FUP108A,0,Car,3875,159,"2-Wheel Drive, Front",2.4,6,3.32,34.2,32.749,-0.02735,0.018895,145.6748096781661,-0.27214312181767775,0.4205721818647216,1757.67043375,17236.858759134437,0.7207329567305196,0.008451354838709678
HYUNDAI,TUCSON,LM0F0GU20B1,0,Truck,3500,165,"2-Wheel Drive, Front",2.0,5,4.53,47.1,25.701,0.3078,0.02354,114.3237437338101,3.062729539140081,0.5239623795234478,1587.5732950000001,15568.77565341175,0.8979123472578159,0.007343142857142856
HYUNDAI,TUCSON,LM0F0GU23B1,0,Truck,3500,165,"2-Wheel Drive, Front",2.0,6,3.65,36.3,26.932,0.34,0.02253,119.79950454219578,3.383132044534203,0.5014814108183212,1587.5732950000001,15568.77565341175,0.8593867962497279,0.007694857142857142
HYUNDAI,TUCSON,LM1F4GF32A1,0,Truck,3500,176,"2-Wheel Drive, Front",2.4,6,3.74,39.2,25.7,0.3078,0.02354,114.31929551219484,3.062729539140081,0.5239623795234478,1587.5732950000001,15568.77565341175,0.8979123472578159,0.007342857142857142
HYUNDAI,TUCSON,LM1F4GF34A1,0,Truck,3625,176,4-Wheel Drive,2.4,6,3.74,39.2,28.27,0.3594,0.02667,125.75122506341432,3.576169578839978,0.593631124124484,1644.2723412500002,16124.803355319313,1.0173034112729802,0.0077986206896551715
HYUNDAI,TUCSON,LM2F4GF31A1,0,Truck,3500,176,"2-Wheel Drive, Front",2.4,6,3.2,31.6,26.521,0.09395,0.02378,117.97128545832372,0.9348389870117304,0.5293043918890225,1587.5732950000001,15568.77565341175,0.9070669336359753,0.007577428571428571
HYUNDAI,TUCSON,LM2F4GF33A1,0,Truck,3750,176,4-Wheel Drive,2.4,6,3.2,31.6,28.599,0.1318,0.02591,127.21468997483503,1.3114611866753174,0.5767147516334976,1700.9713875,16680.831057226875,0.9883138877421415,0.007626399999999999
HYUNDAI,TUCSON,LM2F4GU41A1,0,Truck,3500,170,"2-Wheel Drive, Front",2.4,6,3.2,31.6,26.521,0.09395,0.02378,117.97128545832372,0.9348389870117304,0.5293043918890225,1587.5732950000001,15568.77565341175,0.9070669336359753,0.007577428571428571
HYUNDAI,TUCSON,LM2F4GU43A1,0,Truck,3750,170,4-Wheel Drive,2.4,6,3.2,31.6,28.599,0.1318,0.02591,127.21468997483503,1.3114611866753174,0.5767147516334976,1700.9713875,16680.831057226875,0.9883138877421415,0.007626399999999999
HYUNDAI,Veloster,FS1R6AU26A1,0,Car,3000,138,"2-Wheel Drive, Front",1.6,6,4.27,41.2,21.163,0.0919,0.01644,94.13771404375795,0.9144406908608624,0.36592784704186415,1360.77711,13344.664845781499,0.6270891669039291,0.0070543333333333335
HYUNDAI,Veloster,FS3R6AU39A1,1,Car,3250,201,"2-Wheel Drive, Front",1.6,6,3.32,35.7,25.328,0.12852,0.016216,112.66455707131793,1.2788239128339285,0.36094196883399454,1474.1752025,14456.720249596625,0.6185448862843137,0.0077932307692307684
HYUNDAI,Veloster,FS3R6AU52A1,0,Car,3125,201,"2-Wheel Drive, Front",1.6,6,4.47,39.4,24.675,0.10382,0.016325,109.75986835655283,1.0330493201868851,0.36336813278335967,1417.47615625,13900.692547689063,0.6227025942643944,0.007895999999999999
KIA,OPTIMA HYBRID,HTF3FUP109A,0,Car,3750,159,"2-Wheel Drive, Front",2.4,6,3.32,34.1,32.448,-0.02145,0.018318,144.3358949719727,-0.21343583045664308,0.4077290938024859,1700.9713875,16680.831057226875,0.6987238053130277,0.008652799999999999
KIA,OPTIMA HYBRID EX,HTF3FUP110A,0,Car,3875,159,"2-Wheel Drive, Front",2.4,6,3.32,34.2,31.658,0.08465,0.017206,140.8217998959169,0.8423003752053537,0.38297776984198995,1757.67043375,17236.858759134437,0.6563075550942218,0.008169806451612903
Jaguar,XF,TGT4V016,0,Car,4250,240,"2-Wheel Drive, Rear",2.0,8,2.73,23.7,36.91,0.3681,0.017944,164.18385981926502,3.6627379576265877,0.39940445786613205,1927.7675725000001,18904.941864857126,0.6844579082070624,0.008684705882352938
Jaguar,XF,TGT4V016,0,Car,4250,240,"2-Wheel Drive, Rear",2.0,8,2.73,23.7,41.01,0.409,0.019938,182.42156844183307,4.069708841807319,0.44378767727011487,1927.7675725000001,18904.941864857126,0.7605172633656048,0.00964941176470588
Jaguar,XF 3.0,TBS6TT11,0,Car,4500,340,4-Wheel Drive,3.0,8,2.56,22.1,38.55,0.3681,0.017944,171.47894326829226,3.6627379576265877,0.39940445786613205,2041.165665,20016.99726867225,0.6844579082070624,0.008566666666666665
Jaguar,XF 3.0 AWD,TAV6VP74,0,Car,4500,340,4-Wheel Drive,3.0,8,2.56,22.1,36.99,0.6192,0.015791,164.5397175484859,6.161280476398759,0.351482155269956,2041.165665,20016.99726867225,0.6023336395729894,0.00822
Jaguar,XF 3.0 AWD,TAV6VP74,1,Car,4500,340,4-Wheel Drive,3.0,8,2.56,21.4,45.133,0.6289,0.014173,200.76158616155215,6.257799243551648,0.31546808857204023,2041.165665,20016.99726867225,0.5406164697402305,0.010029555555555555
Jaguar,XF 3.0 AWD,TAV6VP74,2,Car,4750,340,4-Wheel Drive,3.0,8,2.56,21.4,45.706,0.6289,0.014173,203.31041714709642,6.257799243551648,0.31546808857204023,2154.5637575,21129.052672487374,0.5406164697402305,0.009622315789473685
Jaguar,XF Supercharged,TBSSTT12,0,Car,4500,470,4-Wheel Drive,5.0,8,2.56,22.1,44.14,0.3849,0.01931,196.34450209759845,3.829904482180043,0.4298094115801945,2041.165665,20016.99726867225,0.7365627623427539,0.009808888888888888
Jaguar,XJ 3.0,KBS6TT34,0,Car,4500,340,4-Wheel Drive,3.0,8,2.56,21.4,43.13,0.3779,0.016326,191.85179826618537,3.7602517636161035,0.3633903911682162,2041.165665,20016.99726867225,0.6227407383743034,0.009584444444444444
Jaguar,XJ 3.0,TBS6TT11,1,Car,4250,340,4-Wheel Drive,3.0,8,2.56,21.4,43.13,0.3779,0.016326,191.85179826618537,3.7602517636161035,0.3633903911682162,1927.7675725000001,18904.941864857126,0.6227407383743034,0.010148235294117647
Jaguar,XJ Supercharged,KBSSTT35,0,Car,4500,470,4-Wheel Drive,5.0,8,2.56,21.5,38.65,0.607,0.013879,171.9237654298183,6.039885738330178,0.30892412342421127,2041.165665,20016.99726867225,0.5294021014269851,0.008588888888888887
Jaguar,XJL,KBL8TT36,0,Car,4500,385,4-Wheel Drive,5.0,8,2.56,21.4,43.13,0.3779,0.016326,191.85179826618537,3.7602517636161035,0.3633903911682162,2041.165665,20016.99726867225,0.6227407383743034,0.009584444444444444
JAGUAR,XK Convertible,PHATT005,0,Car,4250,385,"2-Wheel Drive, Rear",5.0,6,3.31,29.6,37.09,0.4269,0.01968,164.98453971001194,4.24782079356368,0.4380450139771221,1927.7675725000001,18904.941864857126,0.7506760830090832,0.00872705882352941
JAGUAR,XK Coupe,PHATT005,1,Car,4000,385,"2-Wheel Drive, Rear",5.0,6,3.31,29.6,35.52,0.5535,0.0169,158.00083177405295,5.507539960734356,0.3761667040758822,1814.36948,17792.886461042,0.6446354574620683,0.00888
Jaguar,XK-R,2PCTT008,0,Car,4250,510,"2-Wheel Drive, Rear",5.0,6,3.31,29.6,35.89,0.5521,0.017826,159.64667377169934,5.493609417021569,0.39677796845305785,1927.7675725000001,18904.941864857126,0.6799569032378007,0.008444705882352941
Jaguar,XK-R,2PCTT008,1,Car,4250,510,"2-Wheel Drive, Rear",5.0,6,3.31,29.6,34.98,0.5521,0.017415,155.59879210181225,5.493609417021569,0.38762977227701123,1927.7675725000001,18904.941864857126,0.6642796740652024,0.008230588235294115
Jaguar,XF Supercharged,S67023,0,Car,4500,510,4-Wheel Drive,5.0,8,2.56,22.1,44.14,0.3849,0.01931,196.34450209759845,3.829904482180043,0.4298094115801945,2041.165665,20016.99726867225,0.7365627623427539,0.009808888888888888
Jaguar,XF Supercharged,S67023,1,Car,4500,510,4-Wheel Drive,5.0,8,2.56,21.5,38.65,0.607,0.013879,171.9237654298183,6.039885738330178,0.30892412342421127,2041.165665,20016.99726867225,0.5294021014269851,0.008588888888888887
HYUNDAI,ELANTRA GT,GD3N8GF12B1,0,Car,3125,148,"2-Wheel Drive, Front",1.8,6,4.33,38.4,19.4,0.1014,0.0168,86.29549933605368,1.0089693803404944,0.37394086559022616,1417.47615625,13900.692547689063,0.6408210464711686,0.006207999999999998
HYUNDAI,ELANTRA GT,GD3N8GF12B1,1,Car,3125,148,"2-Wheel Drive, Front",1.8,6,4.33,38.4,19.81,0.1091,0.0171,88.11927019831049,1.085587370760828,0.3806183810471945,1417.47615625,13900.692547689063,0.652264279443868,0.006339199999999999
HYUNDAI,ELANTRA GT,GD3N8GF13B1,0,Car,3125,148,"2-Wheel Drive, Front",1.8,6,3.27,35.4,20.185,0.1004,0.0171,89.78735330403318,0.9990189919742175,0.3806183810471945,1417.47615625,13900.692547689063,0.652264279443868,0.006459199999999998
HYUNDAI,ELANTRA GT,GD3N8GF13B1,1,Car,3125,148,"2-Wheel Drive, Front",1.8,6,3.27,35.4,21.145,0.1024,0.01742,94.05764605468326,1.0189197687067715,0.38774106420129406,1417.47615625,13900.692547689063,0.6644703946147474,0.006766399999999999
HYUNDAI,Veloster,FS3R6AU02A5,1,Car,3000,133,"2-Wheel Drive, Front",1.6,6,3.76,36.7,22.959,0.09373,0.016396,102.1267200647658,0.9326499015711494,0.36494847810817554,1360.77711,13344.664845781499,0.6254108260679334,0.007652999999999999
HYUNDAI,Veloster,FS3R6AU04A5,0,Car,3125,133,"2-Wheel Drive, Front",1.6,6,3.76,36.4,23.739,0.10786,0.016054,105.596332924669,1.0732488891866443,0.35733611048723163,1417.47615625,13900.692547689063,0.612365540479056,0.007596479999999999
KIA,FORTE,TD1F0GU04A1,0,Car,3125,156,"2-Wheel Drive, Front",2.0,6,4.33,38.4,22.2,0.596,0.0114,98.7505198587831,5.9304314663011315,0.25374558736479635,1417.47615625,13900.692547689063,0.4348428529625787,0.007103999999999999
KIA,FORTE,TD1F0GU17A1,0,Car,3125,154,"2-Wheel Drive, Front",2.0,6,2.89,31.2,23.1,0.61,0.011,102.75391931251755,6.06973690342901,0.24484223342217187,1417.47615625,13900.692547689063,0.4195852089989794,0.007392
KIA,FORTE,TD1F0GU19A1,0,Car,3125,156,"2-Wheel Drive, Front",2.0,6,2.89,31.2,23.1,0.61,0.011,102.75391931251755,6.06973690342901,0.24484223342217187,1417.47615625,13900.692547689063,0.4195852089989794,0.007392
KIA,FORTE,TD1F0GU21A1,0,Car,3250,154,"2-Wheel Drive, Front",2.0,6,2.89,31.2,24.696,0.6271,0.0116,109.85328101047331,6.239888544492349,0.2581972643361085,1474.1752025,14456.720249596625,0.4424716749443782,0.007598769230769231
KIA,FORTE,TD1F0GU23A1,0,Car,3250,156,"2-Wheel Drive, Front",2.0,6,2.89,31.2,24.696,0.6271,0.0116,109.85328101047331,6.239888544492349,0.2581972643361085,1474.1752025,14456.720249596625,0.4424716749443782,0.007598769230769231
KIA,FORTE,TD1F4GF53A1,0,Car,3250,173,"2-Wheel Drive, Front",2.4,6,2.89,31.5,23.9,0.723,0.0104,106.31249660472594,7.1941307888183195,0.23148720250823523,1474.1752025,14456.720249596625,0.3966987430535805,0.007353846153846153
KIA,FORTE,TD1F4GF54A1,0,Car,3250,173,"2-Wheel Drive, Front",2.4,6,2.96,34.6,22.8,0.711,0.01033,101.4194528279394,7.074726128422994,0.22992911556827597,1474.1752025,14456.720249596625,0.3940286553599507,0.007015384615384615
KIA,FORTE,TD1F4GF55A1,0,Car,3375,173,"2-Wheel Drive, Front",2.4,6,2.89,31.5,25.666,0.7407,0.0107,114.16805597727598,7.370252662901423,0.23816471796520358,1530.87424875,15012.747951504187,0.40814197602628,0.00760474074074074
KIA,FORTE,TD1F4GU63A1,0,Car,3250,165,"2-Wheel Drive, Front",2.4,6,2.89,31.5,23.9,0.723,0.0104,106.31249660472594,7.1941307888183195,0.23148720250823523,1474.1752025,14456.720249596625,0.3966987430535805,0.007353846153846153
KIA,FORTE,TD1F4GU65A1,0,Car,3375,165,"2-Wheel Drive, Front",2.4,6,2.89,31.5,25.666,0.7407,0.0107,114.16805597727598,7.370252662901423,0.23816471796520358,1530.87424875,15012.747951504187,0.40814197602628,0.00760474074074074
KIA,FORTE ECO,TD1F0GU09A1,0,Car,3125,154,"2-Wheel Drive, Front",2.0,6,2.89,31.2,21.504,0.4156,0.0137,95.6545576145618,4.135381405024749,0.3049398725348868,1417.47615625,13900.692547689063,0.5225743057532743,0.00688128
KIA,FORTE ECO,TD1F0GU11A1,0,Car,3125,156,"2-Wheel Drive, Front",2.0,6,2.89,31.2,21.504,0.4156,0.0137,95.6545576145618,4.135381405024749,0.3049398725348868,1417.47615625,13900.692547689063,0.5225743057532743,0.00688128
KIA,FORTE KOUP,TD1F0GU13A1,0,Car,3125,156,"2-Wheel Drive, Front",2.0,6,3.2,34.5,23.1,0.61,0.011,102.75391931251755,6.06973690342901,0.24484223342217187,1417.47615625,13900.692547689063,0.4195852089989794,0.007392
KIA,FORTE KOUP,TD1F0GU14A1,0,Car,3125,156,"2-Wheel Drive, Front",2.0,6,4.19,44.3,22.2,0.596,0.0114,98.7505198587831,5.9304314663011315,0.25374558736479635,1417.47615625,13900.692547689063,0.4348428529625787,0.007103999999999999
KIA,FORTE KOUP,TD1F0GU15A1,0,Car,3125,154,"2-Wheel Drive, Front",2.0,6,3.2,34.5,23.1,0.61,0.011,102.75391931251755,6.06973690342901,0.24484223342217187,1417.47615625,13900.692547689063,0.4195852089989794,0.007392
KIA,FORTE KOUP,TD1F4GU71A1,0,Car,3250,173,"2-Wheel Drive, Front",2.4,6,3.2,34.9,23.9,0.723,0.0104,106.31249660472594,7.1941307888183195,0.23148720250823523,1474.1752025,14456.720249596625,0.3966987430535805,0.007353846153846153
KIA,FORTE KOUP,TD1F4GU81A1,0,Car,3250,165,"2-Wheel Drive, Front",2.4,6,3.2,34.9,23.9,0.723,0.0104,106.31249660472594,7.1941307888183195,0.23148720250823523,1474.1752025,14456.720249596625,0.3966987430535805,0.007353846153846153
KIA,OPTIMA,QF2F4AU02A1,0,Car,3500,200,"2-Wheel Drive, Front",2.4,6,2.89,30.0,28.99,0.4623,0.0104,128.95394462640186,4.600064541729887,0.23148720250823523,1587.5732950000001,15568.77565341175,0.3966987430535805,0.00828285714285714
KIA,OPTIMA,TF1F0HU13A1,0,Car,3750,274,"2-Wheel Drive, Front",2.0,6,2.89,30.3,30.185,0.5134,0.01042,134.26956945663818,5.108529387246645,0.23193237020536647,1700.9713875,16680.831057226875,0.3974616252517605,0.008049333333333332
KIA,OPTIMA,TF1F4AU14A1,0,Car,3500,200,"2-Wheel Drive, Front",2.4,6,3.25,35.9,26.11,0.4575,0.0105,116.14306637445165,4.552302677571758,0.2337130409938914,1587.5732950000001,15568.77565341175,0.4005131540444804,0.00746
KIA,OPTIMA,TF1F4AU21B1,0,Car,3500,192,"2-Wheel Drive, Front",2.4,6,2.89,30.0,28.99,0.4623,0.0104,128.95394462640186,4.600064541729887,0.23148720250823523,1587.5732950000001,15568.77565341175,0.3966987430535805,0.00828285714285714
KIA,RIO,UB2R6AU11A1,0,Car,2875,138,"2-Wheel Drive, Front",1.6,6,3.27,36.2,20.38,0.107,0.01517,90.65475651900898,1.064691555191646,0.3376596982740316,1304.07806375,12788.637143873937,0.5786461473195016,0.007088695652173913
KIA,RIO,UB2R6AU14A1,0,Car,2750,138,"2-Wheel Drive, Front",1.6,6,3.83,42.5,18.15,0.215,0.01492,80.73522231697807,2.1393334987495694,0.33209510205989135,1247.3790175000001,12232.609441966375,0.5691101198422521,0.006599999999999999
KIA,RIO ECO,UB3R6AU01A5,0,Car,2875,138,"2-Wheel Drive, Front",1.6,6,3.07,33.9,20.641,0.04671,0.01514,91.81574236059197,0.4647826405888018,0.33699194672833477,1304.07806375,12788.637143873937,0.5775018240222316,0.007179478260869564
KIA,RIO ECO,UB3R6AU03A5,0,Car,2875,138,"2-Wheel Drive, Front",1.6,6,3.27,36.1,20.38,0.107,0.01517,90.65475651900898,1.064691555191646,0.3376596982740316,1304.07806375,12788.637143873937,0.5786461473195016,0.007088695652173913
KIA,SORENTO,XM0F4GU12A1,0,Truck,3875,175,"2-Wheel Drive, Front",2.4,6,3.74,40.5,21.62,0.83649,0.01885,96.17055132193201,8.323400364507103,0.41957055454617637,1757.67043375,17236.858759134437,0.7190164717846147,0.005579354838709678
KIA,SORENTO,XM0F4GU29A1,0,Truck,4000,175,4-Wheel Drive,2.4,6,3.91,36.9,28.25,0.6241,0.02159,125.66226063110912,6.210037379393517,0.48055852905315377,1814.36948,17792.886461042,0.8235313329352696,0.0070625
KIA,SORENTO,XM0F4GU31A1,0,Truck,3875,175,"2-Wheel Drive, Front",2.4,6,3.91,36.9,25.11,0.4595,0.01976,111.69484475919114,4.572203454304312,0.43982568476564693,1757.67043375,17236.858759134437,0.7537276118018029,0.00648
KIA,SORENTO,XM0L5GU17A2,0,Truck,4250,276,"2-Wheel Drive, Front",3.5,6,3.2,30.1,26.64,0.41583,0.02463,118.50062383053971,4.137669994348992,0.5482240190170994,1927.7675725000001,18904.941864857126,0.9394894270586238,0.006268235294117646
KIA,SORENTO,XM1L5GU31A2,0,Truck,4500,276,4-Wheel Drive,3.5,6,3.2,30.1,31.745,0.5298,0.0232,141.20879517644457,5.27171575645359,0.516394528672217,2041.165665,20016.99726867225,0.8849433498887564,0.007054444444444444
KIA,SORENTO,XM2F4GU11A1,0,Car,3875,191,"2-Wheel Drive, Front",2.4,6,3.65,34.3,22.53,0.4666,0.0172,100.21843299181906,4.64285121170488,0.3828442195328506,1757.67043375,17236.858759134437,0.6560786904347677,0.005814193548387097
KIA,SORENTO,XM2F4GU21A1,0,Car,4000,191,4-Wheel Drive,2.4,6,3.65,34.3,24.89,0.642,0.019,110.71623600383384,6.388149331149877,0.42290931227466055,1814.36948,17792.886461042,0.7247380882709644,0.006222500000000001
KIA,SOUL,AM2N0GF12A1,0,Car,3125,164,"2-Wheel Drive, Front",2.0,6,4.33,38.4,16.903,0.2011,0.02414,75.18828996274821,2.001023100458318,0.5373174104373846,1417.47615625,13900.692547689063,0.9207988132032149,0.005408959999999998
KIA,SOUL,AM2N0GF13B1,0,Car,3250,164,"2-Wheel Drive, Front",2.0,6,3.39,34.6,18.124,0.0114,0.0223,80.61956855498129,0.11343442737555856,0.4963619823013122,1474.1752025,14456.720249596625,0.8506136509706583,0.005576615384615384
KIA,SOUL,AM2R6AU09A1,0,Car,3000,138,"2-Wheel Drive, Front",1.6,6,3.44,37.3,21.07,0.15452,0.02002,93.72402943353873,1.5375340103571322,0.44561286482835283,1360.77711,13344.664845781499,0.7636450803781425,0.007023333333333334
KIA,SOUL,AM2R6AU14A1,0,Car,3000,138,"2-Wheel Drive, Front",1.6,6,4.27,43.4,19.641,0.12429,0.01992,87.36752074533146,1.2367337700445766,0.4433870263426968,1360.77711,13344.664845781499,0.7598306693872428,0.006546999999999999
KIA,SOUL ECO,AM2N0GF11A1,0,Car,3250,164,"2-Wheel Drive, Front",2.0,6,3.39,36.6,17.99,0.0102,0.0214,80.02350685853638,0.10149396133602608,0.47632943593040716,1474.1752025,14456.720249596625,0.81628395205256,0.005535384615384615
KIA,SOUL ECO,AM2R6AU13A1,0,Car,3000,138,"2-Wheel Drive, Front",1.6,6,3.44,37.3,21.349,0.02746,0.01952,94.96508326419641,0.2732376645379682,0.4344836724000723,1360.77711,13344.664845781499,0.7445730254236435,0.007116333333333333
KIA,Sportage,SL1F4GF32B1,0,Truck,3500,176,"2-Wheel Drive, Front",2.4,6,3.74,39.2,24.587,0.3249,0.02319,109.36842485440991,3.2328811802034187,0.5161719448236515,1587.5732950000001,15568.77565341175,0.8845619087896666,0.007024857142857143
KIA,Sportage,SL1F4GF34A1,0,Truck,3625,176,4-Wheel Drive,2.4,6,3.74,39.2,26.05,0.3965,0.02588,115.87617307753602,3.945328987228857,0.5760470000878009,1644.2723412500002,16124.803355319313,0.9871695644448717,0.007186206896551724
KIA,Sportage,SL2F0U51A5,0,Truck,3875,260,4-Wheel Drive,2.0,6,3.32,32.0,31.96,0.3734,0.02516,142.16516282372558,3.7154750159678565,0.5600209629910768,1757.67043375,17236.858759134437,0.959705805310393,0.008247741935483872
KIA,Sportage,SL2F0U53A5,0,Truck,3750,260,"2-Wheel Drive, Front",2.0,6,3.32,32.0,28.84,0.3552,0.02298,128.2867113841128,3.534377947701614,0.5114976840037737,1700.9713875,16680.831057226875,0.8765516457087771,0.007690666666666666
KIA,Sportage,SL2F4GF51A,0,Truck,3750,176,4-Wheel Drive,2.4,6,3.2,31.2,24.33,0.4787,0.02222,108.22523189928795,4.763250910936832,0.4945813115127872,1700.9713875,16680.831057226875,0.8475621221779384,0.006487999999999999
KIA,Sportage,SL2F4GF53A,0,Truck,3500,176,"2-Wheel Drive, Front",2.4,6,3.2,31.2,22.74,0.4031,0.02041,101.15255953102375,4.011001550446286,0.4542936349224117,1587.5732950000001,15568.77565341175,0.7785212832426518,0.006497142857142856
KIA,Sportage,SL2F4GU51A,0,Truck,3750,170,4-Wheel Drive,2.4,6,3.2,31.2,24.33,0.4787,0.02222,108.22523189928795,4.763250910936832,0.4945813115127872,1700.9713875,16680.831057226875,0.8475621221779384,0.006487999999999999
KIA,Sportage,SL2F4GU53A,0,Truck,3500,170,"2-Wheel Drive, Front",2.4,6,3.2,31.2,22.74,0.4031,0.02041,101.15255953102375,4.011001550446286,0.4542936349224117,1587.5732950000001,15568.77565341175,0.7785212832426518,0.006497142857142856
Koenigsegg,CC-X Agera,BRU527,0,Car,3500,1140,"2-Wheel Drive, Rear",5.0,7,3.45,27.8,25.59,0.8894,0.01906,113.82999113451619,8.849875412966822,0.42424481536605424,1587.5732950000001,15568.77565341175,0.7270267348655044,0.007311428571428571
LAMBORGHINI,AVENTADOR,LB83-DSSCD,0,Car,4250,700,"2-Wheel Drive, Rear",6.498,7,2.87,36.6,45.007,0.01989,0.025672,200.2011102380293,0.19791322460525088,0.571417256037636,1927.7675725000001,18904.941864857126,0.9792355895837999,0.010589882352941173
LAMBORGHINI,AVENTADOR,LB83-DSSCD,0,Car,4250,700,"2-Wheel Drive, Rear",6.498,7,2.87,36.6,40.915,0.01809,0.023338,181.99898738838334,0.1800025255459521,0.5194661857824225,1927.7675725000001,18904.941864857126,0.8902072370561983,0.00962705882352941
LAMBORGHINI,AVENTADOR,LB83-DSSCD,1,Car,4000,700,"2-Wheel Drive, Rear",6.498,7,2.87,36.6,33.721,0.01736,0.022116,149.9984810881993,0.17273874203856987,0.4922664394877049,1814.36948,17792.886461042,0.8435951347474026,0.00843025
Land Rover,LR2,LBDVP001,0,Truck,4500,240,"2-Wheel Drive, Front",2.0,6,3.75,30.6,51.1,0.0426,0.028135,227.30412453981154,0.423886544403403,0.6262396579393461,2041.165665,20016.99726867225,1.0731845322896625,0.011355555555555555
LAND ROVER,LR3,0AVP0002,1,Truck,6000,375,"2-Wheel Drive, Rear",5.0,6,3.54,31.0,51.61,0.6398,0.0335,229.57271756359438,6.3662584767440675,0.7456558926947964,2721.55422,26689.329691562998,1.2778276819514376,0.008601666666666667
Land Rover,Range Rover,LKDTT066,0,Truck,5500,375,4-Wheel Drive,5.0,8,3.55,29.3,48.36,0.2621,0.027459,215.11599731399775,2.607996790801219,0.6111929897763108,2494.7580350000003,24465.21888393275,1.0473991139911796,0.008792727272727272
Land Rover,Range Rover Evoque,3CTTP036,3,Truck,4250,240,"2-Wheel Drive, Front",2.0,6,3.75,30.5,28.86,0.4802,0.017363,128.375675816418,4.778176493486247,0.3864723362644701,1927.7675725000001,18904.941864857126,0.6622961803499345,0.006790588235294116
LAND ROVER,Range Rover Sport,VX10HWS,0,Truck,6000,375,"2-Wheel Drive, Rear",5.0,6,3.54,32.5,60.35,0.507,0.0296,268.45017448097116,5.044846901702472,0.6588481917542081,2721.55422,26689.329691562998,1.1290656533063446,0.010058333333333334
LAND ROVER,Range Rover Sport Supercharged,0AVP0049,0,Truck,6000,510,"2-Wheel Drive, Rear",5.0,6,3.54,32.5,60.35,0.507,0.0296,268.45017448097116,5.044846901702472,0.6588481917542081,2721.55422,26689.329691562998,1.1290656533063446,0.010058333333333334
Land Rover,Range Rover Supercharged,LKDTT065,0,Truck,6000,510,4-Wheel Drive,5.0,8,3.31,27.3,51.73,-0.0628,0.032964,230.10650415742563,-0.6248843894021997,0.7337253984116795,2721.55422,26689.329691562998,1.2573824390402144,0.008621666666666666
LOTUS,EVORA,EDV-10-EVM6S,1,Car,3375,276,"2-Wheel Drive, Rear",3.5,6,3.77,43.0,40.54,0.0,0.0205,180.33090428266064,0.0,0.4562968895595022,1530.87424875,15012.747951504187,0.7819542531344617,0.01201185185185185
LOTUS,EVORA,EDV-10-EVM6S,1,Car,3375,276,"2-Wheel Drive, Rear",3.5,6,3.77,43.0,36.49,0.0,0.0184,162.31560674085563,0.0,0.40955428136072386,1530.87424875,15012.747951504187,0.7018516223255655,0.010811851851851852
LOTUS,EVORA,EDV-10-EVM6S,3,Car,3500,345,"2-Wheel Drive, Rear",3.5,6,3.77,48.0,34.93,0.0,0.0217,155.37638102104924,0.0,0.4830069513873755,1587.5732950000001,15568.77565341175,0.8277271850252594,0.009979999999999998
LOTUS,EVORA,EDV-10-EVM6S,3,Car,3500,345,"2-Wheel Drive, Rear",3.5,6,3.77,48.0,38.42,0.0,0.02387,170.9006744583084,0.0,0.531307646526113,1587.5732950000001,15568.77565341175,0.9104999035277852,0.010977142857142855
LOTUS,EVORA,EDV-11-EVSA6,0,Car,3500,276,"2-Wheel Drive, Rear",3.5,6,3.68,45.0,35.98,0.0,0.021,160.04701371707276,0.0,0.4674260819877828,1587.5732950000001,15568.77565341175,0.8010263080889608,0.010279999999999997
LOTUS,EVORA,EDV-11-EVSA6,0,Car,3500,276,"2-Wheel Drive, Rear",3.5,6,3.68,45.0,39.58,0.0,0.0231,176.06061153201057,0.0,0.514168690186561,1587.5732950000001,15568.77565341175,0.8811289388978567,0.011308571428571427
Lotus,Evora S-IPS,EDV-12-EVA02,0,Car,3500,345,"2-Wheel Drive, Rear",3.5,6,3.68,45.0,40.01,0.0,0.0229,177.9733468265726,0.0,0.5097170132152488,1587.5732950000001,15568.77565341175,0.8735001169160571,0.01143142857142857
Lotus,Evora S-IPS,EDV-12-EVA02,0,Car,3500,345,"2-Wheel Drive, Rear",3.5,6,3.68,45.0,36.37,0.0,0.0209,161.78182014702435,0.0,0.4652002435021266,1587.5732950000001,15568.77565341175,0.7972118970980608,0.010391428571428569
MASERATI,GRANTURISMO CONVERTIBLE,48675,2,Car,4750,444,"2-Wheel Drive, Rear",4.7,6,3.73,32.1,54.6,0.076,0.0221,242.87290019322327,0.756229515837057,0.49191030532999996,2154.5637575,21129.052672487374,0.8429848289888587,0.011494736842105262
MASERATI,GRANTURISMO CONVERTIBLE,48675,4,Car,4750,444,"2-Wheel Drive, Rear",4.7,6,3.73,32.1,54.6,0.076,0.0221,242.87290019322327,0.756229515837057,0.49191030532999996,2154.5637575,21129.052672487374,0.8429848289888587,0.011494736842105262
MASERATI,GRANTURISMO S AUTOMATIC,45367,2,Car,4500,454,"2-Wheel Drive, Rear",4.7,6,3.54,30.5,51.86,0.0901,0.0206,230.68477296740951,0.8965299918015637,0.45852272804515826,2041.165665,20016.99726867225,0.7857686641253614,0.011524444444444443
MASERATI,GRANTURISMO S AUTOMATIC,45367,3,Car,4500,454,"2-Wheel Drive, Rear",4.7,6,3.54,30.5,51.86,0.0901,0.0206,230.68477296740951,0.8965299918015637,0.45852272804515826,2041.165665,20016.99726867225,0.7857686641253614,0.011524444444444443
MASERATI,QUATTROPORTE S,ZAMJK39A690027157,0,Car,4750,424,"2-Wheel Drive, Rear",4.7,6,3.54,31.4,59.13,0.0445,0.0224,263.0233441103534,0.44279228229932943,0.4985878207869682,2154.5637575,21129.052672487374,0.8544280619615581,0.012448421052631579
MASERATI,QUATTROPORTE S,ZAMJK39A690027157,1,Car,4750,424,"2-Wheel Drive, Rear",4.7,6,3.54,31.4,59.13,0.0445,0.0224,263.0233441103534,0.44279228229932943,0.4985878207869682,2154.5637575,21129.052672487374,0.8544280619615581,0.012448421052631579
Mazda,6,BBD3-3.7-J-963,0,Car,3875,272,"2-Wheel Drive, Front",3.7,6,3.2,28.8,47.51,0.318,0.01634,211.33500894102633,3.164223500476107,0.3637020085562081,1757.67043375,17236.858759134437,0.6232747559130295,0.012260645161290322
Mazda,CX-5,3EFPE31-004,0,Truck,3500,155,"2-Wheel Drive, Front",2.0,6,4.7,38.9,22.04,0.29002,0.023059,98.0388044003414,2.8858116339876747,0.513256096407442,1587.5732950000001,15568.77565341175,0.8795650303915878,0.006297142857142856
Mazda,CX-5,3EFPEG1-003,0,Truck,3750,154,"2-Wheel Drive, Front",2.0,6,4.62,33.7,30.394,0.44548,0.021545,135.19924777422762,4.432699009409108,0.4795569017346085,1700.9713875,16680.831057226875,0.8218148479893647,0.008105066666666666
Mazda,CX-5,3EFPEG1-003,1,Truck,3750,154,"2-Wheel Drive, Front",2.0,6,4.62,33.3,29.389,0.46752,0.022244,130.72878505089082,4.652005569001854,0.49511551274934473,1700.9713875,16680.831057226875,0.8484775808157544,0.007837066666666666
Mazda,CX-5,3EFPES1-005,0,Truck,3625,155,"2-Wheel Drive, Front",2.0,6,4.62,33.7,27.535,0.28803,0.022826,122.48178217619785,2.8660103611387835,0.5080698927358632,1644.2723412500002,16124.803355319313,0.8706774527827912,0.0075958620689655166
Mazda,CX-5,3EFPES1-005,1,Truck,3625,155,"2-Wheel Drive, Front",2.0,6,4.62,33.3,27.589,0.27479,0.023001,122.72198614342192,2.734267219169275,0.5119651100857615,1644.2723412500002,16124.803355319313,0.8773526720168661,0.007610758620689654
Mazda,CX-9 AWD,BJ53-3.7-C-219,1,Truck,4750,274,"2-Wheel Drive, Front",3.7,6,3.46,27.8,36.04,0.8954,0.02164,160.3139070139884,8.909577743164485,0.48167144829598174,2154.5637575,21129.052672487374,0.8254385384307193,0.007587368421052631
Mazda,CX-9 AWD,BJ53-3.7-C-219,2,Truck,4750,274,"2-Wheel Drive, Front",3.7,6,3.46,27.9,31.36,0.9079,0.0213,139.49622985456926,9.033957597742948,0.474103597444751,2154.5637575,21129.052672487374,0.81246954106166,0.006602105263157894
Mazda,CX-9 FWD,BJ53-3.7-L-141,0,Truck,4750,273,"2-Wheel Drive, Front",3.7,6,3.46,27.9,32.7,0.5962,0.02125,145.45684681901835,5.932421543974387,0.47299067820192303,2154.5637575,21129.052672487374,0.8105623355662103,0.0068842105263157895
Mazda,CX-9 FWD,BJ53-3.7-L-141,1,Truck,4750,273,"2-Wheel Drive, Front",3.7,6,3.46,27.8,37.37,0.5833,0.0216,166.23004176228486,5.804061534049413,0.4807811129017194,2154.5637575,21129.052672487374,0.8239127740343596,0.00786736842105263
Mazda,Mazda 3 DI 4-Door,2ECPE31-012,0,Car,3125,154,"2-Wheel Drive, Front",2.0,6,4.1,38.8,21.83,0.23544,0.016084,97.1046778611367,2.3427194369562727,0.3580038620329285,1417.47615625,13900.692547689063,0.613509863776326,0.006985599999999998
Mazda,Mazda 3 DI 4-Door,2ECPES1-011,0,Car,3250,154,"2-Wheel Drive, Front",2.0,6,3.59,29.9,24.368,0.16503,0.016413,108.39426432066784,1.6421125920867043,0.36532687065073705,1474.1752025,14456.720249596625,0.6260592759363863,0.007497846153846153
Mazda,Mazda 3 DI 4-Door,2EFPE31-010,0,Car,3125,155,"2-Wheel Drive, Front",2.0,6,4.1,38.8,21.83,0.23544,0.016084,97.1046778611367,2.3427194369562727,0.3580038620329285,1417.47615625,13900.692547689063,0.613509863776326,0.006985599999999998
Mazda,Mazda 3 DI 4-Door,2EFPES1-009,0,Car,3250,155,"2-Wheel Drive, Front",2.0,6,3.59,29.9,24.368,0.16503,0.016413,108.39426432066784,1.6421125920867043,0.36532687065073705,1474.1752025,14456.720249596625,0.6260592759363863,0.007497846153846153
Mazda,Mazda 3 DI 5-Door,2ECPES2-018,2,Car,3250,154,"2-Wheel Drive, Front",2.0,6,3.59,29.9,24.368,0.16503,0.017577,108.39426432066784,1.6421125920867043,0.3912356306237741,1474.1752025,14456.720249596625,0.67045901987046,0.007497846153846153
Mazda,Mazda 3 DI 5-Door,2EFPE31-010,1,Car,3250,155,"2-Wheel Drive, Front",2.0,6,4.1,38.8,21.83,0.23544,0.017248,97.1046778611367,2.3427194369562727,0.3839126220059655,1474.1752025,14456.720249596625,0.6579096077103996,0.006716923076923075
Mazda,Mazda 3 DI 5-Door,2EFPES1-009,1,Car,3250,155,"2-Wheel Drive, Front",2.0,6,3.59,29.9,24.368,0.16503,0.017577,108.39426432066784,1.6421125920867043,0.3912356306237741,1474.1752025,14456.720249596625,0.67045901987046,0.007497846153846153
MAZDA,MAZDA2,1ECZYV21-002,0,Car,2625,100,"2-Wheel Drive, Front",1.5,5,3.85,44.9,20.817,0.24428,0.019841,92.59862936487782,2.430680870114162,0.4416286139390284,1190.67997125,11676.581740058813,0.7568172847044319,0.007930285714285713
MAZDA,MAZDA2,2EFZYVT1-014,0,Car,2625,100,"2-Wheel Drive, Front",1.5,4,4.15,43.3,23.245,0.3407,0.01817,103.39891144673032,3.3900973163905967,0.4044348528437148,1190.67997125,11676.581740058813,0.6930784770464958,0.008855238095238095
MAZDA,MAZDA3,0EFL5X31-003,2,Car,3375,167,"2-Wheel Drive, Front",2.5,6,4.1,40.5,27.6,0.439,0.018,122.7709165811898,4.368220492795632,0.40065092741809943,1530.87424875,15012.747951504187,0.6865939783619662,0.008177777777777779
MAZDA,MAZDA3,0EFL5XS1-004,1,Car,3375,167,"2-Wheel Drive, Front",2.5,5,3.65,34.8,30.84,0.3973,0.01945,137.18315461463382,3.953289297921878,0.432925585460113,1530.87424875,15012.747951504187,0.7419029377300136,0.009137777777777778
Mazda,Mazda3,0EFLFX21-001,0,Car,3125,148,"2-Wheel Drive, Front",2.0,5,4.1,43.1,23.03,0.293,0.0185,102.44254379944931,2.9154637913191803,0.41178011984637997,1417.47615625,13900.692547689063,0.7056660333164653,0.0073696
Mazda,Mazda3,0EFLFXS1-002,0,Car,3250,148,"2-Wheel Drive, Front",2.0,5,3.46,33.3,23.76,0.4561,0.0168,105.68974557858948,4.53837213385897,0.37394086559022616,1474.1752025,14456.720249596625,0.6408210464711686,0.007310769230769231
Mazda,Mazda3,2ECPE31-012,1,Car,3250,154,"2-Wheel Drive, Front",2.0,6,4.1,38.8,21.83,0.23544,0.017248,97.1046778611367,2.3427194369562727,0.3839126220059655,1474.1752025,14456.720249596625,0.6579096077103996,0.006716923076923075
MAZDA,MAZDA5,2ECL5X31-002,0,Car,3750,157,"2-Wheel Drive, Front",2.5,6,4.1,38.8,33.925,0.08778,0.023083,150.90591829771245,0.8734450907918008,0.5137902976439994,1700.9713875,16680.831057226875,0.8804804890294038,0.009046666666666666
MAZDA,MAZDA5,2ECL5XS1-001,0,Car,3750,157,"2-Wheel Drive, Front",2.5,5,3.46,33.3,31.245,0.19753,0.022944,138.98468436881433,1.965500213990709,0.5106963821489374,1700.9713875,16680.831057226875,0.8751784577520529,0.008332
MAZDA,MAZDA5,2ECL5XS1-001,1,Car,3750,157,"2-Wheel Drive, Front",2.5,5,3.46,33.0,34.059,0.18979,0.023476,151.50197999415735,1.8884842080357243,0.522537842892628,1700.9713875,16680.831057226875,0.8954711242236401,0.0090824
MAZDA,MAZDA6,1ECL5X31-005,0,Car,3625,170,"2-Wheel Drive, Front",2.5,6,4.39,39.1,26.052,0.26182,0.019569,115.88506952076654,2.6052106820586616,0.43557433325804384,1644.2723412500002,16124.803355319313,0.7464420868091844,0.007186758620689655
MAZDA,MAZDA6,1EFL5XS1-004,0,Car,3625,170,"2-Wheel Drive, Front",2.5,5,3.65,31.7,26.995,0.32987,0.019389,120.07974250395719,3.2823346103838156,0.43156782398386284,1644.2723412500002,16124.803355319313,0.7395761470255647,0.0074468965517241375
MAZDA,MAZDA6,1EFL5XS1-004,1,Car,3625,170,"2-Wheel Drive, Front",2.5,5,3.65,31.9,29.317,0.33626,0.018499,130.40851309459208,3.3459175920443265,0.4117578614615235,1644.2723412500002,16124.803355319313,0.7056278892065564,0.00808744827586207
MAZDA,MAZDA6,1EFL5XS1-004,2,Car,3625,170,"2-Wheel Drive, Front",2.5,5,3.65,31.8,40.309,0.21025,0.02063,179.30336508953548,2.092069154009753,0.45919047959085507,1644.2723412500002,16124.803355319313,0.7869129874226313,0.011119724137931034
MAZDA,Mazdaspeed3,0ECL3T31-012,0,Car,3625,263,"2-Wheel Drive, Front",2.3,6,3.53,38.5,33.856,0.72356,0.017412,150.5989910062595,7.199703006303434,0.3875629971224416,1644.2723412500002,16124.803355319313,0.6641652417354754,0.009339586206896552
MAZDA,MX-5,9EFLFN21,0,Car,2750,167,"2-Wheel Drive, Rear",2.0,5,4.1,48.3,34.86,0.4213,0.01899,155.06500550798103,4.192098618712528,0.42268672842609495,1247.3790175000001,12232.609441966375,0.7243566471718744,0.012676363636363637
MAZDA,MX-5,9EFLFN31,0,Car,2875,167,"2-Wheel Drive, Rear",2.0,6,4.1,46.1,35.65,0.4308,0.01806,158.5791005840368,4.28662730819216,0.4019864305094931,1304.07806375,12788.637143873937,0.6888826249565062,0.0124
MAZDA,MX-5,9EFLFNS1,0,Car,2875,158,"2-Wheel Drive, Rear",2.0,6,4.1,34.5,33.71,0.4806,0.01635,149.94955065043143,4.782156648832758,0.36392459240477365,1304.07806375,12788.637143873937,0.6236561970121194,0.011725217391304346
MAZDA,MX-5,9EFLFNS1,1,Car,2875,158,"2-Wheel Drive, Rear",2.0,6,4.1,34.5,33.71,0.4806,0.01635,149.94955065043143,4.782156648832758,0.36392459240477365,1304.07806375,12788.637143873937,0.6236561970121194,0.011725217391304346
MAZDA,MX-5,9EFLFNS1,2,Car,2875,158,"2-Wheel Drive, Rear",2.0,6,4.1,34.1,35.62,0.4007,0.01806,158.44565393557897,3.9871206183672205,0.4019864305094931,1304.07806375,12788.637143873937,0.6888826249565062,0.012389565217391303
MAZDA,MX-5,9EFLFNS1,3,Car,2875,158,"2-Wheel Drive, Rear",2.0,6,4.1,34.1,35.62,0.4007,0.01806,158.44565393557897,3.9871206183672205,0.4019864305094931,1304.07806375,12788.637143873937,0.6888826249565062,0.012389565217391303
McLaren,MP4-12C Coupe,SBM11BAA0AW99PP06,0,Car,3500,592,"2-Wheel Drive, Rear",3.798,7,3.31,27.9,51.53,0.0,0.0223,229.21685983437357,0.0,0.4963619823013122,1587.5732950000001,15568.77565341175,0.8506136509706583,0.014722857142857142
McLaren,MP4-12C Coupe,SBM11BAA0AW99PP06,2,Car,3500,617,"2-Wheel Drive, Rear",3.798,7,3.31,27.9,47.11,0.4915,0.0176,209.55572029492214,4.890615882025178,0.39174757347547506,1587.5732950000001,15568.77565341175,0.6713363343983672,0.013459999999999998
McLaren,MP4-12C Coupe,SBM11BAA0AW99PP06,2,Car,3500,617,"2-Wheel Drive, Rear",3.798,7,3.31,27.9,51.82,0.5406,0.0194,230.50684410279908,5.379179950809382,0.431812666217285,1587.5732950000001,15568.77565341175,0.7399957322345637,0.014805714285714283
Mercedes-Benz,C 250,W204E18DETC-Z2017,1,Car,3750,201,"2-Wheel Drive, Rear",1.796,7,3.07,31.3,30.469,0.36532,0.014917,135.53286439537217,3.6350758779683376,0.33202832690532164,1700.9713875,16680.831057226875,0.568995687512525,0.008125066666666667
Mercedes-Benz,C 250 (Coupe),C204E18DETC-Z2017-1,2,Car,3875,201,"2-Wheel Drive, Rear",1.796,7,3.07,31.3,30.469,0.36532,0.014917,135.53286439537217,3.6350758779683376,0.33202832690532164,1757.67043375,17236.858759134437,0.568995687512525,0.007862967741935484
Mercedes-Benz,C 300 4MATIC,W204E35DEH-176,0,Car,4000,248,"2-Wheel Drive, Rear",3.498,7,2.87,28.9,45.65,0.512,0.014109,203.0613167366418,5.094598843533858,0.31404355194122024,1814.36948,17792.886461042,0.5381752467060545,0.011412499999999999
Mercedes-Benz,C 300 4MATIC,W204E35DEH-422,0,Car,4000,248,"2-Wheel Drive, Rear",3.498,7,2.87,28.9,45.65,0.512,0.014109,203.0613167366418,5.094598843533858,0.31404355194122024,1814.36948,17792.886461042,0.5381752467060545,0.011412499999999999
Mercedes-Benz,C 300 4MATIC,W204E35DEH-533,0,Car,4000,248,"2-Wheel Drive, Rear",3.498,7,2.87,28.9,45.65,0.512,0.014109,203.0613167366418,5.094598843533858,0.31404355194122024,1814.36948,17792.886461042,0.5381752467060545,0.011412499999999999
Mercedes-Benz,C 300 4MATIC,W204E35DEH-Z3026-1,2,Both,4000,248,"2-Wheel Drive, Rear",3.498,7,2.87,28.9,45.65,0.512,0.014109,203.0613167366418,5.094598843533858,0.31404355194122024,1814.36948,17792.886461042,0.5381752467060545,0.011412499999999999
Mercedes-Benz,C 350,W204E35DEH-Z3025,0,Both,4000,302,"2-Wheel Drive, Rear",3.498,7,2.82,28.7,30.48,0.36553,0.014929,135.58179483314004,3.6371654595252565,0.3322954275236004,1814.36948,17792.886461042,0.5694534168314331,0.00762
Mercedes-Benz,C 350,W204E35DEH-Z3025-1,0,Car,4000,302,"2-Wheel Drive, Rear",3.498,7,2.82,28.7,30.48,0.36553,0.014929,135.58179483314004,3.6371654595252565,0.3322954275236004,1814.36948,17792.886461042,0.5694534168314331,0.00762
Mercedes-Benz,C 350,W204E35DEH-Z3026,0,Both,4000,302,"2-Wheel Drive, Rear",3.498,7,2.82,28.7,30.48,0.36553,0.014929,135.58179483314004,3.6371654595252565,0.3322954275236004,1814.36948,17792.886461042,0.5694534168314331,0.00762
Mercedes-Benz,C 350 (Coupe),C204E35DEH-Z3025-2,0,Car,4000,302,"2-Wheel Drive, Rear",3.498,7,2.82,28.7,30.48,0.36553,0.014929,135.58179483314004,3.6371654595252565,0.3322954275236004,1814.36948,17792.886461042,0.5694534168314331,0.00762
Mercedes-Benz,C 350 4Matic (Coupe),C204E35DEH-Z3025-3,0,Car,4250,302,"2-Wheel Drive, Rear",3.498,7,2.87,28.7,35.97,0.40511,0.015354,160.00253150092016,4.031001831062503,0.34175524108763883,1927.7675725000001,18904.941864857126,0.5856646635427573,0.008463529411764703
Mercedes-Benz,C 63 AMG Black Series (coupe),C204E63-Z1011-2,0,Car,4250,510,"2-Wheel Drive, Rear",6.208,7,2.82,27.6,37.868,0.69548,0.013497,168.4452561266846,6.920296100978374,0.30042142040900494,1927.7675725000001,18904.941864857126,0.5148310514417478,0.008910117647058822
Mercedes-Benz,CL 550 4MATIC,C216E46DETC-Z2038-3,0,Car,5000,429,"2-Wheel Drive, Rear",4.664,7,2.65,24.7,39.259,1.04928,0.009382,174.63273239351196,10.4407435049672,0.20882816672425605,2267.96185,22241.1080763025,0.3578680391662204,0.0078518
Mercedes-Benz,CL 550 4MATIC,C216E46DETC-Z2038-3,0,Car,5000,429,"2-Wheel Drive, Rear",4.664,7,2.65,24.7,43.621,1.16586,0.010425,194.03587507927827,11.60075978070778,0.2320436621296493,2267.96185,22241.1080763025,0.39765234580130554,0.008724200000000001
Mercedes-Benz,CL 600,C216E55TC-Z7014-1,2,Car,5250,510,"2-Wheel Drive, Rear",5.513,5,2.65,27.5,34.631,1.04906,0.009159,154.04636275808636,10.438554419526621,0.20386454690124295,2381.3599425,23353.163480117626,0.34936190265651385,0.006596380952380952
Mercedes-Benz,CL 63 AMG,C216E55DETC-Z2029,0,Car,5250,536,"2-Wheel Drive, Rear",5.461,7,2.65,24.2,48.28,0.55593,0.013409,214.76013958477694,5.531719404464409,0.29846268254162756,2381.3599425,23353.163480117626,0.5114743697697559,0.009196190476190476
Mercedes-Benz,CL 63 AMG,C216E55DETC-Z2029,0,Car,5250,536,"2-Wheel Drive, Rear",5.461,7,2.65,24.2,53.645,0.6177,0.014899,238.62484855064952,6.146354893849344,0.3316276759779036,2381.3599425,23353.163480117626,0.5683090935341631,0.010218095238095238
Mercedes-Benz,CL 65 AMG,C216E60TC-Z1017-1,1,Car,5250,621,"2-Wheel Drive, Rear",5.98,5,2.65,27.6,50.848,0.58991,0.013485,226.18317269276588,5.869833601150505,0.3001543197907262,2381.3599425,23353.163480117626,0.5143733221228398,0.009685333333333332
Mercedes-Benz,CLS 550,C218E46DETC-Z2022,0,Car,4500,402,"2-Wheel Drive, Rear",4.664,7,2.47,24.1,26.693,0.7393,0.010859,118.73637957614852,7.3563221191886345,0.2417038011573968,2041.165665,20016.99726867225,0.4142068895018107,0.005931777777777777
Mercedes-Benz,CLS 550,C218E46DETC-Z2022,0,Car,4500,402,"2-Wheel Drive, Rear",4.664,7,2.47,24.1,29.659,0.82145,0.012066,131.92980488701116,8.173746523478297,0.268569671679266,2041.165665,20016.99726867225,0.4602468301619714,0.006590888888888888
Mercedes-Benz,CLS 550 4MATIC,C218E46DETC-Z2022-1,0,Car,4750,402,"2-Wheel Drive, Rear",4.664,7,2.47,24.1,37.823,0.78192,0.011069,168.24508615399787,7.780407671359363,0.24637806197727463,2154.5637575,21129.052672487374,0.4222171525827003,0.007962736842105262
Mercedes-Benz,CLS 550 4MATIC,C218E46DETC-Z2022-1,0,Car,4750,402,"2-Wheel Drive, Rear",4.664,7,2.47,24.1,42.025,0.8688,0.012298,186.9365133813225,8.644897412621516,0.2737336169659882,2154.5637575,21129.052672487374,0.469096263660859,0.008847368421052632
Mercedes-Benz,CLS 63 AMG,C218E55DETC-Z2023,0,Car,4500,518,"2-Wheel Drive, Rear",5.461,7,2.65,25.9,33.703,0.75401,0.009945,149.91841309912462,7.50269233205657,0.22135963739849998,2041.165665,20016.99726867225,0.37934317304498644,0.007489555555555555
Mercedes-Benz,E 350,W212E35DEH-Z2004,0,Car,4500,302,"2-Wheel Drive, Rear",3.498,7,2.82,28.1,28.139,0.47484,0.012712,125.1685080318152,4.724842411843002,0.28294858829660446,2041.165665,20016.99726867225,0.4848879251631842,0.00625311111111111
Mercedes-Benz,E 350,W212E35DEH-Z2031,0,Car,4500,302,"2-Wheel Drive, Rear",3.498,7,2.82,28.1,28.149,0.47511,0.012722,125.21299024796781,4.727529016701897,0.2831711721451701,2041.165665,20016.99726867225,0.48526936626227424,0.006255333333333333
Mercedes-Benz,E 350 (Convertible),A207E35DEH-Z2035-2,0,Both,4250,302,"2-Wheel Drive, Front",3.498,7,2.82,28.4,35.807,0.62457,0.011307,159.2774713776327,6.214714061925666,0.25167555757313614,1927.7675725000001,18904.941864857126,0.4312954507410418,0.008425176470588235
Mercedes-Benz,E 350 (Coupe),C207E35DEH-Z2030,0,Car,4000,302,"2-Wheel Drive, Rear",3.498,7,2.82,28.4,33.761,0.60882,0.010428,150.17640995280973,6.057995445156804,0.23211043728421896,1814.36948,17792.886461042,0.39776677813103245,0.00844025
Mercedes-Benz,E 350 (Coupe),C207E35DEH-Z2035,0,Both,4000,302,"2-Wheel Drive, Front",3.498,7,2.82,28.4,33.761,0.60882,0.010428,150.17640995280973,6.057995445156804,0.23211043728421896,1814.36948,17792.886461042,0.39776677813103245,0.00844025
Mercedes-Benz,E 350 4 MATIC,W212E35DEH-Z2004-1,0,Car,4500,302,"2-Wheel Drive, Rear",3.498,7,2.87,28.1,36.588,0.45425,0.013364,162.75153245915118,4.519963915381357,0.29746105522308225,2041.165665,20016.99726867225,0.5097578848238509,0.008130666666666666
Mercedes-Benz,E 350 4MATIC,W212E35DEH-Z2031-1,0,Car,4500,302,"2-Wheel Drive, Rear",3.498,7,2.87,28.1,36.601,0.48453,0.013374,162.80935934014954,4.821261675112227,0.2976836390716479,2041.165665,20016.99726867225,0.510139325922941,0.008133555555555554
Mercedes-Benz,E 350 4MATIC (Coupe),C207E35DEH-Z2030-1,0,Car,4250,302,"2-Wheel Drive, Rear",3.498,7,2.87,28.9,39.692,0.55825,0.011342,176.55881235291974,5.554804305474172,0.2524546010431158,1927.7675725000001,18904.941864857126,0.4326304945878568,0.009339294117647057
Mercedes-Benz,E 350 4MATIC (Coupe),C207E35DEH-Z2035-1,0,Both,4250,302,"2-Wheel Drive, Rear",3.498,7,2.87,28.9,39.692,0.55825,0.011342,176.55881235291974,5.554804305474172,0.2524546010431158,1927.7675725000001,18904.941864857126,0.4326304945878568,0.009339294117647057
Mercedes-Benz,E 350 4MATIC (Station Wagon),S212E35DEH-Z2004-2,1,Car,4750,302,"2-Wheel Drive, Rear",3.498,7,2.87,28.1,32.523,0.63029,0.015232,144.66951159311725,6.271630283380772,0.33903971813513845,2154.5637575,21129.052672487374,0.5810110821338595,0.006846947368421053
Mercedes-Benz,E 350 BLUETEC,W212DE30TC-Z0016,2,Car,4500,210,"2-Wheel Drive, Rear",2.987,7,2.65,26.0,40.855,0.33712,0.015581,181.7320940914677,3.3544749260393245,0.3468078944500782,2041.165665,20016.99726867225,0.5943233764920998,0.009078888888888888
Mercedes-Benz,E 400 HYBRID,W212E35DEH Hyb-Z3017,1,Car,4500,302,"2-Wheel Drive, Rear",3.498,7,2.82,28.1,29.326,0.53998,0.01175,130.44854708912942,5.373010710022291,0.2615360220645927,2041.165665,20016.99726867225,0.448193291430728,0.006516888888888889
Mercedes-Benz,E 400 HYBRID,W212E35DEH Hyb-Z3017,1,Car,4500,302,"2-Wheel Drive, Rear",3.498,7,2.82,28.1,32.585,0.59998,0.013055,144.9453013332634,5.970034011998914,0.2905832143024049,2041.165665,20016.99726867225,0.4979713548619705,0.0072411111111111105
Mercedes-Benz,E 550 (Convertible),A207E46DETC-Z2028-1,0,Car,4500,402,"2-Wheel Drive, Rear",4.664,7,2.47,24.9,35.807,0.62457,0.011307,159.2774713776327,6.214714061925666,0.25167555757313614,2041.165665,20016.99726867225,0.4312954507410418,0.007957111111111111
Mercedes-Benz,E 550 (Convertible),A207E46DETC-Z2028-1,0,Car,4500,402,"2-Wheel Drive, Rear",4.664,7,2.47,24.9,39.785,0.69397,0.012564,176.97249696313895,6.905271014545296,0.27965434733783345,2041.165665,20016.99726867225,0.47924259689665255,0.008841111111111109
Mercedes-Benz,E 550 (Coupe),C207E46DETC-Z2028,0,Car,4250,402,"2-Wheel Drive, Rear",4.664,7,2.47,24.9,33.761,0.60882,0.010428,150.17640995280973,6.057995445156804,0.23211043728421896,1927.7675725000001,18904.941864857126,0.39776677813103245,0.007943764705882352
Mercedes-Benz,E 550 (Coupe),C207E46DETC-Z2028,0,Car,4250,402,"2-Wheel Drive, Rear",4.664,7,2.47,24.9,37.513,0.67647,0.011587,166.8661374532671,6.731139218135446,0.25790790533297325,1927.7675725000001,18904.941864857126,0.4419758015155613,0.008826588235294116
Mercedes-Benz,E 550 4MATIC,W212E46DETC-Z2022-2,0,Car,4750,402,"2-Wheel Drive, Rear",4.664,7,2.47,24.2,36.601,0.48453,0.013374,162.80935934014954,4.821261675112227,0.2976836390716479,2154.5637575,21129.052672487374,0.510139325922941,0.007705473684210526
Mercedes-Benz,E 550 4MATIC,W212E46DETC-Z2022-2,0,Car,4750,402,"2-Wheel Drive, Rear",4.664,7,2.47,24.2,40.668,0.53837,0.01486,180.900276649414,5.356990584752585,0.33075959896849766,2154.5637575,21129.052672487374,0.5668214732477121,0.008561684210526315
Mercedes-Benz,E 63 AMG,W212E55DETC-Z2023-1,0,Car,4500,518,"2-Wheel Drive, Rear",5.461,7,2.65,25.9,34.347,0.68326,0.01175,152.7830678193524,6.798702355142468,0.2615360220645927,2041.165665,20016.99726867225,0.448193291430728,0.007632666666666667
Mercedes-Benz,E 63 AMG,W212E55DETC-Z2023-1,0,Car,4500,518,"2-Wheel Drive, Rear",5.461,7,2.65,25.9,38.164,0.75918,0.013055,169.76192972480172,7.554135839910223,0.2905832143024049,2041.165665,20016.99726867225,0.4979713548619705,0.008480888888888889
Mercedes-Benz,E 63 AMG (Station Wagon),S212E55DETC-Z2023-2,0,Car,4750,518,"2-Wheel Drive, Rear",5.461,7,2.65,25.9,43.458,0.16573,0.019767,193.3108149559908,1.649077863943098,0.43998149345964294,2154.5637575,21129.052672487374,0.7539946205711661,0.009149052631578947
Mercedes-Benz,E 63 AMG (Station Wagon),S212E55DETC-Z2023-2,0,Car,4750,518,"2-Wheel Drive, Rear",5.461,7,2.65,25.9,48.287,0.18415,0.021964,214.79127713608375,1.8323640176499216,0.4888831649895076,2154.5637575,21129.052672487374,0.837797230041235,0.010165684210526315
Mercedes-Benz,G 550,G463E55-Z3028,0,Truck,6000,382,"2-Wheel Drive, Rear",5.461,7,4.38,41.3,59.177,0.58526,0.041194,263.2324105262706,5.823564295247317,0.9169119057811772,2721.55422,26689.329691562998,1.5713084635912689,0.009862833333333333
Mercedes-Benz,GL 350 BLUETEC 4MATIC,X166DE30TC-Z3029-1,1,Truck,6000,240,"2-Wheel Drive, Rear",2.987,7,3.46,28.8,47.569,0.93096,0.020664,211.5974540163267,9.263413553469299,0.45994726467597813,2721.55422,26689.329691562998,0.7882098871595372,0.007928166666666667
Mercedes-Benz,GL 450 4MATIC,X166E46DETC-Z3030,0,Truck,6000,362,"2-Wheel Drive, Rear",4.664,7,3.46,28.3,47.569,0.93096,0.020664,211.5974540163267,9.263413553469299,0.45994726467597813,2721.55422,26689.329691562998,0.7882098871595372,0.007928166666666667
Mercedes-Benz,GL 450 4MATIC,X166E46DETC-Z3030,0,Truck,6000,362,"2-Wheel Drive, Rear",4.664,7,3.46,28.3,52.855,1.0344,0.02296,235.1107534745937,10.292681726076998,0.5110525163066425,2721.55422,26689.329691562998,0.8757887635105971,0.008809166666666667
Mercedes-Benz,GL 550 4MATIC,X166E46DETC-Z3030-1,0,Truck,6000,429,"2-Wheel Drive, Rear",4.664,7,3.46,28.8,60.536,1.0271,0.024713,269.2775437014096,10.220043891003174,0.550071464960194,2721.55422,26689.329691562998,0.9426553881810708,0.010089333333333334
Mercedes-Benz,GL 550 4MATIC,X166E46DETC-Z3030-1,0,Truck,6000,429,"2-Wheel Drive, Rear",4.664,7,3.46,28.8,54.482,0.93096,0.022242,242.34801004262255,9.263413553469299,0.4950709959796316,2721.55422,26689.329691562998,0.8484012925959364,0.009080333333333334
Mercedes-Benz,GL 63 AMG,G463E55DETC-Z3023,0,Truck,6000,536,"2-Wheel Drive, Rear",5.461,7,4.11,33.6,64.419,0.6518,0.049139,286.54998823346614,6.485663137139392,1.093754773466555,2721.55422,26689.329691562998,1.8743634168182588,0.0107365
Mercedes-Benz,GL 63 AMG,G463E55DETC-Z3023,0,Truck,6000,536,"2-Wheel Drive, Rear",5.461,7,4.11,33.6,57.977,0.5866,0.043325,257.89454458795797,5.836897815658127,0.9643445239105088,2721.55422,26689.329691562998,1.652593561807344,0.009662833333333332
Mercedes-Benz,GL 63 AMG,X166E55DETC-Z2015-1,0,Truck,6000,518,"2-Wheel Drive, Rear",5.461,7,3.47,28.8,60.536,1.0271,0.024713,269.2775437014096,10.220043891003174,0.550071464960194,2721.55422,26689.329691562998,0.9426553881810708,0.010089333333333334
Mercedes-Benz,GL 63 AMG,X166E55DETC-Z2015-1,0,Truck,6000,518,"2-Wheel Drive, Rear",5.461,7,3.47,28.8,54.482,0.92439,0.022242,242.34801004262255,9.198039501902858,0.4950709959796316,2721.55422,26689.329691562998,0.8484012925959364,0.009080333333333334
Mercedes-Benz,GLK 250 BLUETEC 4MATIC,X204DE22TC-Z3016,1,Truck,4750,200,"2-Wheel Drive, Rear",2.143,7,3.07,27.4,39.481,0.65509,0.020559,175.62023759209978,6.518399914864443,0.45761013426603925,2154.5637575,21129.052672487374,0.7842047556190924,0.00831178947368421
Mercedes-Benz,GLK 350,X204E35DEH-Z3013-1,0,Both,4500,302,"2-Wheel Drive, Rear",3.498,7,2.82,25.1,40.17,0.57062,0.019866,178.68506228501428,5.6778906095650195,0.4421850735604425,2041.165665,20016.99726867225,0.7577708874521569,0.008926666666666666
Mercedes-Benz,GLK 350,X204E35DEH-Z3015-1,0,Car,4500,302,"2-Wheel Drive, Rear",3.498,7,2.82,25.1,40.17,0.57062,0.019866,178.68506228501428,5.6778906095650195,0.4421850735604425,2041.165665,20016.99726867225,0.7577708874521569,0.008926666666666666
Mercedes-Benz,GLK 350 4MATIC,X204E35DEH-Z3013,1,Both,4500,302,"2-Wheel Drive, Rear",3.498,7,3.27,29.1,42.007,0.63585,0.02088,186.8564453922478,6.326954442697273,0.46475507580499537,2041.165665,20016.99726867225,0.7964490148998808,0.009334888888888887
Mercedes-Benz,GLK 350 4MATIC,X204E35DEH-Z3015,1,Truck,4500,302,"2-Wheel Drive, Rear",3.498,7,3.27,29.1,42.007,0.63585,0.02088,186.8564453922478,6.326954442697273,0.46475507580499537,2041.165665,20016.99726867225,0.7964490148998808,0.009334888888888887
Mercedes-Benz,ML 350,W166E35DEH-Z2036-2,0,Both,5000,302,"2-Wheel Drive, Rear",3.498,7,3.69,32.0,37.038,0.95098,0.017188,164.75323218601838,9.462620328562164,0.3825771189145718,2267.96185,22241.1080763025,0.6556209611158597,0.007407599999999999
Mercedes-Benz,ML 350,W166E35DEH-Z2036-2,1,Both,5000,302,"2-Wheel Drive, Rear",3.498,7,3.69,32.0,37.038,0.95098,0.017188,164.75323218601838,9.462620328562164,0.3825771189145718,2267.96185,22241.1080763025,0.6556209611158597,0.007407599999999999
Mercedes-Benz,ML 350 4MATIC,W166E35DEH-Z2036,2,Both,5000,302,"2-Wheel Drive, Rear",3.498,7,3.69,32.0,42.613,0.9839,0.017898,189.55206769109566,9.790187113580005,0.39838057216273026,2267.96185,22241.1080763025,0.6827032791512485,0.0085226
Mercedes-Benz,ML 350 BLUETEC 4MATIC,W166DE30TC-Z2012-1,0,Truck,5500,240,"2-Wheel Drive, Rear",2.987,7,3.46,30.0,42.613,0.9839,0.017898,189.55206769109566,9.790187113580005,0.39838057216273026,2494.7580350000003,24465.21888393275,0.6827032791512485,0.00774781818181818
Mercedes-Benz,ML 550 4MATIC,W166E46DETC-Z2014,1,Truck,5500,402,"2-Wheel Drive, Rear",4.664,7,3.46,30.0,42.613,0.9839,0.017898,189.55206769109566,9.790187113580005,0.39838057216273026,2494.7580350000003,24465.21888393275,0.6827032791512485,0.00774781818181818
Mercedes-Benz,ML 550 4MATIC,W166E46DETC-Z2014,1,Truck,5500,402,"2-Wheel Drive, Rear",4.664,7,3.46,30.0,47.348,1.0932,0.019887,210.61439703935415,10.877764562014088,0.44265249964243025,2494.7580350000003,24465.21888393275,0.7585719137602458,0.008608727272727273
Mercedes-Benz,ML 63 AMG,W166E55DETC-Z2015,0,Truck,5500,518,"2-Wheel Drive, Rear",5.461,7,3.47,29.7,44.937,1.22124,0.016949,199.88973472496107,12.151812288432206,0.37725736493385376,2494.7580350000003,24465.21888393275,0.6465045188476093,0.008170363636363635
Mercedes-Benz,ML 63 AMG,W166E55DETC-Z2015,0,Truck,5500,518,"2-Wheel Drive, Rear",5.461,7,3.47,29.7,49.93,1.35693,0.018833,222.09970524995674,13.50198048585234,0.4191921620036148,2494.7580350000003,24465.21888393275,0.7183680219161617,0.009078181818181817
Mercedes-Benz,R 350 4MATIC,V251E35DEH-Z2016,1,Truck,5500,302,"2-Wheel Drive, Rear",3.498,7,3.45,29.9,40.57,1.35075,0.014807,180.46435093111847,13.440487085748746,0.3295799045710999,2494.7580350000003,24465.21888393275,0.5647998354225353,0.007376363636363636
Mercedes-Benz,S 350 BLUETEC 4MATIC,V221DE30TC-Z3856,1,Car,5000,240,4-Wheel Drive,2.987,7,2.65,24.7,39.683,0.81909,0.012256,176.5187783583824,8.150263606933882,0.2727987648020126,2267.96185,22241.1080763025,0.46749421104468103,0.0079366
Mercedes-Benz,S 400 HYBRID,V221E35-Z0025,1,Car,5000,275,"2-Wheel Drive, Rear",3.498,7,3.07,28.6,38.415,0.83764,0.01005,170.8784333502321,8.334843311128322,0.2236967678084389,2267.96185,22241.1080763025,0.38334830458543123,0.007683
Mercedes-Benz,S 550,V221E46DETC-Z2038,0,Car,5000,429,"2-Wheel Drive, Rear",4.664,7,2.65,24.1,39.192,0.8378,0.010364,174.3347015452895,8.336435373266927,0.23068590065339906,2267.96185,22241.1080763025,0.39532555509685663,0.0078384
Mercedes-Benz,S 550,V221E46DETC-Z2038,0,Car,5000,429,"2-Wheel Drive, Rear",4.664,7,2.65,24.1,43.547,0.93089,0.011516,193.70670667974898,9.262717026283658,0.25632756000815743,2267.96185,22241.1080763025,0.43926756971202247,0.008709399999999999
Mercedes-Benz,S 550 4MATIC,V221E46DETC-Z2038-1,0,Car,5250,429,"2-Wheel Drive, Rear",4.664,7,2.65,24.7,39.683,0.81909,0.012256,176.5187783583824,8.150263606933882,0.2727987648020126,2381.3599425,23353.163480117626,0.46749421104468103,0.007558666666666666
Mercedes-Benz,S 550 4MATIC,V221E46DETC-Z2038-1,0,Car,5250,429,"2-Wheel Drive, Rear",4.664,7,2.65,24.7,44.092,0.9101,0.013618,196.13098746006594,9.055848452148759,0.30311468497664884,2381.3599425,23353.163480117626,0.5194464887407365,0.008398476190476189
Mercedes-Benz,S 600,V221E55TC-Z7014,4,Car,5250,510,"2-Wheel Drive, Rear",5.513,5,2.65,25.3,39.192,0.8378,0.010364,174.3347015452895,8.336435373266927,0.23068590065339906,2381.3599425,23353.163480117626,0.39532555509685663,0.007465142857142856
Mercedes-Benz,S 63 AMG,V221E55DETC-Z2029-1,0,Car,5250,536,"2-Wheel Drive, Rear",5.461,7,2.65,24.2,42.405,0.86744,0.00959,188.6268375951215,8.631364884443379,0.21345791077442075,2381.3599425,23353.163480117626,0.365802014027292,0.008077142857142856
Mercedes-Benz,S 63 AMG,V221E55DETC-Z2029-1,0,Car,5250,536,"2-Wheel Drive, Rear",5.461,7,2.65,24.2,47.117,0.96383,0.010655,209.58685784622895,9.590482819068823,0.23716309064665833,2381.3599425,23353.163480117626,0.40642549108037507,0.008974666666666666
Mercedes-Benz,S 65 AMG,V221E60TC-Z1017,1,Car,5500,621,"2-Wheel Drive, Rear",5.98,5,2.65,27.6,42.405,0.86744,0.00959,188.6268375951215,8.631364884443379,0.21345791077442075,2494.7580350000003,24465.21888393275,0.365802014027292,0.007709999999999999
Mercedes-Benz,SL 550,R231E46DETC-Z3018,0,Car,4250,429,"2-Wheel Drive, Rear",4.664,7,2.65,25.9,34.631,0.67094,0.011401,154.04636275808636,6.676113570469934,0.2537678457496529,1927.7675725000001,18904.941864857126,0.4348809970724877,0.008148470588235293
Mercedes-Benz,SL 550,R231E46DETC-Z3018,0,Car,4250,429,"2-Wheel Drive, Rear",4.664,7,2.65,25.9,38.479,0.74549,0.012667,171.16311953360875,7.4179150231758895,0.2819469609780592,1927.7675725000001,18904.941864857126,0.48317144021727926,0.009053882352941174
Mercedes-Benz,SL 63 AMG,R231E55DETC-Z3019,0,Car,4500,536,"2-Wheel Drive, Rear",5.461,7,2.65,25.0,37.447,0.63399,0.011302,166.57255482665994,6.308446720335998,0.2515642656488533,2041.165665,20016.99726867225,0.4311047301914968,0.008321555555555556
Mercedes-Benz,SL 63 AMG,R231E55DETC-Z3019,0,Car,4500,536,"2-Wheel Drive, Rear",5.461,7,2.65,25.0,41.608,0.70443,0.012557,185.08160496775886,7.009352076856554,0.2794985386438375,2041.165665,20016.99726867225,0.4789755881272895,0.009246222222222222
Mercedes-Benz,SL 65 AMG,R231E60TC-Z3020,0,Car,4500,621,"2-Wheel Drive, Rear",5.98,7,2.65,25.0,37.447,0.63399,0.011302,166.57255482665994,6.308446720335998,0.2515642656488533,2041.165665,20016.99726867225,0.4311047301914968,0.008321555555555556
Mercedes-Benz,SLK 250,R172E18DETC-Z2033,0,Car,3625,201,"2-Wheel Drive, Rear",1.796,7,3.07,31.2,29.7,0.64933,0.009741,132.11218197323683,6.461085677874688,0.2168189268877615,1644.2723412500002,16124.803355319313,0.3715617746235508,0.008193103448275861
Mercedes-Benz,SLK 250,R172E18DETC-Z2034,0,Car,3625,201,"2-Wheel Drive, Rear",1.796,6,3.27,38.4,37.978,0.174,0.013409,168.93456050436328,1.7313675757322096,0.29846268254162756,1644.2723412500002,16124.803355319313,0.5114743697697559,0.010476689655172414
Mercedes-Benz,SLK 350,R172E35DEH-Z3027,0,Car,3750,302,"2-Wheel Drive, Rear",3.498,7,3.07,31.2,29.7,0.64933,0.009741,132.11218197323683,6.461085677874688,0.2168189268877615,1700.9713875,16680.831057226875,0.3715617746235508,0.007919999999999998
Mercedes-Benz,SLK 55 AMG,R172E55DE-Z2011,0,Car,3875,416,"2-Wheel Drive, Rear",5.461,7,2.82,28.4,30.554,0.66434,0.010684,135.9109632326693,6.610441007252507,0.2378085838074986,1757.67043375,17236.858759134437,0.407531670267736,0.00788490322580645
Mercedes-Benz,SLK 55 AMG,R172E55DE-Z2011,0,Car,3875,416,"2-Wheel Drive, Rear",5.461,7,2.82,28.4,33.949,0.73816,0.011871,151.0126756164787,7.344978676451079,0.2642292866322366,1757.67043375,17236.858759134437,0.4528087287297168,0.008761032258064516
Mercedes-Benz,SLS AMG,R197E63-Z1023-1,0,Car,4000,563,"2-Wheel Drive, Rear",6.208,7,3.67,34.3,41.345,0.49986,0.018131,183.91172268294534,4.9738011287672546,0.403566775834309,1814.36948,17792.886461042,0.6915908567600451,0.010336249999999998
Mercedes-Benz,smart fortwo (Coupe),C451E10-Z2027,0,Car,2125,70,"2-Wheel Drive, Rear",0.999,5,4.53,49.1,17.544,0.29748,0.016833,78.0396000181302,2.960041531200102,0.3746753922904927,963.8837862500001,9452.470932428563,0.6420798020981655,0.008255999999999998
Mercedes-Benz,smart fortwo electric drive (convertible),C451ed-Z3022-1,0,Car,2375,74,"2-Wheel Drive, Rear",0.001,1,1.0,151.8,32.869,-0.1639,0.028583,146.20859627199735,-1.6308686532328112,0.6362114143550853,1077.28187875,10564.526336243687,1.0902730935288933,0.01383957894736842
W204E63-Z1011,C 63 AMG,W204E63-Z1011,2,Car,4250,451,"2-Wheel Drive, Rear",6.208,7,2.82,28.4,35.756,0.7163,0.012024,159.05061207525443,7.127463186764263,0.26763481951529045,1927.7675725000001,18904.941864857126,0.45864477754579347,0.008413176470588235
MITSUBISHI,i-MiEV,EB12-EM21,1,Car,2875,66,"2-Wheel Drive, Rear",0.001,1,7.07,106.2,19.484,0.43515,0.016133,86.66914995173558,4.329911497585465,0.35909452289089994,1304.07806375,12788.637143873937,0.6153789251618668,0.006777043478260869
MITSUBISHI,LANCER,EB11-CA52,3,Car,3250,148,"2-Wheel Drive, Front",1.998,5,3.94,41.9,19.004,0.33186,0.01542,84.53400357641054,3.3021358832327072,0.3432242944881719,1474.1752025,14456.720249596625,0.5881821747967512,0.005847384615384615
MITSUBISHI,LANCER,EB11-CA5A,5,Car,3250,148,"2-Wheel Drive, Front",1.998,6,5.41,29.2,33.897,-0.07177,0.020155,150.78136809248514,-0.714139373047705,0.4486177467839886,1474.1752025,14456.720249596625,0.7687945352158573,0.010429846153846152
MITSUBISHI,LANCER,EB11-CB56,1,Car,3375,168,"2-Wheel Drive, Front",2.359,5,3.94,41.2,22.608,0.40551,0.016034,100.56539427780938,4.034981986409013,0.35689094279010036,1530.87424875,15012.747951504187,0.6116026582808759,0.006698666666666666
MITSUBISHI,LANCER,EB11-CB5C,3,Car,3375,168,"2-Wheel Drive, Front",2.359,6,6.12,32.5,48.755,-0.35942,0.023594,216.87304485202566,-3.576368586607303,0.5251643323057021,1530.87424875,15012.747951504187,0.8999721291929018,0.014445925925925925
MITSUBISHI,LANCER EVOLUTION,EB11-CA72,0,Car,3875,291,All Wheel Drive,1.998,5,4.69,47.9,46.337,0.63264,0.019137,206.11724498632577,6.295013696041523,0.4259587110000095,1757.67043375,17236.858759134437,0.7299638313284973,0.011957935483870967
MITSUBISHI,LANCER EVOLUTION,EB12-CA83,2,Car,4000,291,All Wheel Drive,1.998,6,4.06,42.3,43.512,0.50916,0.019935,193.55101892321485,5.066339740573631,0.4437209021155452,1814.36948,17792.886461042,0.7604028310358778,0.010877999999999999
MITSUBISHI,LANCER SPORTBACK,EB11-CA53,0,Car,3875,237,All Wheel Drive,1.998,6,4.06,40.0,39.495,0.53252,0.017156,175.6825126947134,5.298780812809864,0.381864850599162,1757.67043375,17236.858759134437,0.654400349598772,0.010192258064516128
MITSUBISHI,LANCER SPORTBACK,EB11-CA5A,4,Car,3375,148,"2-Wheel Drive, Front",1.998,6,5.41,29.2,41.959,-0.31718,0.024077,186.6429307547153,-3.15606418201576,0.5359151321914212,1530.87424875,15012.747951504187,0.9183957342789479,0.012432296296296295
MITSUBISHI,LANCER SPORTBACK,EB11-CB5C,2,Car,3500,168,"2-Wheel Drive, Front",2.359,6,6.12,32.5,43.357,-0.17555,0.022994,192.86154457284948,-1.7467906776999391,0.5118093013917655,1587.5732950000001,15568.77565341175,0.8770856632475029,0.012387714285714285
MITSUBISHI,OUTLANDER 2WD,EB11-DB5A,3,Truck,3750,168,"2-Wheel Drive, Front",2.359,6,6.47,32.2,45.454,-0.31357,0.027643,202.18946530005076,-3.1201432800134996,0.615288532589918,1700.9713875,16680.831057226875,1.0544176302144352,0.012121066666666666
MITSUBISHI,OUTLANDER 2WD,EB11-DB5B,5,Truck,3875,168,"2-Wheel Drive, Front",2.359,6,6.47,32.2,45.18,-0.2178,0.028203,200.97065257746937,-2.167194586175145,0.6277532281095921,1757.67043375,17236.858759134437,1.0757783317634741,0.011659354838709677
MITSUBISHI,OUTLANDER 2WD,EB11-DC43,4,Truck,4000,230,"2-Wheel Drive, Front",2.998,6,3.57,30.9,28.309,0.64053,0.021491,125.92470570640948,6.37352226025145,0.4783549489523542,1814.36948,17792.886461042,0.8197550660542787,0.00707725
MITSUBISHI,OUTLANDER 2WD,EB11-DC43,5,Truck,3750,230,"2-Wheel Drive, Front",2.998,6,3.57,30.9,26.135,0.5927,0.020395,116.25427191483317,5.897595184692417,0.45395975914956327,1700.9713875,16680.831057226875,0.7779491215940169,0.0069693333333333335
MITSUBISHI,OUTLANDER 4WD,EB11-DB5B,2,Truck,4000,168,"2-Wheel Drive, Front",2.359,6,6.47,32.2,49.086,-0.18632,0.028802,218.34540620667687,-1.853956360404743,0.6410860006386723,1814.36948,17792.886461042,1.0986266535989642,0.0122715
MITSUBISHI,OUTLANDER 4WD,EB11-DC43,2,Truck,4250,230,"2-Wheel Drive, Front",2.998,6,3.57,30.9,31.871,0.60089,0.022103,141.76927109996737,5.979088865412226,0.4919770804845696,1927.7675725000001,18904.941864857126,0.8430992613185857,0.00749905882352941
MITSUBISHI,OUTLANDER 4WD,EB11-DC43,3,Truck,4000,230,"2-Wheel Drive, Front",2.998,6,3.57,30.9,28.361,0.57425,0.020698,126.15601323040303,5.714010519334606,0.4607040497611013,1814.36948,17792.886461042,0.7895067868964433,0.00709025
MITSUBISHI,OUTLANDER SPORT 2WD,EB11-ZA22,0,Truck,3375,148,"2-Wheel Drive, Front",1.998,5,4.24,43.9,20.084,0.43542,0.022027,89.33808292089188,4.3325981024443605,0.490285443235471,1530.87424875,15012.747951504187,0.8402003089655019,0.005950814814814815
MITSUBISHI,OUTLANDER SPORT 2WD,EB11-ZA2A,10,Truck,3500,148,"2-Wheel Drive, Front",1.998,6,6.47,32.2,37.964,-0.18418,0.026869,168.8722854017496,-1.83266252930091,0.5980605427109397,1587.5732950000001,15568.77565341175,1.0248940891448706,0.01084685714285714
MITSUBISHI,OUTLANDER SPORT 4WD,EB11-ZA2A,8,Truck,3625,148,"2-Wheel Drive, Front",1.998,6,6.47,32.2,43.815,-0.20094,0.027677,194.8988300726388,-1.9994310383197136,0.616045317675041,1644.2723412500002,16124.803355319313,1.055714529951341,0.012086896551724137
INFINITI,INFINITI EX37 AWD Journey,LTE527,1,Car,4250,326,"2-Wheel Drive, Rear",3.7,7,3.13,30.2,38.81,0.6124,0.01895,172.63548088826,6.093617835508075,0.4217963930318326,1927.7675725000001,18904.941864857126,0.7228308827755147,0.009131764705882351
INFINITI,INFINITI EX37 AWD Journey,LTE527,2,Car,4250,326,"2-Wheel Drive, Rear",3.7,7,3.13,30.5,37.63,0.5938,0.01872,167.38657938225262,5.908540611895322,0.41667696451482344,1927.7675725000001,18904.941864857126,0.714057737496445,0.008854117647058823
INFINITI,INFINITI EX37 Journey,LTE526,0,Car,4250,326,"2-Wheel Drive, Rear",3.7,7,3.13,30.5,28.52,0.739,0.01707,126.86328046722944,7.353337002678751,0.3799506295014976,1927.7675725000001,18904.941864857126,0.6511199561465979,0.006710588235294117
INFINITI,INFINITI FX37 AWD,LME539,1,Truck,4750,325,"2-Wheel Drive, Rear",3.7,7,3.69,32.8,46.66,0.3352,0.02708,207.5540205680549,3.3353701803760725,0.602757061915674,2154.5637575,21129.052672487374,1.0329424963356693,0.009823157894736841
INFINITI,INFINITI FX37 AWD,LME539,2,Truck,4750,325,"2-Wheel Drive, Rear",3.7,7,3.69,32.9,43.11,0.3097,0.02699,191.76283383388014,3.081635277036007,0.6007538072785835,2154.5637575,21129.052672487374,1.0295095264438594,0.00907578947368421
INFINITI,INFINITI FX37 RWD,LME540,0,Truck,4500,325,"2-Wheel Drive, Rear",3.7,7,3.36,29.9,36.56,0.365,0.02512,162.62698225392387,3.6318917536911295,0.5591306275968143,2041.165665,20016.99726867225,0.9581800409140329,0.008124444444444445
INFINITI,INFINITI FX50 AWD,LME538,1,Truck,5000,390,"2-Wheel Drive, Rear",5.0,7,3.54,31.3,49.27,0.3538,0.02744,219.16387898388484,3.5204474039888263,0.610770080464036,2267.96185,22241.1080763025,1.0466743759029085,0.009854000000000002
INFINITI,INFINITI G37 CONVERTIBLE Journey,MLE355,1,Car,4500,320,"2-Wheel Drive, Rear",3.7,7,3.36,33.4,33.87,0.3357,0.01832,150.66126610887312,3.3403453745592113,0.40777361057219896,2041.165665,20016.99726867225,0.6988000935328457,0.007526666666666666
INFINITI,INFINITI G37 CONVERTIBLE Journey,MMC083,0,Car,4500,320,"2-Wheel Drive, Rear",3.7,7,3.36,33.8,33.87,0.3357,0.01804,150.66126610887312,3.3403453745592113,0.4015412628123619,2041.165665,20016.99726867225,0.6881197427583262,0.007526666666666666
INFINITI,INFINITI G37 CONVERTIBLE Journey,MMC083,1,Car,4500,320,"2-Wheel Drive, Rear",3.7,7,3.36,33.4,33.87,0.3357,0.01832,150.66126610887312,3.3403453745592113,0.40777361057219896,2041.165665,20016.99726867225,0.6988000935328457,0.007526666666666666
INFINITI,INFINITI G37 CONVERTIBLE Sport 6MT,MLE353,1,Car,4500,325,"2-Wheel Drive, Rear",3.7,6,3.92,40.1,36.06,0.2295,0.01868,160.40287144629363,2.2836141300605868,0.41578662912056097,2041.165665,20016.99726867225,0.712531973100085,0.008013333333333332
INFINITI,INFINITI G37 sedan Journey,MKE550,2,Car,4000,323,"2-Wheel Drive, Rear",3.7,7,3.36,34.0,29.94,0.2968,0.01682,133.17975516089936,2.9532752671110334,0.3743860332873574,1814.36948,17792.886461042,0.6415839286693485,0.007485
INFINITI,INFINITI G37 sedan Journey,MKE550,3,Car,4000,326,"2-Wheel Drive, Rear",3.7,7,3.36,33.6,30.58,0.3031,0.01713,136.02661699466609,3.0159627138185785,0.3812861325928913,1814.36948,17792.886461042,0.6534086027411379,0.007645
INFINITI,INFINITI G37 sedan Journey,MKE551,2,Car,4000,323,"2-Wheel Drive, Rear",3.7,7,3.36,33.8,31.63,0.3175,0.01675,140.6972496906896,3.1592483062929686,0.3728279463473982,1814.36948,17792.886461042,0.6389138409757188,0.0079075
INFINITI,INFINITI G37 sedan Journey,MKE551,3,Car,4000,326,"2-Wheel Drive, Rear",3.7,7,3.36,33.4,31.56,0.3152,0.01709,140.38587417762136,3.1363624130505308,0.3803957971986289,1814.36948,17792.886461042,0.6518828383447781,0.00789
INFINITI,INFINITI G37 sedan Sport 6MT,MKE552,0,Car,4000,326,"2-Wheel Drive, Rear",3.7,6,3.69,37.8,32.17,0.2046,0.0185,143.09928936293028,2.035849459740288,0.41178011984637997,1814.36948,17792.886461042,0.7056660333164653,0.008042500000000001
INFINITI,INFINITI G37 sedan Sport 6MT,MKE552,1,Car,4000,323,"2-Wheel Drive, Rear",3.7,6,3.69,38.3,32.56,0.2072,0.01725,144.83409579288187,2.061720469492608,0.38395713877567866,1814.36948,17792.886461042,0.6579858959302177,0.00814
INFINITI,INFINITI G37X COUPE AWD,MLD340,2,Car,4250,323,4-Wheel Drive,3.7,7,3.36,34.0,33.53,0.5562,0.01433,149.14887075968457,5.5344060093233045,0.3189626549945203,1927.7675725000001,18904.941864857126,0.5466050949959432,0.007889411764705883
INFINITI,INFINITI G37X COUPE AWD,MLD340,3,Car,4250,330,"2-Wheel Drive, Rear",3.7,7,3.36,33.2,33.84,0.5614,0.01462,150.52781946041532,5.586148028827945,0.325417586602923,1927.7675725000001,18904.941864857126,0.5576668868695527,0.007962352941176469
INFINITI,INFINITI JX35 AWD,GJB181,1,Truck,4750,265,"2-Wheel Drive, Front",3.5,1,5.17,26.4,44.18,0.6422,0.01922,196.5224309622089,6.390139408823131,0.427806156943104,2154.5637575,21129.052672487374,0.733129792450944,0.009301052631578948
INFINITI,INFINITI JX35 AWD,GJB181,2,Truck,4750,265,"2-Wheel Drive, Front",3.5,1,5.17,26.4,44.18,0.6422,0.01922,196.5224309622089,6.390139408823131,0.427806156943104,2154.5637575,21129.052672487374,0.733129792450944,0.009301052631578948
INFINITI,INFINITI JX35 AWD,GJB181,3,Truck,4750,265,"2-Wheel Drive, Front",3.5,1,5.17,26.7,42.77,0.6218,0.01869,190.25043848469159,6.1871514861510795,0.4160092129691266,2154.5637575,21129.052672487374,0.712913414199175,0.00900421052631579
INFINITI,INFINITI JX35 AWD,GJB181,4,Truck,4750,265,"2-Wheel Drive, Front",3.5,1,5.17,26.7,42.77,0.6218,0.01869,190.25043848469159,6.1871514861510795,0.4160092129691266,2154.5637575,21129.052672487374,0.712913414199175,0.00900421052631579
INFINITI,INFINITI JX35 AWD,GJB181,5,Truck,4750,265,"2-Wheel Drive, Front",3.5,1,5.17,26.7,41.71,0.3461,0.02068,185.53532357251544,3.443829413568493,0.4603033988336832,2154.5637575,21129.052672487374,0.7888201929180814,0.008781052631578946
INFINITI,INFINITI JX35 AWD,GJB181,6,Truck,4750,265,"2-Wheel Drive, Front",3.5,1,5.17,26.7,41.71,0.3461,0.02068,185.53532357251544,3.443829413568493,0.4603033988336832,2154.5637575,21129.052672487374,0.7888201929180814,0.008781052631578946
INFINITI,INFINITI M35h,DPC240,1,Car,4500,302,"2-Wheel Drive, Rear",3.5,7,2.61,25.6,35.68,0.3982,0.01462,158.71254723249461,3.9622446474515276,0.325417586602923,2041.165665,20016.99726867225,0.5576668868695527,0.007928888888888888
INFINITI,INFINITI M35h,DPC240,2,Car,4500,302,"2-Wheel Drive, Rear",3.5,7,2.61,25.6,35.68,0.3982,0.01462,158.71254723249461,3.9622446474515276,0.325417586602923,2041.165665,20016.99726867225,0.5576668868695527,0.007928888888888888
INFINITI,INFINITI M37 Base,DNB141,0,Car,4250,330,"2-Wheel Drive, Rear",3.7,7,3.36,32.9,34.39,0.3584,0.01574,152.9743413488086,3.5662191904737006,0.35034697764227146,1927.7675725000001,18904.941864857126,0.6003882899676306,0.008091764705882352
INFINITI,INFINITI M37 Base,DNB141,1,Car,4250,330,"2-Wheel Drive, Rear",3.7,7,3.36,32.9,34.39,0.3584,0.01574,152.9743413488086,3.5662191904737006,0.35034697764227146,1927.7675725000001,18904.941864857126,0.6003882899676306,0.008091764705882352
INFINITI,INFINITI M37 Base,DNB142,1,Car,4250,330,"2-Wheel Drive, Rear",3.7,7,3.36,32.4,36.59,0.3821,0.01638,162.7604289023817,3.8020433947544667,0.36459234395047047,1927.7675725000001,18904.941864857126,0.6248005203093893,0.008609411764705883
INFINITI,INFINITI M37 Base,DNB142,2,Car,4250,330,"2-Wheel Drive, Rear",3.7,7,3.36,32.4,36.59,0.3821,0.01638,162.7604289023817,3.8020433947544667,0.36459234395047047,1927.7675725000001,18904.941864857126,0.6248005203093893,0.008609411764705883
INFINITI,INFINITI M37X Base,DNB140,1,Car,4500,330,4-Wheel Drive,3.7,7,3.36,32.9,41.63,0.4968,0.01777,185.17946584329462,4.943352940366446,0.3955314989010904,2041.165665,20016.99726867225,0.6778208330828968,0.009251111111111111
INFINITI,INFINITI M37X Base,DNB140,2,Car,4500,330,4-Wheel Drive,3.7,7,3.36,32.9,41.63,0.4968,0.01777,185.17946584329462,4.943352940366446,0.3955314989010904,2041.165665,20016.99726867225,0.6778208330828968,0.009251111111111111
INFINITI,INFINITI M56 Base,DNE506,0,Car,4500,420,"2-Wheel Drive, Rear",5.6,7,2.61,25.2,39.11,0.4092,0.01643,173.96994737283813,4.071698919480576,0.3657052631932986,2041.165665,20016.99726867225,0.6267077258048392,0.00869111111111111
INFINITI,INFINITI M56 Base,DNE506,1,Car,4500,420,"2-Wheel Drive, Rear",5.6,7,2.61,25.2,39.11,0.4092,0.01643,173.96994737283813,4.071698919480576,0.3657052631932986,2041.165665,20016.99726867225,0.6267077258048392,0.00869111111111111
INFINITI,INFINITI M56x,DNE525,1,Car,4750,420,"2-Wheel Drive, Rear",5.6,7,2.61,25.2,45.56,0.4904,0.01786,202.66097679126838,4.879670454822273,0.3975347535381809,2154.5637575,21129.052672487374,0.6812538029747065,0.009591578947368421
INFINITI,INFINITI M56x,DNE525,2,Car,4750,420,"2-Wheel Drive, Rear",5.6,7,2.61,25.2,45.56,0.4904,0.01786,202.66097679126838,4.879670454822273,0.3975347535381809,2154.5637575,21129.052672487374,0.6812538029747065,0.009591578947368421
INFINITI,INFINITI M56X Base,DNB138,1,Car,4500,420,4-Wheel Drive,5.6,7,2.61,25.6,43.15,0.4645,0.01721,191.94076269849054,4.621955396135697,0.38306680338141624,2041.165665,20016.99726867225,0.6564601315338578,0.009588888888888886
INFINITI,INFINITI M56X Base,DNB138,2,Car,4500,420,4-Wheel Drive,5.6,7,2.61,25.6,43.15,0.4645,0.01721,191.94076269849054,4.621955396135697,0.38306680338141624,2041.165665,20016.99726867225,0.6564601315338578,0.009588888888888886
INFINITI,INFINITI M56X Base,DNB138,3,Car,4500,420,"2-Wheel Drive, Rear",5.6,7,2.61,25.6,36.77,0.384,0.01578,163.5611087931286,3.8209491326503935,0.3512373130365338,2041.165665,20016.99726867225,0.6019140543639904,0.008171111111111112
INFINITI,INFINITI M56X Base,DNB138,4,Car,4500,420,"2-Wheel Drive, Rear",5.6,7,2.61,25.6,36.77,0.384,0.01578,163.5611087931286,3.8209491326503935,0.3512373130365338,2041.165665,20016.99726867225,0.6019140543639904,0.008171111111111112
INFINITI,INFINITI QX56 2WD,TWB022,3,Truck,6000,400,"2-Wheel Drive, Rear",5.6,7,2.94,23.8,25.15,1.0055,0.02572,111.87277362380156,10.005115502291591,0.572485658510751,2721.55422,26689.329691562998,0.9810665068594318,0.0041916666666666665
INFINITI,INFINITI QX56 2WD,TWB022,4,Truck,6000,400,"2-Wheel Drive, Rear",5.6,7,2.94,24.0,26.33,1.0064,0.02622,117.12167512980895,10.01407085182124,0.5836148509390315,2721.55422,26689.329691562998,1.000138561813931,0.004388333333333333
INFINITI,INFINITI QX56 4WD,TWB022,1,Truck,6000,400,4-Wheel Drive,5.6,7,2.94,24.0,32.32,0.9667,0.02739,143.76652260521934,9.61904043368004,0.609657161221208,2721.55422,26689.329691562998,1.0447671704074588,0.005386666666666666
INFINITI,INFINITI QX56 4WD,TWB022,2,Truck,6000,400,4-Wheel Drive,5.6,7,2.94,23.8,31.11,0.9658,0.0269,138.38417445075413,9.610085084150391,0.598750552641493,2721.55422,26689.329691562998,1.0260765565520495,0.0051849999999999995
NISSAN,ARMADA SE 5.6L 4X4,SKB385,3,Truck,6000,317,"2-Wheel Drive, Rear",5.6,5,2.94,25.8,31.15,0.9923,0.02352,138.56210331536457,9.873770375856733,0.5235172118263166,2721.55422,26689.329691562998,0.8971494650596359,0.0051916666666666665
NISSAN,ARMADA SE 5.6L 4X4,SKB386,0,Truck,6000,317,4-Wheel Drive,5.6,5,3.36,29.4,33.51,0.9965,0.02568,149.05990632737934,9.915562006995097,0.5715953231164886,2721.55422,26689.329691562998,0.979540742463072,0.005585
NISSAN,NISSAN 370Z ROADSTER Touring,FHB033,1,Car,3875,332,"2-Wheel Drive, Rear",3.7,7,3.36,33.7,42.14,0.1865,0.02093,187.44805886707746,1.8557474303106727,0.46586799504782345,1757.67043375,17236.858759134437,0.7983562203953308,0.010874838709677419
NISSAN,NISSAN 370Z ROADSTER Touring,FHB033,2,Car,3875,332,"2-Wheel Drive, Rear",3.7,7,3.36,33.8,41.63,0.1832,0.0205,185.17946584329462,1.8229111487019587,0.4562968895595022,1757.67043375,17236.858759134437,0.7819542531344617,0.010743225806451614
NISSAN,NISSAN 370Z ROADSTER Touring,FHB033,6,Car,3750,332,"2-Wheel Drive, Rear",3.7,7,3.36,33.8,40.71,0.1792,0.02047,181.08710195725493,1.7831095952368503,0.45562913801380533,1700.9713875,16680.831057226875,0.7808099298371917,0.010856
NISSAN,NISSAN 370Z ROADSTER Touring,FHB033,8,Car,3625,332,"2-Wheel Drive, Rear",3.7,7,3.36,33.8,39.13,0.0584,0.01935,174.05891180514337,0.5811026805905806,0.43069974697445695,1644.2723412500002,16124.803355319313,0.7380885267391138,0.01079448275862069
NISSAN,NISSAN 370Z ROADSTER Touring,FHB033,9,Car,3750,332,"2-Wheel Drive, Rear",3.7,7,3.36,33.8,40.06,0.0598,0.01941,178.19575790733563,0.5950332243033685,0.43203525006585064,1700.9713875,16680.831057226875,0.7403771733336537,0.010682666666666667
NISSAN,NISSAN 370Z ROADSTER Touring,FHB034,0,Car,3625,332,"2-Wheel Drive, Rear",3.7,6,3.69,38.3,32.58,0.1893,0.01871,144.92306022518707,1.8836085177362485,0.4164543806662579,1644.2723412500002,16124.803355319313,0.7136762963973551,0.00898758620689655
NISSAN,NISSAN 370Z ROADSTER Touring,FHB034,1,Car,3625,332,"2-Wheel Drive, Rear",3.7,6,3.69,38.2,33.09,0.1925,0.0194,147.19165324896994,1.9154497605083352,0.431812666217285,1644.2723412500002,16124.803355319313,0.7399957322345637,0.009128275862068965
NISSAN,NISSAN 370Z ROADSTER Touring,FHB034,2,Car,3750,332,"2-Wheel Drive, Rear",3.7,6,3.69,38.3,33.99,0.2694,0.01998,151.1950527027044,2.6806346258750415,0.44472252943409046,1700.9713875,16680.831057226875,0.7621193159817827,0.009064000000000001
NISSAN,NISSAN 370Z Touring,FGE332,0,Car,3875,332,"2-Wheel Drive, Rear",3.7,6,3.69,38.3,34.35,0.2707,0.01999,152.79641248419816,2.6935701307512017,0.44494511328265607,1757.67043375,17236.858759134437,0.7625007570808726,0.008864516129032258
NISSAN,NISSAN ALTIMA 2.5S,FKB337,1,Both,3500,175,"2-Wheel Drive, Front",2.5,1,5.12,26.8,45.6,-0.4795,0.02396,202.8389056558788,-4.771211221629853,0.5333109011632035,1587.5732950000001,15568.77565341175,0.9139328734195951,0.013028571428571428
NISSAN,NISSAN ALTIMA 2.5SL,FPB063,1,Car,3500,182,"2-Wheel Drive, Front",2.5,1,4.83,24.5,29.85,-0.1069,0.01879,132.77941521552592,-1.0636965163550183,0.41823505145478274,1587.5732950000001,15568.77565341175,0.7167278251900748,0.008528571428571427
NISSAN,NISSAN ALTIMA 2.5SL,FPB063,2,Car,3375,182,"2-Wheel Drive, Front",2.5,1,4.83,24.6,28.04,-0.1188,0.01815,124.72813409190441,-1.1821061379137154,0.4039896851465836,1530.87424875,15012.747951504187,0.6923155948483161,0.008308148148148148
NISSAN,NISSAN ALTIMA 2.5SL,FPB066,1,Car,3500,177,"2-Wheel Drive, Front",2.5,1,4.83,24.5,29.85,-0.1069,0.01879,132.77941521552592,-1.0636965163550183,0.41823505145478274,1587.5732950000001,15568.77565341175,0.7167278251900748,0.008528571428571427
NISSAN,NISSAN ALTIMA 2.5SL,FPB066,3,Car,3375,177,"2-Wheel Drive, Front",2.5,1,4.83,24.6,28.04,-0.1188,0.01815,124.72813409190441,-1.1821061379137154,0.4039896851465836,1530.87424875,15012.747951504187,0.6923155948483161,0.008308148148148148
NISSAN,NISSAN ALTIMA 3.5SL,FPB064,1,Car,3750,270,"2-Wheel Drive, Front",3.5,1,4.68,23.6,32.96,0.082,0.01835,146.61338443898606,0.8159318460347195,0.4084413621178959,1700.9713875,16680.831057226875,0.6999444168301158,0.008789333333333333
NISSAN,NISSAN ALTIMA 3.5SL,FPB064,2,Car,3625,270,"2-Wheel Drive, Front",3.5,1,4.68,23.6,32.3,0.0811,0.01828,143.67755817291413,0.8069764965050701,0.4068832751779366,1644.2723412500002,16124.803355319313,0.6972743291364858,0.008910344827586205
NISSAN,NISSAN ALTIMA 3.5SL,FPB064,3,Car,3625,270,"2-Wheel Drive, Front",3.5,1,4.68,23.6,32.67,0.0815,0.01834,145.32340017056052,0.810956651851581,0.40821877826933023,1644.2723412500002,16124.803355319313,0.6995629757310257,0.009012413793103448
NISSAN,Nissan Armada SE 5.6l 4x4,SKB308,8,Truck,6000,317,"2-Wheel Drive, Rear",5.6,5,2.94,25.8,31.15,0.9923,0.02352,138.56210331536457,9.873770375856733,0.5235172118263166,2721.55422,26689.329691562998,0.8971494650596359,0.0051916666666666665
NISSAN,Nissan Armada SE 5.6l 4x4,SKB308,9,Truck,6000,317,"2-Wheel Drive, Front",5.6,5,2.94,25.8,31.15,0.9923,0.02352,138.56210331536457,9.873770375856733,0.5235172118263166,2721.55422,26689.329691562998,0.8971494650596359,0.0051916666666666665
NISSAN,Nissan Armada SE 5.6l 4x4,SKB310,10,Truck,6000,317,4-Wheel Drive,5.6,5,3.36,29.4,33.51,0.9965,0.02568,149.05990632737934,9.915562006995097,0.5715953231164886,2721.55422,26689.329691562998,0.979540742463072,0.005585
NISSAN,Nissan Armada SE 5.6l 4x4,SKB310,11,Truck,6000,317,4-Wheel Drive,5.6,5,3.36,29.4,33.51,0.9965,0.02568,149.05990632737934,9.915562006995097,0.5715953231164886,2721.55422,26689.329691562998,0.979540742463072,0.005585
NISSAN,NISSAN CUBE 1.8 S,PPC236,1,Car,3125,118,"2-Wheel Drive, Front",1.8,1,5.47,33.7,34.24,-0.1608,0.02727,152.3071081065195,-1.6000224492973523,0.6069861550384207,1417.47615625,13900.692547689063,1.0401898772183789,0.0109568
NISSAN,NISSAN CUBE 1.8 S,PPE437,0,Car,3125,122,"2-Wheel Drive, Front",1.8,6,3.93,45.9,16.39,0.2969,0.02477,72.9063522741196,2.954270305947661,0.551340192897018,1417.47615625,13900.692547689063,0.9448296024458835,0.0052448
NISSAN,NISSAN CUBE 1.8 SL,PPE435,1,Car,3125,122,"2-Wheel Drive, Front",1.8,1,5.47,33.7,34.24,-0.1608,0.02727,152.3071081065195,-1.6000224492973523,0.6069861550384207,1417.47615625,13900.692547689063,1.0401898772183789,0.0109568
NISSAN,NISSAN CUBE 1.8 SL,PPE435,2,Car,3125,122,"2-Wheel Drive, Front",1.8,1,5.47,33.6,33.22,-0.1615,0.0275,147.7699220589538,-1.6069877211537462,0.6121055835554298,1417.47615625,13900.692547689063,1.0489630224974487,0.010630399999999998
NISSAN,NISSAN FRONTIER 2WD K/C SV,SRE421,0,Truck,4500,261,"2-Wheel Drive, Rear",4.0,5,2.94,28.2,29.71,0.4006,0.03191,132.15666418938946,3.9861255795305928,0.7102650607728642,2041.165665,20016.99726867225,1.2171785471961305,0.006602222222222222
NISSAN,NISSAN FRONTIER 2WD K/C SV,SRE421,1,Truck,4500,261,"2-Wheel Drive, Rear",4.0,5,2.94,28.2,27.25,0.6411,0.02485,121.21403901584861,6.379193981620228,0.5531208636855429,2041.165665,20016.99726867225,0.9478811312386035,0.0060555555555555545
NISSAN,NISSAN FRONTIER 2WD S 4-Cyl 5AT,SRE418,1,Truck,4000,152,"2-Wheel Drive, Rear",2.5,5,3.69,37.0,37.95,0.754,0.02179,168.81001029913597,7.502592828172908,0.485010206024466,1814.36948,17792.886461042,0.8311601549170693,0.009487500000000001
NISSAN,NISSAN FRONTIER 2WD S 4-Cyl 5MT,SRE416,0,Truck,4000,152,"2-Wheel Drive, Rear",2.5,5,4.08,39.6,32.43,0.5513,0.02454,144.25582698289801,5.485649106328546,0.5462207643800089,1814.36948,17792.886461042,0.936056457166814,0.0081075
NISSAN,NISSAN FRONTIER 2WD SV 4-Cyl 5AT,SRE419,0,Truck,4000,152,"2-Wheel Drive, Rear",2.5,5,3.92,37.6,31.53,0.5475,0.02807,140.25242752916355,5.447837630536693,0.6247928629236695,1814.36948,17792.886461042,1.0707051651455775,0.0078825
NISSAN,NISSAN FRONTIER 2WD SV 4-Cyl 5MT,SRE417,0,Truck,4000,152,"2-Wheel Drive, Rear",2.5,5,4.36,40.5,27.5,0.2873,0.03128,122.32609441966375,2.8587465776314014,0.6962422783132307,1814.36948,17792.886461042,1.1931477579534615,0.006875
NISSAN,NISSAN FRONTIER 4WD C/C PRO-4X,SRE410,1,Truck,5000,261,"2-Wheel Drive, Rear",4.0,5,3.36,31.1,38.89,1.0502,0.02008,172.99133861748084,10.449897862264176,0.4469483679197465,2267.96185,22241.1080763025,0.7659337269726824,0.007778
NISSAN,NISSAN FRONTIER 4WD C/C PRO-4X,SRE410,2,Truck,5000,261,"2-Wheel Drive, Rear",4.0,5,3.36,32.1,30.57,0.9134,0.02546,135.98213477851348,9.088684733757471,0.5666984784480451,2267.96185,22241.1080763025,0.9711490382830923,0.0061140000000000005
NISSAN,NISSAN FRONTIER 4WD C/C PRO-4X,SRE410,3,Truck,4750,261,"2-Wheel Drive, Rear",4.0,5,3.36,32.2,27.94,0.8804,0.02546,124.28331193037836,8.760321917670328,0.5666984784480451,2154.5637575,21129.052672487374,0.9711490382830923,0.005882105263157894
NISSAN,NISSAN FRONTIER 4WD K/C PRO-4X,SRE423,0,Truck,4750,261,"2-Wheel Drive, Rear",4.0,6,3.69,31.4,43.47,0.5641,0.02634,193.36419361537392,5.613014077416893,0.5862858571218189,2154.5637575,21129.052672487374,1.0047158550030106,0.00915157894736842
NISSAN,NISSAN FRONTIER 4WD K/C PRO-4X,SRE423,1,Truck,4750,261,"2-Wheel Drive, Rear",4.0,6,3.69,31.4,45.26,0.3911,0.03578,201.3265103066902,3.8915968900509608,0.7964050101677554,2154.5637575,21129.052672487374,1.364796252543953,0.009528421052631578
NISSAN,NISSAN FRONTIER 4WD K/C SV,SRE411,0,Truck,4750,261,"2-Wheel Drive, Rear",4.0,5,3.13,30.1,32.13,1.0795,0.02524,142.92136049831987,10.741444241396092,0.5618016337796017,2154.5637575,21129.052672487374,0.9627573341031127,0.00676421052631579
NISSAN,NISSAN FRONTIER 4WD K/C SV,SRE411,2,Truck,4500,261,"2-Wheel Drive, Rear",4.0,5,3.13,30.1,27.93,0.6477,0.02601,124.23882971422576,6.444866544837657,0.5789405901191537,2041.165665,20016.99726867225,0.9921282987330412,0.006206666666666666
NISSAN,NISSAN FRONTIER 4WD K/C SV,SRE411,3,Truck,4750,261,"2-Wheel Drive, Rear",4.0,5,3.13,30.1,27.19,0.8747,0.02435,120.94714571893299,8.703604703982549,0.5419916712572623,2154.5637575,21129.052672487374,0.9288090762841044,0.005724210526315789
NISSAN,NISSAN FRONTIER 4WD K/C SV,SRE422,0,Truck,4750,261,"2-Wheel Drive, Rear",4.0,6,3.54,31.1,38.96,0.4499,0.03432,173.30271413054908,4.476679725988052,0.7639077682771763,2154.5637575,21129.052672487374,1.3091058520768157,0.008202105263157894
NISSAN,NISSAN FRONTIER 4WD K/C SV,SRE422,1,Truck,4500,261,"2-Wheel Drive, Rear",4.0,6,3.54,31.1,33.49,0.1693,0.03226,148.97094189507413,1.6846007504107074,0.7180554954726605,2041.165665,20016.99726867225,1.2305289856642796,0.007442222222222222
NISSAN,NISSAN FRONTIER 4WD K/C SV,SRE422,2,Truck,4750,261,"2-Wheel Drive, Rear",4.0,6,3.54,31.1,32.34,0.4117,0.03038,143.85548703752457,4.096574890396268,0.6762097319423257,2154.5637575,21129.052672487374,1.1588180590353632,0.006808421052631579
NISSAN,NISSAN GT-R,MNE291,3,Car,4250,530,"2-Wheel Drive, Rear",3.8,6,3.7,36.5,35.33,0.2551,0.01913,157.15566966715343,2.5383440722372796,0.4258029023060135,1927.7675725000001,18904.941864857126,0.7296968225591342,0.008312941176470585
NISSAN,NISSAN GT-R,MNE291,4,Car,4250,530,"2-Wheel Drive, Rear",3.8,6,3.7,36.5,35.33,0.2551,0.01913,157.15566966715343,2.5383440722372796,0.4258029023060135,1927.7675725000001,18904.941864857126,0.7296968225591342,0.008312941176470585
NISSAN,NISSAN GT-R,MNE291,6,Car,4250,530,"2-Wheel Drive, Rear",3.8,6,3.7,36.5,38.6,0.2803,0.01856,171.7013543490553,2.789093859067462,0.41311562293777365,1927.7675725000001,18904.941864857126,0.7079546799110052,0.00908235294117647
NISSAN,NISSAN GT-R,MNE291,7,Car,4250,530,"2-Wheel Drive, Rear",3.8,6,3.7,36.5,38.6,0.2803,0.01856,171.7013543490553,2.789093859067462,0.41311562293777365,1927.7675725000001,18904.941864857126,0.7079546799110052,0.00908235294117647
NISSAN,NISSAN JUKE SV,KHE479,0,Car,3250,188,"2-Wheel Drive, Front",1.6,1,5.8,30.5,39.0,-0.4522,0.02935,173.48064299515949,-4.49956561923049,0.6532835955400678,1474.1752025,14456.720249596625,1.119529625829095,0.011999999999999999
NISSAN,NISSAN JUKE SV,KHE479,1,Car,3375,188,"2-Wheel Drive, Front",1.6,1,5.8,30.5,39.21,-0.4513,0.02934,174.41476953436418,-4.49061026970084,0.6530610116915022,1530.87424875,15012.747951504187,1.1191481847300053,0.011617777777777777
NISSAN,NISSAN JUKE SV,KHE480,1,Car,3500,188,"2-Wheel Drive, Front",1.6,1,5.8,30.5,43.41,-0.2097,0.02673,193.09730031845828,-2.0865964404083006,0.5949666272158777,1587.5732950000001,15568.77565341175,1.01959205786752,0.01240285714285714
NISSAN,NISSAN JUKE SV,KHE481,0,Car,3250,188,"2-Wheel Drive, Front",1.6,6,4.21,43.1,20.11,0.1731,0.02398,89.45373668288865,1.7224122262025603,0.5337560688603348,1474.1752025,14456.720249596625,0.9146957556177752,0.006187692307692307
NISSAN,NISSAN LEAF S,KMC272,0,Car,3625,107,"2-Wheel Drive, Front",99.999,1,8.19,114.7,29.97,0.0713,0.02206,133.31320180935717,0.7094626905155549,0.4910199699357375,1644.2723412500002,16124.803355319313,0.8414590645924988,0.00826758620689655
NISSAN,NISSAN LEAF S,KMC272,1,Car,3625,107,"2-Wheel Drive, Front",99.999,1,8.19,114.7,29.97,0.0713,0.02206,133.31320180935717,0.7094626905155549,0.4910199699357375,1644.2723412500002,16124.803355319313,0.8414590645924988,0.00826758620689655
NISSAN,NISSAN LEAF SL,KMB102,0,Car,3625,107,"2-Wheel Drive, Front",99.999,1,8.19,114.7,30.08,0.0713,0.02206,133.80250618703582,0.7094626905155549,0.4910199699357375,1644.2723412500002,16124.803355319313,0.8414590645924988,0.008297931034482757
NISSAN,NISSAN LEAF SL,KMB102,1,Car,3625,107,"2-Wheel Drive, Front",99.999,1,8.19,112.5,29.61,0.0738,0.02195,131.71184202786338,0.7343386614312476,0.4885715476015158,1644.2723412500002,16124.803355319313,0.837263212502509,0.008168275862068964
NISSAN,NISSAN LEAF SL,KMB102,2,Car,3625,107,"2-Wheel Drive, Front",99.999,1,8.19,114.7,30.08,0.0713,0.02206,133.80250618703582,0.7094626905155549,0.4910199699357375,1644.2723412500002,16124.803355319313,0.8414590645924988,0.008297931034482757
NISSAN,NISSAN LEAF SL,KMB102,3,Car,3625,107,"2-Wheel Drive, Front",99.999,1,8.19,112.5,29.61,0.0738,0.02195,131.71184202786338,0.7343386614312476,0.4885715476015158,1644.2723412500002,16124.803355319313,0.837263212502509,0.008168275862068964
NISSAN,NISSAN MAXIMA 4-DOOR SEDAN 3.5S,CLB064,2,Car,3875,290,"2-Wheel Drive, Front",3.5,1,5.17,29.4,41.73,-0.2789,0.02405,185.62428800482064,-2.7751633153546735,0.535314155800294,1757.67043375,17236.858759134437,0.9173658433114049,0.010769032258064516
NISSAN,NISSAN MAXIMA SV,CLE230,1,Car,3875,290,"2-Wheel Drive, Front",3.5,1,5.17,29.4,46.11,-0.3082,0.02467,205.10749867966163,-3.0667096944865913,0.5491143544113619,1757.67043375,17236.858759134437,0.9410151914549839,0.011899354838709677
NISSAN,NISSAN MURANO AWD LE,SEE454,1,Truck,4500,265,"2-Wheel Drive, Front",3.5,1,5.17,26.4,41.08,0.3512,0.02421,182.73294395490132,3.494576394236506,0.5388754973773437,2041.165665,20016.99726867225,0.9234689008968446,0.009128888888888888
NISSAN,NISSAN MURANO AWD LE,SEE454,2,Truck,4500,265,"2-Wheel Drive, Front",3.5,1,5.17,26.7,38.82,0.3318,0.02428,172.6799631044126,3.3015388599307305,0.540433584317303,2041.165665,20016.99726867225,0.9261389885904745,0.008626666666666666
NISSAN,NISSAN MURANO AWD LE,SEE454,3,Truck,4250,265,"2-Wheel Drive, Front",3.5,1,5.17,26.7,38.05,0.3253,0.02431,169.254832460662,3.2368613355499294,0.5411013358629999,1927.7675725000001,18904.941864857126,0.9272833118877445,0.008952941176470585
NISSAN,NISSAN MURANO AWD LE,SEE454,4,Truck,4250,265,"2-Wheel Drive, Front",3.5,1,5.17,26.7,36.84,0.2165,0.02557,163.8724843061968,2.154259081298985,0.5691469007822668,1927.7675725000001,18904.941864857126,0.975344890373082,0.008668235294117647
NISSAN,NISSAN MURANO CrossCabriolet BASE,SEE591,1,Truck,4750,265,"2-Wheel Drive, Front",3.5,1,5.17,26.4,44.93,0.3488,0.02552,199.85859717365426,3.470695462157441,0.5680339815394388,2154.5637575,21129.052672487374,0.9734376848776323,0.009458947368421053
NISSAN,NISSAN NV200 Cargo Van S,KEB611,1,Truck,3500,128,"2-Wheel Drive, Front",2.0,1,5.41,31.0,39.59,0.0578,0.02654,176.1050937481632,0.5751324475708145,0.5907375340931311,1587.5732950000001,15568.77565341175,1.0123446769848103,0.011311428571428571
NISSAN,NISSAN PATHFINDER 2WD Platinum,GKB043,0,Truck,4500,265,"2-Wheel Drive, Front",3.5,1,5.58,25.1,31.91,0.3378,0.02351,141.94275174296254,3.3612411901283927,0.5232946279777511,2041.165665,20016.99726867225,0.896768023960546,0.0070911111111111105
NISSAN,NISSAN PATHFINDER 2WD Platinum,GKB043,1,Truck,4500,265,"2-Wheel Drive, Front",3.5,1,5.58,25.1,32.23,0.3378,0.02351,143.3661826598459,3.3612411901283927,0.5232946279777511,2041.165665,20016.99726867225,0.896768023960546,0.007162222222222221
NISSAN,NISSAN PATHFINDER 2WD Platinum,GKB043,2,Truck,4750,265,"2-Wheel Drive, Front",3.5,1,5.58,24.8,32.73,0.3981,0.02292,145.59029346747613,3.9612496086149003,0.51016218091238,2154.5637575,21129.052672487374,0.8742629991142371,0.006890526315789472
NISSAN,NISSAN PATHFINDER 4WD Platinum,GKB042,0,Truck,4750,265,"2-Wheel Drive, Front",3.5,1,5.58,24.8,36.09,0.5874,0.02018,160.53631809475144,5.844858126351149,0.4491742064054026,2154.5637575,21129.052672487374,0.7697481379635822,0.007597894736842105
NISSAN,NISSAN PATHFINDER 4WD Platinum,GKB042,1,Truck,4750,265,"2-Wheel Drive, Front",3.5,1,5.58,25.1,34.7,0.5648,0.01996,154.35329004953934,5.619979349273287,0.44427736173695914,2154.5637575,21129.052672487374,0.7613564337836025,0.0073052631578947366
NISSAN,NISSAN PATHFINDER 4WD Platinum,GKB042,2,Truck,4750,265,"2-Wheel Drive, Front",3.5,1,5.58,25.1,35.03,0.5648,0.01996,155.82120318257532,5.619979349273287,0.44427736173695914,2154.5637575,21129.052672487374,0.7613564337836025,0.007374736842105264
NISSAN,NISSAN QUEST LE,WXC122,2,Truck,4750,265,"2-Wheel Drive, Front",3.5,1,4.88,26.7,40.5,0.0999,0.02769,180.15297541805023,0.994043797791079,0.6163346766781763,2154.5637575,21129.052672487374,1.056210403380158,0.008526315789473684
NISSAN,NISSAN QUEST LE,WXC122,3,Truck,4750,265,"2-Wheel Drive, Front",3.5,1,4.88,27.5,42.86,-0.3154,0.03196,190.650778430065,-3.1383524907237867,0.7113779800156922,2154.5637575,21129.052672487374,1.2190857526915801,0.00902315789473684
NISSAN,NISSAN ROGUE AWD SV,BRE218,1,Truck,3875,170,"2-Wheel Drive, Front",2.5,1,5.8,28.9,64.88,-0.8473,0.03786,288.6006183981012,-8.43096406274656,0.8427024506694025,1757.67043375,17236.858759134437,1.4441360011546691,0.01674322580645161
NISSAN,NISSAN ROGUE AWD SV,BRE218,2,Truck,3875,170,"2-Wheel Drive, Front",2.5,1,5.8,29.1,55.53,-0.7531,0.0363,247.00974629541554,-7.493637478643259,0.8079793702931672,1757.67043375,17236.858759134437,1.3846311896966321,0.01433032258064516
NISSAN,NISSAN ROGUE AWD SV,BRE218,3,Truck,3750,170,"2-Wheel Drive, Front",2.5,1,5.8,28.9,58.47,-0.7364,0.03595,260.0875178442814,-7.327465992926433,0.800188935593371,1700.9713875,16680.831057226875,1.371280751228483,0.015592
NISSAN,NISSAN ROGUE AWD SV,BRE218,4,Truck,3625,170,"2-Wheel Drive, Front",2.5,1,5.8,28.9,50.31,-0.485,0.03063,223.79002946375576,-4.825938357644377,0.6817743281564659,1644.2723412500002,16124.803355319313,1.1683540865126125,0.013878620689655173
NISSAN,NISSAN ROGUE AWD SV,BRE218,5,Truck,3625,170,"2-Wheel Drive, Front",2.5,1,5.8,29.1,46.57,-0.5079,0.03108,207.15368062268146,-5.053802251232122,0.6917906013419184,1644.2723412500002,16124.803355319313,1.1855189359716618,0.012846896551724137
NISSAN,NISSAN ROGUE AWD SV,BRE247,1,Both,3875,170,"2-Wheel Drive, Front",2.5,1,5.8,28.9,64.88,-0.8473,0.03786,288.6006183981012,-8.43096406274656,0.8427024506694025,1757.67043375,17236.858759134437,1.4441360011546691,0.01674322580645161
NISSAN,NISSAN ROGUE AWD SV,BRE247,2,Both,3875,170,"2-Wheel Drive, Front",2.5,1,5.8,29.1,55.53,-0.7531,0.0363,247.00974629541554,-7.493637478643259,0.8079793702931672,1757.67043375,17236.858759134437,1.3846311896966321,0.01433032258064516
NISSAN,NISSAN ROGUE AWD SV,BRE247,3,Both,3750,170,"2-Wheel Drive, Front",2.5,1,5.8,28.9,58.47,-0.7364,0.03595,260.0875178442814,-7.327465992926433,0.800188935593371,1700.9713875,16680.831057226875,1.371280751228483,0.015592
NISSAN,NISSAN ROGUE AWD SV,BRE247,4,Both,3625,170,"2-Wheel Drive, Front",2.5,1,5.8,28.9,50.31,-0.485,0.03063,223.79002946375576,-4.825938357644377,0.6817743281564659,1644.2723412500002,16124.803355319313,1.1683540865126125,0.013878620689655173
NISSAN,NISSAN ROGUE AWD SV,BRE247,5,Both,3625,170,"2-Wheel Drive, Front",2.5,1,5.8,29.1,46.57,-0.5079,0.03108,207.15368062268146,-5.053802251232122,0.6917906013419184,1644.2723412500002,16124.803355319313,1.1855189359716618,0.012846896551724137
NISSAN,NISSAN SENTRA FE+SV,KPB086,0,Car,3125,130,"2-Wheel Drive, Front",1.8,1,3.52,27.1,18.96,0.2348,0.01608,84.33828182533908,2.3363511884018555,0.3579148284935022,1417.47615625,13900.692547689063,0.6133572873366899,0.0060672
NISSAN,NISSAN SENTRA FE+SV,KPB086,1,Car,3125,130,"2-Wheel Drive, Front",1.8,1,3.52,27.1,18.92,0.2343,0.01608,84.16035296072866,2.331375994218717,0.3579148284935022,1417.47615625,13900.692547689063,0.6133572873366899,0.0060544
NISSAN,NISSAN SENTRA S,KPB089,0,Car,3125,130,"2-Wheel Drive, Front",1.8,6,3.93,42.2,19.84,0.2907,0.01548,88.25271684676831,2.8925778980767434,0.3445597975795656,1417.47615625,13900.692547689063,0.5904708213912911,0.006348799999999999
NISSAN,NISSAN SENTRA SL,KPB088,1,Car,3125,124,"2-Wheel Drive, Front",1.8,1,3.52,27.0,25.62,0.1268,0.01698,113.96343778297401,1.261709244843932,0.37794737486440716,1417.47615625,13900.692547689063,0.6476869862547882,0.0081984
NISSAN,NISSAN SENTRA SL,KPB088,2,Car,3125,124,"2-Wheel Drive, Front",1.8,1,3.52,27.1,23.65,0.1242,0.01711,105.20044120091082,1.2358382350916115,0.3808409648957601,1417.47615625,13900.692547689063,0.6526457205429579,0.007567999999999999
NISSAN,NISSAN SENTRA SV,KPB087,1,Car,3125,130,"2-Wheel Drive, Front",1.8,1,3.52,27.0,25.62,0.1268,0.01698,113.96343778297401,1.261709244843932,0.37794737486440716,1417.47615625,13900.692547689063,0.6476869862547882,0.0081984
NISSAN,NISSAN SENTRA SV,KPB087,2,Car,3125,130,"2-Wheel Drive, Front",1.8,1,3.52,27.1,23.65,0.1242,0.01711,105.20044120091082,1.2358382350916115,0.3808409648957601,1417.47615625,13900.692547689063,0.6526457205429579,0.007567999999999999
NISSAN,NISSAN TITAN 4WD Crew Cab XE LWB,SJE287,5,Truck,6000,317,"2-Wheel Drive, Rear",5.6,5,3.36,29.4,44.57,0.9256,0.02501,198.25723739216048,9.21007947182605,0.5566822052625927,2721.55422,26689.329691562998,0.9539841888240432,0.007428333333333334
NISSAN,NISSAN TITAN 4WD Crew Cab XE LWB,SJE288,4,Truck,6000,317,"2-Wheel Drive, Rear",5.6,5,3.36,29.4,44.57,0.9256,0.02501,198.25723739216048,9.21007947182605,0.5566822052625927,2721.55422,26689.329691562998,0.9539841888240432,0.007428333333333334
NISSAN,NISSAN TITAN 4WD Crew Cab XE LWB,SJE288,5,Truck,6000,317,"2-Wheel Drive, Rear",5.6,5,3.36,29.4,44.57,0.9256,0.02501,198.25723739216048,9.21007947182605,0.5566822052625927,2721.55422,26689.329691562998,0.9539841888240432,0.007428333333333334
NISSAN,NISSAN VERSA S,HKA402,1,Car,2750,109,"2-Wheel Drive, Front",1.6,4,4.08,40.7,21.54,0.2651,0.01602,95.81469359271115,2.63784795590005,0.3565793254021085,1247.3790175000001,12232.609441966375,0.61106864074215,0.00783272727272727
NISSAN,NISSAN VERSA S,HKA403,0,Car,2750,109,"2-Wheel Drive, Front",1.6,1,3.75,29.6,15.59,0.2103,0.01608,69.34777498191119,2.092566673428067,0.3579148284935022,1247.3790175000001,12232.609441966375,0.6133572873366899,0.005669090909090908
NISSAN,NISSAN VERSA S,HKA403,2,Car,2750,109,"2-Wheel Drive, Front",1.6,1,3.75,29.6,16.07,0.2167,0.01609,71.48292135723624,2.15624915897224,0.35813741234206775,1247.3790175000001,12232.609441966375,0.6137387284357798,0.005843636363636363
NISSAN,NISSAN VERSA S,HKA404,0,Car,2625,109,"2-Wheel Drive, Front",1.6,5,4.07,47.8,17.99,0.3275,0.0155,80.02350685853638,3.2587521899557395,0.3450049652766968,1190.67997125,11676.581740058813,0.591233703589471,0.006853333333333332
NISSAN,NISSAN VERSA SV,HKA403,1,Car,2750,109,"2-Wheel Drive, Front",1.6,1,3.75,29.6,15.85,0.2138,0.01608,70.50431260187892,2.1273930327100365,0.3579148284935022,1247.3790175000001,12232.609441966375,0.6133572873366899,0.005763636363636363
NISSAN,TITAN KING-5.6LE LWB,SHB033,24,Truck,5500,317,"2-Wheel Drive, Rear",5.6,5,2.94,26.1,37.72,0.7954,0.03128,167.78691932762604,7.914538906536778,0.6962422783132307,2494.7580350000003,24465.21888393275,1.1931477579534615,0.006858181818181817
NISSAN,TITAN KING-5.6LE LWB,SHB033,25,Truck,5500,317,"2-Wheel Drive, Rear",5.6,5,2.94,26.1,37.72,0.7954,0.03128,167.78691932762604,7.914538906536778,0.6962422783132307,2494.7580350000003,24465.21888393275,1.1931477579534615,0.006858181818181817
NISSAN,TITAN KING-5.6LE SWB,SJB272,0,Truck,6000,317,4-Wheel Drive,5.6,5,2.94,26.2,36.0,0.8175,0.03312,160.135978149378,8.134442489431501,0.7371977064493029,2721.55422,26689.329691562998,1.263332920186018,0.006
NISSAN,TITAN KING-5.6LE SWB,SJB272,1,Truck,5500,317,"2-Wheel Drive, Rear",5.6,5,2.94,26.2,34.46,0.7373,0.03385,153.28571686187684,7.336421342456081,0.7534463273945926,2494.7580350000003,24465.21888393275,1.2911781204195867,0.006265454545454545
NISSAN,TITAN KING-5.6LE SWB,SJB272,4,Truck,5500,317,"2-Wheel Drive, Rear",5.6,5,2.94,26.2,34.46,0.7373,0.03385,153.28571686187684,7.336421342456081,0.7534463273945926,2494.7580350000003,24465.21888393275,1.2911781204195867,0.006265454545454545
NISSAN,TITAN KING-5.6LE SWB,SJB272,5,Truck,5500,317,"2-Wheel Drive, Rear",5.6,5,2.94,26.2,34.75,0.741,0.03212,154.57570113030235,7.373237779411306,0.714939321592742,2494.7580350000003,24465.21888393275,1.2251888102770199,0.006318181818181817
NISSAN,TITAN KING-5.6LE SWB,SJB273,4,Truck,5500,317,"2-Wheel Drive, Rear",5.6,5,3.36,30.0,34.46,0.7373,0.03385,153.28571686187684,7.336421342456081,0.7534463273945926,2494.7580350000003,24465.21888393275,1.2911781204195867,0.006265454545454545
NISSAN,TITAN KING-5.6LE SWB,SJE208,9,Truck,6000,317,4-Wheel Drive,5.6,5,2.94,26.2,36.0,0.8175,0.03312,160.135978149378,8.134442489431501,0.7371977064493029,2721.55422,26689.329691562998,1.263332920186018,0.006
NISSAN,TITAN KING-5.6LE SWB,SJE208,10,Truck,6000,317,4-Wheel Drive,5.6,5,2.94,26.2,36.0,0.8175,0.03312,160.135978149378,8.134442489431501,0.7371977064493029,2721.55422,26689.329691562998,1.263332920186018,0.006
NISSAN,TITAN KING-5.6LE SWB,SJE208,11,Truck,5500,317,4-Wheel Drive,5.6,5,2.94,26.2,34.46,0.7373,0.03385,153.28571686187684,7.336421342456081,0.7534463273945926,2494.7580350000003,24465.21888393275,1.2911781204195867,0.006265454545454545
NISSAN,TITAN KING-5.6LE SWB,SJE208,12,Truck,5500,317,4-Wheel Drive,5.6,5,2.94,26.2,34.46,0.7373,0.03385,153.28571686187684,7.336421342456081,0.7534463273945926,2494.7580350000003,24465.21888393275,1.2911781204195867,0.006265454545454545
NISSAN,TITAN KING-5.6LE SWB,SJE208,22,Truck,5500,317,"2-Wheel Drive, Rear",5.6,5,2.94,26.2,34.46,0.7373,0.03385,153.28571686187684,7.336421342456081,0.7534463273945926,2494.7580350000003,24465.21888393275,1.2911781204195867,0.006265454545454545
NISSAN,TITAN KING-5.6LE SWB,SJE209,13,Truck,5500,317,"2-Wheel Drive, Rear",5.6,5,3.36,30.0,34.46,0.7373,0.03385,153.28571686187684,7.336421342456081,0.7534463273945926,2494.7580350000003,24465.21888393275,1.2911781204195867,0.006265454545454545
NISSAN,TITAN KING-5.6LE SWB,SJE209,14,Truck,5500,317,"2-Wheel Drive, Rear",5.6,5,3.36,30.0,34.46,0.7373,0.03385,153.28571686187684,7.336421342456081,0.7534463273945926,2494.7580350000003,24465.21888393275,1.2911781204195867,0.006265454545454545
NISSAN,TITAN KING-5.6LE-SWB,SJE208,21,Truck,5500,317,"2-Wheel Drive, Rear",5.6,5,2.94,26.2,34.46,0.7373,0.03385,153.28571686187684,7.336421342456081,0.7534463273945926,2494.7580350000003,24465.21888393275,1.2911781204195867,0.006265454545454545
Porsche,911 Carrera,FE991-MT-12,3,Car,3500,350,"2-Wheel Drive, Rear",3.4,7,3.44,47.2,31.473,0.10999,0.01764,139.9988788970937,1.0944432164068145,0.3926379088697375,1587.5732950000001,15568.77565341175,0.672862098794727,0.008992285714285713
Porsche,911 Carrera,FE991-PDK-12,3,Car,3500,350,"2-Wheel Drive, Rear",3.4,7,3.44,47.2,35.43,0.08889,0.01846,157.6004918286795,0.8844900218783683,0.41088978445211755,1587.5732950000001,15568.77565341175,0.7041402689201054,0.010122857142857142
Porsche,911 Carrera 4,FE991-MT-12,1,Car,3625,350,"2-Wheel Drive, Rear",3.4,7,3.44,47.2,36.194,0.10094,0.0184,160.99893314273854,1.004392201692007,0.40955428136072386,1644.2723412500002,16124.803355319313,0.7018516223255655,0.009984551724137931
Porsche,911 Carrera 4,FE991-PDK-12,1,Car,3625,350,"2-Wheel Drive, Rear",3.4,7,3.44,47.2,37.543,0.10094,0.0184,166.99958410172493,1.004392201692007,0.40955428136072386,1644.2723412500002,16124.803355319313,0.7018516223255655,0.010356689655172413
Porsche,911 Carrera 4 Cabriolet,FE991-MT-12,0,Car,3750,350,"2-Wheel Drive, Rear",3.4,7,3.44,47.2,39.117,0.10094,0.01898,174.00108492414495,1.004392201692007,0.4224641445775293,1700.9713875,16680.831057226875,0.7239752060727844,0.010431199999999998
Porsche,911 Carrera 4 Cabriolet,FE991-PDK-12,0,Car,3750,350,"2-Wheel Drive, Rear",3.4,7,3.44,47.2,40.466,0.10094,0.01898,180.00173588313137,1.004392201692007,0.4224641445775293,1700.9713875,16680.831057226875,0.7239752060727844,0.010790933333333332
Porsche,911 Carrera 4S,FE991S-MT-12,1,Car,3625,400,"2-Wheel Drive, Rear",3.8,7,3.44,47.2,36.194,0.10094,0.0184,160.99893314273854,1.004392201692007,0.40955428136072386,1644.2723412500002,16124.803355319313,0.7018516223255655,0.009984551724137931
Porsche,911 Carrera 4S,FE991S-PDK-12,3,Car,3750,400,"2-Wheel Drive, Rear",3.8,7,3.44,47.2,37.543,0.10094,0.0184,166.99958410172493,1.004392201692007,0.40955428136072386,1700.9713875,16680.831057226875,0.7018516223255655,0.010011466666666666
Porsche,911 Carrera 4S Cabriolet,FE991S-MT-12,0,Car,3750,400,"2-Wheel Drive, Rear",3.8,7,3.44,47.2,39.117,0.10094,0.01898,174.00108492414495,1.004392201692007,0.4224641445775293,1700.9713875,16680.831057226875,0.7239752060727844,0.010431199999999998
Porsche,911 Carrera 4S Cabriolet,FE991S-PDK-12,2,Car,3750,400,"2-Wheel Drive, Rear",3.8,7,3.44,47.2,40.466,0.10094,0.01898,180.00173588313137,1.004392201692007,0.4224641445775293,1700.9713875,16680.831057226875,0.7239752060727844,0.010790933333333332
Porsche,911 Carrera Cabriolet,FE991-MT-12,2,Car,3625,350,"2-Wheel Drive, Rear",3.4,7,3.44,47.2,34.396,0.13748,0.01782,153.00103067850014,1.367979392595771,0.3966444181439185,1644.2723412500002,16124.803355319313,0.6797280385783466,0.00948855172413793
Porsche,911 Carrera Cabriolet,FE991-PDK-12,2,Car,3625,350,"2-Wheel Drive, Rear",3.4,7,3.44,47.2,35.43,0.08889,0.01846,157.6004918286795,0.8844900218783683,0.41088978445211755,1644.2723412500002,16124.803355319313,0.7041402689201054,0.009773793103448275
Porsche,911 Carrera S,FE991S-MT-12,3,Car,3500,400,"2-Wheel Drive, Rear",3.8,7,3.44,47.2,31.473,0.10999,0.01764,139.9988788970937,1.0944432164068145,0.3926379088697375,1587.5732950000001,15568.77565341175,0.672862098794727,0.008992285714285713
Porsche,911 Carrera S,FE991S-PDK-12,1,Car,3625,400,"2-Wheel Drive, Rear",3.8,7,3.44,47.2,35.43,0.08889,0.01846,157.6004918286795,0.8844900218783683,0.41088978445211755,1644.2723412500002,16124.803355319313,0.7041402689201054,0.009773793103448275
Porsche,911 Carrera S Cabriolet,FE991S-MT-12,2,Car,3625,400,"2-Wheel Drive, Rear",3.8,7,3.44,47.2,34.396,0.13748,0.01782,153.00103067850014,1.367979392595771,0.3966444181439185,1644.2723412500002,16124.803355319313,0.6797280385783466,0.00948855172413793
Porsche,911 Carrera S Cabriolet,FE991S-PDK-12,0,Car,3750,400,"2-Wheel Drive, Rear",3.8,7,3.44,47.2,35.43,0.08889,0.01846,157.6004918286795,0.8844900218783683,0.41088978445211755,1700.9713875,16680.831057226875,0.7041402689201054,0.009448
Porsche,911 Turbo,FE97T-A1,0,Car,4000,500,"2-Wheel Drive, Rear",3.8,6,3.44,35.9,41.853,0.17709,0.01827,186.1714192634977,1.7621142757840056,0.406660691329371,1814.36948,17792.886461042,0.6968928880373959,0.01046325
Porsche,911 Turbo,FE97T-A1,1,Car,3875,500,"2-Wheel Drive, Rear",3.8,6,3.44,35.9,41.853,0.17709,0.01827,186.1714192634977,1.7621142757840056,0.406660691329371,1757.67043375,17236.858759134437,0.6968928880373959,0.010800774193548388
Porsche,911 Turbo S,ECFE97T-A,0,Car,4000,530,"2-Wheel Drive, Rear",3.8,7,3.44,28.2,41.853,0.17709,0.01827,186.1714192634977,1.7621142757840056,0.406660691329371,1814.36948,17792.886461042,0.6968928880373959,0.01046325
Porsche,911 Turbo S,ECFE97T-A,1,Car,3875,530,"2-Wheel Drive, Rear",3.8,7,3.44,28.2,41.853,0.17709,0.01827,186.1714192634977,1.7621142757840056,0.406660691329371,1757.67043375,17236.858759134437,0.6968928880373959,0.010800774193548388
Porsche,Boxster,ECFE-981-PDK-13,0,Car,3375,265,"2-Wheel Drive, Rear",2.7,7,3.73,51.0,29.9,0.13748,0.01601,133.00182629628893,1.367979392595771,0.3563567415535429,1530.87424875,15012.747951504187,0.6106871996430601,0.008859259259259258
Porsche,Boxster,FE-981-M6-13,0,Car,3375,265,"2-Wheel Drive, Rear",2.7,6,3.89,47.8,28.101,0.13748,0.01526,124.9994756104353,1.367979392595771,0.3396629529111221,1530.87424875,15012.747951504187,0.5820791172113114,0.008326222222222221
Porsche,Boxster S,FE-981S-M6-13,0,Car,3375,315,"2-Wheel Drive, Rear",3.4,6,3.89,46.8,28.101,0.13748,0.01526,124.9994756104353,1.367979392595771,0.3396629529111221,1530.87424875,15012.747951504187,0.5820791172113114,0.008326222222222221
Porsche,Boxster S,FE-981S-PDK-13,0,Car,3375,315,"2-Wheel Drive, Rear",3.4,7,3.62,49.5,29.9,0.13748,0.01601,133.00182629628893,1.367979392595771,0.3563567415535429,1530.87424875,15012.747951504187,0.6106871996430601,0.008859259259259258
Porsche,Cayenne,FE-E2AT-11,0,Truck,5000,300,"2-Wheel Drive, Rear",3.6,8,3.7,53.7,43.388,0.12301,0.02795,192.99943944292255,1.2239972729357418,0.6221218567408822,2267.96185,22241.1080763025,1.0661278719564975,0.008677599999999999
Porsche,Cayenne,FE-E2AT-12,0,Truck,5000,300,"2-Wheel Drive, Rear",3.6,8,3.7,53.7,43.388,0.12301,0.02795,192.99943944292255,1.2239972729357418,0.6221218567408822,2267.96185,22241.1080763025,1.0661278719564975,0.008677599999999999
Porsche,Cayenne,FE-E2MT-11,0,Truck,5000,300,"2-Wheel Drive, Rear",3.6,6,3.7,36.6,44.287,0.06874,0.02795,196.99839067504175,0.6839896962978855,0.6221218567408822,2267.96185,22241.1080763025,1.0661278719564975,0.0088574
Porsche,Cayenne GTS,FE-9A2GTS-13,0,Truck,5250,420,"2-Wheel Drive, Rear",4.8,8,3.7,52.1,43.388,0.12301,0.02795,192.99943944292255,1.2239972729357418,0.6221218567408822,2381.3599425,23353.163480117626,1.0661278719564975,0.008264380952380952
Porsche,Cayenne S,ECFE-E2S-11,1,Truck,5000,400,All Wheel Drive,4.8,8,3.1,43.9,43.388,0.12301,0.02795,192.99943944292255,1.2239972729357418,0.6221218567408822,2267.96185,22241.1080763025,1.0661278719564975,0.008677599999999999
Porsche,Cayenne Turbo,ECFE-E2T-11,1,Truck,5250,500,All Wheel Drive,4.8,8,2.92,42.0,52.83,0.12301,0.02795,234.9995479342122,1.2239972729357418,0.6221218567408822,2381.3599425,23353.163480117626,1.0661278719564975,0.01006285714285714
Porsche,Panamera,FE970-11,0,Car,4500,300,"2-Wheel Drive, Rear",3.6,7,3.9,48.7,39.971,0.27789,0.01753,177.79986618357742,2.7651134231047343,0.3901894865355158,2041.165665,20016.99726867225,0.6686662467047372,0.008882444444444443
Porsche,Panamera,FE970-11,1,Car,4250,300,"2-Wheel Drive, Rear",3.6,7,3.9,48.7,38.87,0.32316,0.0174,172.9023741851756,3.215567504446097,0.3872958965041628,1927.7675725000001,18904.941864857126,0.6637075124165673,0.009145882352941174
Porsche,Panamera 4S,FE70SA-A,0,Car,4500,400,"2-Wheel Drive, Rear",4.8,7,3.55,44.2,40.915,0.23951,0.019308,181.99898738838334,2.38321751760702,0.42976489481048136,2041.165665,20016.99726867225,0.7364864741229359,0.009092222222222222
Porsche,Panamera GTS,FE970GTS-13,0,Car,4750,430,"2-Wheel Drive, Rear",4.8,7,3.55,43.7,40.915,0.23951,0.019307,181.99898738838334,2.38321751760702,0.4297426364256249,2154.5637575,21129.052672487374,0.736448330013027,0.008613684210526315
Porsche,Panamera S Hybrid,FE-970H-12,0,Car,4750,333,"2-Wheel Drive, Rear",3.0,8,2.92,43.6,33.789,0.28654,0.018108,150.30096015803704,2.8511842824730307,0.4030548329826081,2154.5637575,21129.052672487374,0.6907135422321381,0.007113473684210527
Porsche,Panamera Turbo,ECFE70TA-A1,0,Car,4750,500,"2-Wheel Drive, Rear",4.8,7,3.15,38.8,45.771,0.24403,0.019971,203.59955155208834,2.4281932730225924,0.4445222039703814,2154.5637575,21129.052672487374,0.7617760189926017,0.009636
Rolls Royce,Ghost EWB,UX33509,1,Car,6000,563,"2-Wheel Drive, Rear",6.6,8,2.81,22.3,55.4,-0.237,0.02589,246.43147748543169,-2.3582420428076643,0.5762695839363664,2721.55422,26689.329691562998,0.9875510055439616,0.009233333333333333
Rolls Royce,Ghost EWB,UX33509,1,Car,6000,563,"2-Wheel Drive, Rear",6.6,8,2.81,22.3,61.6,-0.264,0.02877,274.01045150004677,-2.6269025286971455,0.6403737323232622,2721.55422,26689.329691562998,1.097406042081876,0.010266666666666667
Rolls Royce,Phantom EWB,UX72901,0,Car,6500,453,"2-Wheel Drive, Rear",6.7,8,3.15,35.1,60.3,-0.147,0.02955,268.2277634002081,-1.4627070898427288,0.6577352725113799,2948.350405,28913.44049919325,1.1271584478108945,0.009276923076923077
Rolls Royce,Phantom EWB,UX72901,0,Car,6500,453,"2-Wheel Drive, Rear",6.7,8,3.15,35.1,67.0,-0.164,0.03284,298.03084822245347,-1.631863692069439,0.730965358689466,2948.350405,28913.44049919325,1.2526525694114987,0.010307692307692308
Roush,E350 Cutaway,PE351,0,Truck,7000,255,"2-Wheel Drive, Rear",5.4,4,4.1,32.7,75.07,0.6802,0.09442,333.92799665760566,6.768254166741661,2.1016366981564976,3175.1465900000003,31137.5513068235,3.6015668576076036,0.010724285714285712
Roush,Stage 3 Mustang,C113,1,Car,4250,565,"2-Wheel Drive, Rear",5.0,6,3.73,31.0,37.74,0.3872,0.02013,167.87588375993127,3.85279037542248,0.4480612871625746,1927.7675725000001,18904.941864857126,0.7678409324681323,0.008879999999999999
Roush,Stage 3 Mustang,C114,0,Car,4250,540,"2-Wheel Drive, Rear",5.0,6,3.15,27.3,43.84,0.1214,0.02334,195.0100356130203,1.2079771476660357,0.5195107025521357,1927.7675725000001,18904.941864857126,0.8902835252760164,0.010315294117647058
Roush,Stage 3 Mustang,C131,0,Car,4250,565,"2-Wheel Drive, Rear",5.0,6,3.15,27.3,43.84,0.1244,0.02334,195.0100356130203,1.237828312764867,0.5195107025521357,1927.7675725000001,18904.941864857126,0.8902835252760164,0.010315294117647058
SUBARU,BRZ,DBE-MP42,2,Car,3125,200,"2-Wheel Drive, Rear",2.0,6,4.1,33.5,28.21,0.3113,0.01689,125.4843317664987,3.097555898422051,0.37594412022731666,1417.47615625,13900.692547689063,0.6442540163629784,0.009027199999999999
SUBARU,BRZ,DBE-MP42,4,Car,3125,200,"2-Wheel Drive, Rear",2.0,6,4.1,33.5,27.0,0.2895,0.01739,120.1019836120335,2.8806374320372106,0.3870733126555972,1417.47615625,13900.692547689063,0.6633260713174775,0.00864
SUBARU,BRZ,DBF-MP52,0,Car,3125,200,"2-Wheel Drive, Rear",2.0,6,4.1,44.2,29.61,0.3629,0.016,131.71184202786338,3.6109959381219476,0.35613415770497736,1417.47615625,13900.692547689063,0.6103057585439702,0.009475199999999998
SUBARU,BRZ,DBF-MP52,1,Car,3125,200,"2-Wheel Drive, Rear",2.0,6,4.1,44.2,28.66,0.3224,0.01669,127.48603149336591,3.2080052092877263,0.3714924432560045,1417.47615625,13900.692547689063,0.6366251943811788,0.0091712
SUBARU,FORESTER AWD,JBF-HS89,0,Both,3750,224,"2-Wheel Drive, Front",2.5,4,4.11,37.4,32.53,0.7948,0.020087,144.70064914442406,7.908568673517012,0.44710417661374247,1700.9713875,16680.831057226875,0.7662007357420454,0.008674666666666667
SUBARU,FORESTER AWD,LBE-DE89,1,Both,3625,170,"2-Wheel Drive, Front",2.5,4,4.44,40.4,34.96,0.4464,0.023731,155.50982766950708,4.441853366706082,0.5282137310310511,1644.2723412500002,16124.803355319313,0.9051978722504347,0.009644137931034483
SUBARU,FORESTER AWD,LBE-GF89,1,Both,3625,170,"2-Wheel Drive, Front",2.5,4,4.44,40.4,34.96,0.4464,0.023731,155.50982766950708,4.441853366706082,0.5282137310310511,1644.2723412500002,16124.803355319313,0.9051978722504347,0.009644137931034483
SUBARU,FORESTER AWD,LBF-DE69,0,Both,3625,170,"2-Wheel Drive, Front",2.5,5,4.11,42.0,34.06,0.4251,0.024127,151.50642821577262,4.229910094504381,0.5370280514342493,1644.2723412500002,16124.803355319313,0.9203029397743979,0.009395862068965517
SUBARU,FORESTER AWD,LBF-GF69,0,Both,3625,170,"2-Wheel Drive, Front",2.5,5,4.11,42.0,34.06,0.4251,0.024127,151.50642821577262,4.229910094504381,0.5370280514342493,1644.2723412500002,16124.803355319313,0.9203029397743979,0.009395862068965517
SUBARU,IMPREZA AWD,CBE-DK14,1,Both,3375,148,"2-Wheel Drive, Front",2.0,1,3.7,29.4,39.77,-0.0333,0.02273,176.9057736389101,-0.33134793259702633,0.5059330877896334,1530.87424875,15012.747951504187,0.8670156182315275,0.011783703703703704
SUBARU,IMPREZA AWD,CBE-DK14,2,Both,3375,148,"2-Wheel Drive, Front",2.0,1,3.7,29.4,40.15,0.0092,0.021536,178.59609785270905,0.091543572969749,0.47935657627089945,1530.87424875,15012.747951504187,0.8214715510001837,0.011896296296296295
SUBARU,IMPREZA AWD,CBE-DK14,3,Both,3375,148,"2-Wheel Drive, Front",2.0,1,3.7,29.5,35.68,0.0185,0.021816,158.71254723249461,0.18408218477612573,0.4855889240307365,1530.87424875,15012.747951504187,0.8321519017747031,0.010571851851851851
SUBARU,IMPREZA AWD,CBE-DK14,4,Both,3250,148,"2-Wheel Drive, Front",2.0,1,3.7,29.5,37.86,0.0158,0.0216,168.40967035376252,0.15721613618717764,0.4807811129017194,1474.1752025,14456.720249596625,0.8239127740343596,0.01164923076923077
SUBARU,IMPREZA AWD,CBE-DK14,5,Both,3375,148,"2-Wheel Drive, Front",2.0,1,3.7,29.4,39.93,0.0067,0.019697,177.61748909735175,0.06666760205405635,0.4384234065196836,1530.87424875,15012.747951504187,0.7513245328775361,0.01183111111111111
SUBARU,IMPREZA AWD,CBE-DK14,6,Both,3375,148,"2-Wheel Drive, Front",2.0,1,3.7,29.5,34.58,0.0194,0.020046,153.81950345570806,0.19303753430577508,0.4461915828346235,1530.87424875,15012.747951504187,0.7646368272357766,0.010245925925925924
SUBARU,IMPREZA AWD,CBE-DK14,7,Both,3250,148,"2-Wheel Drive, Front",2.0,1,3.7,29.5,37.14,0.0157,0.020081,165.20695079077495,0.15622109735054993,0.4469706263046031,1474.1752025,14456.720249596625,0.7659718710825915,0.011427692307692307
SUBARU,IMPREZA AWD,CBF-DK64,0,Both,3375,148,"2-Wheel Drive, Front",2.0,5,4.11,42.3,31.14,0.4346,0.019091,138.51762109921196,4.324438783984013,0.4249348252966076,1530.87424875,15012.747951504187,0.7282092022726833,0.009226666666666666
SUBARU,IMPREZA AWD,CBF-DK64,1,Both,3250,148,"2-Wheel Drive, Front",2.0,5,4.11,42.3,34.31,0.3571,0.018858,152.61848361958775,3.5532836855975405,0.4197486216250289,1474.1752025,14456.720249596625,0.7193216246638867,0.010556923076923077
SUBARU,IMPREZA AWD,CBF-DK64,2,Both,3250,148,"2-Wheel Drive, Front",2.0,5,4.11,42.5,30.8,0.3017,0.01986,137.00522575002338,3.0020321701057915,0.4420515232513031,1474.1752025,14456.720249596625,0.7575420227927029,0.009476923076923075
SUBARU,IMPREZA AWD,CBF-DK64,3,Both,3250,148,"2-Wheel Drive, Front",2.0,5,4.11,42.5,29.25,0.3389,0.01951,130.11048224636963,3.3721866173312978,0.4342610885515067,1474.1752025,14456.720249596625,0.7441915843245535,0.009000000000000001
SUBARU,IMPREZA AWD,CBF-DK64,4,Both,3250,148,"2-Wheel Drive, Front",2.0,5,4.11,42.3,35.27,0.2284,0.019697,156.88877637023785,2.272668702857682,0.4384234065196836,1474.1752025,14456.720249596625,0.7513245328775361,0.010852307692307694
SUBARU,IMPREZA AWD,CBF-DK64,5,Both,3250,148,"2-Wheel Drive, Front",2.0,5,4.11,42.5,27.25,0.3741,0.018567,121.21403901584861,3.7224402878242504,0.4132714316317696,1474.1752025,14456.720249596625,0.7082216886803683,0.008384615384615384
SUBARU,IMPREZA AWD,CBF-DK64,6,Both,3250,148,"2-Wheel Drive, Front",2.0,5,4.11,42.5,29.25,0.3389,0.017694,130.11048224636963,3.3721866173312978,0.3938398616519918,1474.1752025,14456.720249596625,0.674921880729813,0.009000000000000001
SUBARU,IMPREZA AWD,LBF-LX74,4,Both,3750,305,"2-Wheel Drive, Front",2.5,6,3.9,39.8,41.03,0.5626,0.019353,182.5105328741383,5.598088494867477,0.4307665221290266,1700.9713875,16680.831057226875,0.7382029590688408,0.010941333333333332
SUBARU,IMPREZA WAGON AWD,LBF-LW65,0,Both,3625,265,"2-Wheel Drive, Front",2.5,5,3.9,39.4,42.98,0.3349,0.020331,191.18456502389625,3.332385063866189,0.4525352225187433,1644.2723412500002,16124.803355319313,0.7755078985598408,0.011856551724137928
SUBARU,IMPREZA WAGON AWD,LBF-LW65,1,Both,3625,265,"2-Wheel Drive, Front",2.5,5,3.9,39.4,44.35,0.2174,0.020902,197.27862863680318,2.1632144308286345,0.46524476027183975,1644.2723412500002,16124.803355319313,0.7972881853178789,0.01223448275862069
SUBARU,IMPREZA WAGON/OUTBACK SPORT AWD,CBF-GJ15,0,Both,3375,148,"2-Wheel Drive, Front",2.0,1,3.7,29.4,39.77,-0.0333,0.02273,176.9057736389101,-0.33134793259702633,0.5059330877896334,1530.87424875,15012.747951504187,0.8670156182315275,0.011783703703703704
SUBARU,IMPREZA WAGON/OUTBACK SPORT AWD,CBF-GJ15,1,Both,3375,148,"2-Wheel Drive, Front",2.0,1,3.7,29.4,40.15,0.0092,0.021536,178.59609785270905,0.091543572969749,0.47935657627089945,1530.87424875,15012.747951504187,0.8214715510001837,0.011896296296296295
SUBARU,IMPREZA WAGON/OUTBACK SPORT AWD,CBF-GJ15,2,Both,3375,148,"2-Wheel Drive, Front",2.0,1,3.7,29.5,35.68,0.0185,0.021816,158.71254723249461,0.18408218477612573,0.4855889240307365,1530.87424875,15012.747951504187,0.8321519017747031,0.010571851851851851
SUBARU,IMPREZA WAGON/OUTBACK SPORT AWD,CBF-GJ15,3,Both,3250,148,"2-Wheel Drive, Front",2.0,1,3.7,29.5,37.68,0.0158,0.0216,167.60899046301563,0.15721613618717764,0.4807811129017194,1474.1752025,14456.720249596625,0.8239127740343596,0.011593846153846152
SUBARU,IMPREZA WAGON/OUTBACK SPORT AWD,CBF-GJ15,4,Both,3375,148,"2-Wheel Drive, Front",2.0,1,3.7,29.4,39.93,0.0067,0.019697,177.61748909735175,0.06666760205405635,0.4384234065196836,1530.87424875,15012.747951504187,0.7513245328775361,0.01183111111111111
SUBARU,IMPREZA WAGON/OUTBACK SPORT AWD,CBF-GJ15,5,Both,3375,148,"2-Wheel Drive, Front",2.0,1,3.7,29.5,34.58,0.0194,0.020046,153.81950345570806,0.19303753430577508,0.4461915828346235,1530.87424875,15012.747951504187,0.7646368272357766,0.010245925925925924
SUBARU,IMPREZA WAGON/OUTBACK SPORT AWD,CBF-GJ15,6,Both,3250,148,"2-Wheel Drive, Front",2.0,1,3.7,29.5,37.14,0.0157,0.020081,165.20695079077495,0.15622109735054993,0.4469706263046031,1474.1752025,14456.720249596625,0.7659718710825915,0.011427692307692307
SUBARU,IMPREZA WAGON/OUTBACK SPORT AWD,CBF-GJ65,0,Both,3375,148,"2-Wheel Drive, Front",2.0,5,4.11,42.3,31.14,0.4346,0.019091,138.51762109921196,4.324438783984013,0.4249348252966076,1530.87424875,15012.747951504187,0.7282092022726833,0.009226666666666666
SUBARU,IMPREZA WAGON/OUTBACK SPORT AWD,CBF-GJ65,1,Both,3250,148,"2-Wheel Drive, Front",2.0,5,4.11,42.3,34.31,0.3571,0.018858,152.61848361958775,3.5532836855975405,0.4197486216250289,1474.1752025,14456.720249596625,0.7193216246638867,0.010556923076923077
SUBARU,IMPREZA WAGON/OUTBACK SPORT AWD,CBF-GJ65,2,Both,3250,148,"2-Wheel Drive, Front",2.0,5,4.11,42.5,30.8,0.3017,0.01986,137.00522575002338,3.0020321701057915,0.4420515232513031,1474.1752025,14456.720249596625,0.7575420227927029,0.009476923076923075
SUBARU,IMPREZA WAGON/OUTBACK SPORT AWD,CBF-GJ65,3,Both,3250,148,"2-Wheel Drive, Front",2.0,5,4.11,42.5,29.25,0.3389,0.01951,130.11048224636963,3.3721866173312978,0.4342610885515067,1474.1752025,14456.720249596625,0.7441915843245535,0.009000000000000001
SUBARU,IMPREZA WAGON/OUTBACK SPORT AWD,CBF-GJ65,4,Both,3250,148,"2-Wheel Drive, Front",2.0,5,4.11,42.3,35.27,0.2284,0.019697,156.88877637023785,2.272668702857682,0.4384234065196836,1474.1752025,14456.720249596625,0.7513245328775361,0.010852307692307694
SUBARU,IMPREZA WAGON/OUTBACK SPORT AWD,CBF-GJ65,5,Both,3250,148,"2-Wheel Drive, Front",2.0,5,4.11,42.5,27.25,0.3741,0.018567,121.21403901584861,3.7224402878242504,0.4132714316317696,1474.1752025,14456.720249596625,0.7082216886803683,0.008384615384615384
SUBARU,IMPREZA WAGON/OUTBACK SPORT AWD,CBF-GJ65,6,Both,3250,148,"2-Wheel Drive, Front",2.0,5,4.11,42.5,29.25,0.3389,0.017694,130.11048224636963,3.3721866173312978,0.3938398616519918,1474.1752025,14456.720249596625,0.674921880729813,0.009000000000000001
SUBARU,IMPREZA WGN/OUTBACK SPT AWD,HBF-HN75,4,Both,3750,305,"2-Wheel Drive, Front",2.5,6,3.9,39.8,39.36,0.5952,0.019772,175.08200277665327,5.92247115560811,0.4400927853839257,1700.9713875,16680.831057226875,0.754185341120711,0.010496
SUBARU,LEGACY AWD,DBF-DL14,1,Both,3750,173,"2-Wheel Drive, Front",2.5,6,3.7,28.9,43.97,0.0338,0.02162,195.58830442300416,0.3363231267801648,0.4812262805988506,1700.9713875,16680.831057226875,0.8246756562325396,0.011725333333333332
SUBARU,LEGACY AWD,DBF-DL14,3,Both,3750,173,"2-Wheel Drive, Front",2.5,6,3.7,28.9,43.12,0.0091,0.02152,191.80731605003274,0.0905485341331213,0.47900044211319454,1700.9713875,16680.831057226875,0.8208612452416398,0.011498666666666666
SUBARU,LEGACY AWD,DBF-GG14,1,Both,3750,173,"2-Wheel Drive, Front",2.5,1,3.7,28.9,43.97,0.0338,0.02162,195.58830442300416,0.3363231267801648,0.4812262805988506,1700.9713875,16680.831057226875,0.8246756562325396,0.011725333333333332
SUBARU,LEGACY AWD,DBF-GG14,3,Both,3750,173,"2-Wheel Drive, Front",2.5,1,3.7,28.9,43.12,0.0091,0.02152,191.80731605003274,0.0905485341331213,0.47900044211319454,1700.9713875,16680.831057226875,0.8208612452416398,0.011498666666666666
SUBARU,LEGACY AWD,DBF-GG74,1,Both,3625,173,"2-Wheel Drive, Front",2.5,6,4.11,39.3,36.42,0.2788,0.0195,162.00423122778741,2.774168276518046,0.4340385047029411,1644.2723412500002,16124.803355319313,0.7438101432254635,0.010046896551724138
SUBARU,LEGACY SDN 4WD,KBF-JA94,0,Both,3875,256,"2-Wheel Drive, Front",3.6,5,3.08,34.5,37.52,0.4385,0.017449,166.89727500457397,4.363245298612494,0.3883865573621343,1757.67043375,17236.858759134437,0.6655765738021083,0.009682580645161292
SUBARU,LEGACY SDN 4WD,KBF-KB94,0,Both,3875,256,"2-Wheel Drive, Front",3.6,5,3.08,34.5,37.52,0.4385,0.017449,166.89727500457397,4.363245298612494,0.3883865573621343,1757.67043375,17236.858759134437,0.6655765738021083,0.009682580645161292
SUBARU,OUTBACK AWD,KBE-JA96,2,Both,4000,256,"2-Wheel Drive, Front",3.6,5,3.08,32.8,27.16,0.8079,0.017583,120.81369907047517,8.03891876111524,0.3913691809329135,1814.36948,17792.886461042,0.6706878845299141,0.00679
SUBARU,OUTBACK AWD,KBE-JA96,4,Both,3875,256,"2-Wheel Drive, Front",3.6,5,3.08,32.8,27.16,0.8079,0.017583,120.81369907047517,8.03891876111524,0.3913691809329135,1757.67043375,17236.858759134437,0.6706878845299141,0.007009032258064516
SUBARU,OUTBACK AWD,KBE-KB96,1,Both,4000,256,"2-Wheel Drive, Front",3.6,5,3.08,32.8,27.16,0.8079,0.017583,120.81369907047517,8.03891876111524,0.3913691809329135,1814.36948,17792.886461042,0.6706878845299141,0.00679
SUBARU,OUTBACK AWD,KBE-KB96,3,Both,3875,256,"2-Wheel Drive, Front",3.6,5,3.08,32.8,27.16,0.8079,0.017583,120.81369907047517,8.03891876111524,0.3913691809329135,1757.67043375,17236.858759134437,0.6706878845299141,0.007009032258064516
SUBARU,OUTBACK WAGON AWD,DBE-DL16,3,Both,3875,173,"2-Wheel Drive, Front",2.5,1,3.9,28.3,41.63,0.0019,0.02617,185.17946584329462,0.018905737895926426,0.5825019316962035,1757.67043375,17236.858759134437,0.9982313563184809,0.010743225806451614
SUBARU,OUTBACK WAGON AWD,DBE-DL16,5,Both,3875,173,"2-Wheel Drive, Front",2.5,1,3.9,28.1,42.94,-0.0543,0.0263,191.00663615928585,-0.5403060882888447,0.5853955217275565,1757.67043375,17236.858759134437,1.0031900906066509,0.011081290322580645
SUBARU,OUTBACK WAGON AWD,DBE-GG16,3,Both,3875,173,"2-Wheel Drive, Front",2.5,1,3.9,28.3,41.63,0.0019,0.02617,185.17946584329462,0.018905737895926426,0.5825019316962035,1757.67043375,17236.858759134437,0.9982313563184809,0.010743225806451614
SUBARU,OUTBACK WAGON AWD,DBE-GG16,5,Both,3875,173,"2-Wheel Drive, Front",2.5,1,3.9,28.1,42.94,-0.0543,0.0263,191.00663615928585,-0.5403060882888447,0.5853955217275565,1757.67043375,17236.858759134437,1.0031900906066509,0.011081290322580645
SUBARU,OUTBACK WAGON AWD,DBF-DL76,0,Both,3750,173,"2-Wheel Drive, Front",2.5,6,4.44,39.4,35.23,0.3121,0.02338,156.71084750562738,3.105516209115072,0.5204010379463981,1700.9713875,16680.831057226875,0.8918092896723763,0.009394666666666666
SUBARU,OUTBACK WAGON AWD,DBF-DL76,1,Both,3750,173,"2-Wheel Drive, Front",2.5,6,4.44,39.1,36.04,0.1936,0.02435,160.3139070139884,1.92639518771124,0.5419916712572623,1700.9713875,16680.831057226875,0.9288090762841044,0.009610666666666665
SUBARU,OUTBACK WAGON AWD,DBF-GG76,0,Both,3750,173,"2-Wheel Drive, Front",2.5,6,4.44,39.4,35.23,0.3121,0.02338,156.71084750562738,3.105516209115072,0.5204010379463981,1700.9713875,16680.831057226875,0.8918092896723763,0.009394666666666666
SUBARU,OUTBACK WAGON AWD,DBF-GG76,1,Both,3750,173,"2-Wheel Drive, Front",2.5,6,4.44,39.1,36.04,0.1936,0.02435,160.3139070139884,1.92639518771124,0.5419916712572623,1700.9713875,16680.831057226875,0.9288090762841044,0.009610666666666665
SUBARU,TRIBECA AWD,KBE-KD99,3,Both,4500,256,"2-Wheel Drive, Front",3.6,5,3.58,35.6,44.24,0.6699,0.025449,196.78932425912453,6.665765166569008,0.566453636214623,2041.165665,20016.99726867225,0.9707294530740934,0.009831111111111112
SUBARU,XV CROSSTREK AWD,DBF-DH39,1,Both,3500,148,"2-Wheel Drive, Front",2.0,1,3.7,27.7,38.22,-0.0156,0.02602,170.01103013525628,-0.1552260585139222,0.5791631739677193,1587.5732950000001,15568.77565341175,0.9925097398321313,0.010919999999999997
SUBARU,XV CROSSTREK AWD,DBF-DH79,0,Both,3375,148,"2-Wheel Drive, Front",2.0,5,4.44,45.5,27.35,0.4568,0.0216,121.65886117737467,4.545337405715364,0.4807811129017194,1530.87424875,15012.747951504187,0.8239127740343596,0.008103703703703703
SUBARU,XV CROSSTREK AWD,DBF-GR39,1,Both,3500,148,"2-Wheel Drive, Front",2.0,1,3.7,27.7,38.22,-0.0156,0.02602,170.01103013525628,-0.1552260585139222,0.5791631739677193,1587.5732950000001,15568.77565341175,0.9925097398321313,0.010919999999999997
SUBARU,XV CROSSTREK AWD,DBF-GR79,0,Both,3375,148,"2-Wheel Drive, Front",2.0,5,4.44,45.5,27.35,0.4568,0.0216,121.65886117737467,4.545337405715364,0.4807811129017194,1530.87424875,15012.747951504187,0.8239127740343596,0.008103703703703703
SUZUKI,GRAND VITARA,09EDV-2,1,Truck,3750,166,"2-Wheel Drive, Rear",2.393,4,5.13,43.0,33.62,0.038,0.02561,149.549210705058,0.3781147579185285,0.5700372361765293,1700.9713875,16680.831057226875,0.9768706547694421,0.008965333333333332
SUZUKI,GRAND VITARA,09FEDV-3,1,Truck,3750,166,"2-Wheel Drive, Rear",2.393,5,3.73,45.5,31.44,0.094,0.02503,139.8520875837901,0.9353365064300442,0.5571273729597238,1700.9713875,16680.831057226875,0.954747071022223,0.008383999999999999
SUZUKI,GRAND VITARA 4WD,09EDV-2,0,Truck,3875,166,4-Wheel Drive,2.393,4,5.13,43.0,43.1,0.08,0.02561,191.71835161772754,0.7960310693021653,0.5700372361765293,1757.67043375,17236.858759134437,0.9768706547694421,0.01112258064516129
SUZUKI,GRAND VITARA 4WD,09EDV-2,0,Truck,3875,166,4-Wheel Drive,2.393,4,5.13,43.0,47.89,0.089,0.02846,213.02533315482532,0.8855845645986589,0.6334736330177284,1757.67043375,17236.858759134437,1.0855813680100868,0.012358709677419354
SUZUKI,KIZASHI AWD,10EDV-3,0,Car,3750,185,"2-Wheel Drive, Front",2.393,1,5.8,30.0,46.2,-0.2832,0.02439,205.5078386250351,-2.8179499853296655,0.5428820066515248,1700.9713875,16680.831057226875,0.9303348406804643,0.012320000000000001
SUZUKI,KIZASHI AWD,10EDV-3,1,Car,3750,185,"2-Wheel Drive, Front",2.393,1,5.8,30.4,43.37,-0.2275,0.02345,192.91937145384784,-2.2637133533280327,0.5219591248863573,1700.9713875,16680.831057226875,0.894479377366006,0.011565333333333332
SUZUKI,KIZASHI FWD,10EDV-3,2,Car,3625,185,"2-Wheel Drive, Front",2.393,1,5.8,30.0,42.95,-0.3212,0.02485,191.05111837543848,-3.1960647432481935,0.5531208636855429,1644.2723412500002,16124.803355319313,0.9478811312386035,0.011848275862068965
SUZUKI,KIZASHI FWD,10FEDV-4,0,Car,3500,185,"2-Wheel Drive, Front",2.393,6,4.1,38.2,22.45,0.3007,0.01868,99.86257526259821,2.9920817817395142,0.41578662912056097,1587.5732950000001,15568.77565341175,0.712531973100085,0.0064142857142857135
SUZUKI,KIZASHI FWD,10FEDV-4,1,Car,3500,185,"2-Wheel Drive, Front",2.393,6,4.1,38.9,19.62,0.2463,0.01864,87.27410809141101,2.450780654614041,0.41489629372629855,1587.5732950000001,15568.77565341175,0.7110062087037251,0.005605714285714285
SUZUKI,SX4 2WD,10EDV-1,1,Car,3250,150,"2-Wheel Drive, Front",1.995,1,5.8,31.5,41.16,-0.2073,0.0237,183.08880168412216,-2.062715508329236,0.5275237211004976,1474.1752025,14456.720249596625,0.9040154048432556,0.012664615384615384
SUZUKI,SX4 2WD,10EDV-1,2,Car,3250,150,"2-Wheel Drive, Front",1.995,1,5.8,31.5,40.67,-0.2696,0.0228,180.90917309264452,-2.682624703548297,0.5074911747295927,1474.1752025,14456.720249596625,0.8696857059251574,0.012513846153846153
SUZUKI,SX4 2WD,10EDV-1,4,Car,3125,150,"2-Wheel Drive, Front",1.995,1,5.8,31.7,34.85,-0.3132,0.0223,155.02052329182843,-3.1164616363179767,0.4963619823013122,1417.47615625,13900.692547689063,0.8506136509706583,0.011152
SUZUKI,SX4 2WD,10FEDV-2,1,Car,3125,150,"2-Wheel Drive, Front",1.995,6,4.12,40.1,24.19,0.2776,0.0188,107.60248087315149,2.762227810478514,0.4184576353033484,1417.47615625,13900.692547689063,0.7171092662891649,0.0077408
SUZUKI,SX4 2WD,10FEDV-2,2,Car,3125,150,"2-Wheel Drive, Front",1.995,6,4.12,40.1,23.11,0.1618,0.0185,102.79840152867014,1.6099728376636293,0.41178011984637997,1417.47615625,13900.692547689063,0.7056660333164653,0.0073951999999999985
SUZUKI,SX4 2WD,10FEDV-2,4,Car,3125,150,"2-Wheel Drive, Front",1.995,6,4.12,40.3,17.98,0.158,0.0179,79.97902464238379,1.5721613618717765,0.3984250889324434,1417.47615625,13900.692547689063,0.6827795673710665,0.0057536
SUZUKI,SX4 4WD,10FEDV-2,0,Car,3250,150,"2-Wheel Drive, Front",1.995,6,4.12,39.3,26.59,0.43,0.0173,118.27821274977669,4.278666997499139,0.38507005801850674,1474.1752025,14456.720249596625,0.6598931014256677,0.00818153846153846
SUZUKI,SX4 4WD,11EDV-1,0,Car,3375,150,"2-Wheel Drive, Front",1.995,1,5.8,30.9,43.21,-0.1541,0.0236,192.20765599540618,-1.5333548472432956,0.5252978826148416,1530.87424875,15012.747951504187,0.9002009938523559,0.012802962962962962
Model S,S1,MS113-L1S,0,Car,4750,301,"2-Wheel Drive, Rear",0.1,1,9.73,9.7,39.846,0.14526,0.015889,177.24383848166985,1.4453934140854066,0.35366347698589906,2154.5637575,21129.052672487374,0.6060717623440713,0.008388631578947368
Model S,S2,MS212-L1S,0,Car,4750,362,"2-Wheel Drive, Rear",0.1,1,9.73,9.7,39.846,0.14526,0.015889,177.24383848166985,1.4453934140854066,0.35366347698589906,2154.5637575,21129.052672487374,0.6060717623440713,0.008388631578947368
Tesla Model S,S3,MS312-L1S,0,Car,4500,362,"2-Wheel Drive, Rear",0.001,1,9.73,9.7,43.62,0.1984,0.016085,194.03142685766298,1.9741570518693698,0.358026120417785,2041.165665,20016.99726867225,0.6135480078862349,0.009693333333333332
LEXUS,ES 300h,13-AV2H,0,Car,4000,154,"2-Wheel Drive, Front",2.494,1,3.54,24.4,25.778,0.23819,0.016296,114.66625679818516,2.3700830049635346,0.3627226396225194,1814.36948,17792.886461042,0.6215964150770334,0.0064445
LEXUS,ES 300h,13-AV2H,0,Car,4000,154,"2-Wheel Drive, Front",2.494,1,3.54,24.4,28.643,0.26465,0.018106,127.4104117259065,2.633370281135226,0.40301031621289496,1814.36948,17792.886461042,0.6906372540123201,0.0071607500000000004
LEXUS,ES 300h,13-AV2H,1,Car,4000,154,"2-Wheel Drive, Front",2.494,1,3.54,24.4,28.643,0.26465,0.018106,127.4104117259065,2.633370281135226,0.40301031621289496,1814.36948,17792.886461042,0.6906372540123201,0.0071607500000000004
LEXUS,ES 300h,13-AV2H,1,Car,4000,154,"2-Wheel Drive, Front",2.494,1,3.54,24.4,25.778,0.23819,0.016296,114.66625679818516,2.3700830049635346,0.3627226396225194,1814.36948,17792.886461042,0.6215964150770334,0.0064445
LEXUS,ES 300h,13-AV2H,2,Car,4000,154,"2-Wheel Drive, Front",2.494,1,3.54,24.4,28.643,0.26465,0.018106,127.4104117259065,2.633370281135226,0.40301031621289496,1814.36948,17792.886461042,0.6906372540123201,0.0071607500000000004
LEXUS,ES 300h,13-AV2H,2,Car,4000,154,"2-Wheel Drive, Front",2.494,1,3.54,24.4,25.778,0.23819,0.016296,114.66625679818516,2.3700830049635346,0.3627226396225194,1814.36948,17792.886461042,0.6215964150770334,0.0064445
LEXUS,ES 350,13-GV1A,0,Car,3875,268,"2-Wheel Drive, Front",3.456,6,3.46,28.1,30.083,0.04073,0.019881,133.8158508518816,0.4052793181584649,0.4425189493332909,1757.67043375,17236.858759134437,0.7583430491007919,0.007763354838709677
LEXUS,ES 350,13-GV1A,1,Car,3875,268,"2-Wheel Drive, Front",3.456,6,3.46,28.1,27.714,0.05885,0.019281,123.27801384532948,0.5855803553554054,0.42916391841935425,1757.67043375,17236.858759134437,0.735456583155393,0.0071519999999999995
LEXUS,ES 350,13-GV1A,2,Car,3875,268,"2-Wheel Drive, Front",3.456,6,3.46,28.1,27.714,0.05885,0.019281,123.27801384532948,0.5855803553554054,0.42916391841935425,1757.67043375,17236.858759134437,0.735456583155393,0.0071519999999999995
LEXUS,ES 350,13-GV1A,3,Car,3875,268,"2-Wheel Drive, Front",3.456,6,3.46,28.1,27.714,0.05885,0.019281,123.27801384532948,0.5855803553554054,0.42916391841935425,1757.67043375,17236.858759134437,0.735456583155393,0.0071519999999999995
LEXUS,GS 350,13-GR3A,0,Car,4000,306,"2-Wheel Drive, Rear",3.456,6,3.62,27.9,42.541,0.21277,0.020279,189.2317957347969,2.117144132692771,0.45137778650620214,1814.36948,17792.886461042,0.773524404844573,0.010635249999999999
LEXUS,GS 350,13-GR3A,0,Car,4000,306,"2-Wheel Drive, Rear",3.456,6,3.62,27.9,38.287,0.19149,0.018251,170.30906098347876,1.9053998682583955,0.40623778201709626,1814.36948,17792.886461042,0.6961681499491248,0.00957175
LEXUS,GS 350 AWD,13-GR1A,0,Car,4250,306,"2-Wheel Drive, Rear",3.456,6,3.77,29.0,50.896,0.33368,0.018589,226.3966873302984,3.320245590059331,0.413761116098614,1927.7675725000001,18904.941864857126,0.7090608590983662,0.011975529411764704
LEXUS,GS 350 AWD,13-GR1A,1,Car,4250,306,"2-Wheel Drive, Rear",3.456,6,3.77,29.0,43.214,0.34023,0.01856,192.22544888186724,3.385420633858446,0.41311562293777365,1927.7675725000001,18904.941864857126,0.7079546799110052,0.010167999999999998
LEXUS,GS 350 AWD,13-GR1A,2,Car,4250,306,"2-Wheel Drive, Rear",3.456,6,3.77,29.0,43.214,0.34023,0.01856,192.22544888186724,3.385420633858446,0.41311562293777365,1927.7675725000001,18904.941864857126,0.7079546799110052,0.010167999999999998
LEXUS,GS 350 AWD,13-GR1A,3,Car,4250,306,"2-Wheel Drive, Rear",3.456,6,3.77,29.0,43.214,0.34023,0.01856,192.22544888186724,3.385420633858446,0.41311562293777365,1927.7675725000001,18904.941864857126,0.7079546799110052,0.010167999999999998
LEXUS,GS 350 AWD,13-GR2A,0,Car,4250,306,"2-Wheel Drive, Rear",3.456,6,3.77,29.0,56.551,0.37075,0.020654,251.5513805645965,3.6891064867972228,0.4597246808274125,1927.7675725000001,18904.941864857126,0.7878284460604472,0.01330611764705882
LEXUS,GS 350 AWD,13-GR2A,0,Car,4250,306,"2-Wheel Drive, Rear",3.456,6,3.77,29.0,50.896,0.33368,0.018589,226.3966873302984,3.320245590059331,0.413761116098614,1927.7675725000001,18904.941864857126,0.7090608590983662,0.011975529411764704
LEXUS,GS 350 AWD,13-GR2A,1,Car,4250,306,"2-Wheel Drive, Rear",3.456,6,3.77,29.0,48.016,0.37803,0.020622,213.58580907834815,3.761545314103719,0.4590124125120027,1927.7675725000001,18904.941864857126,0.7866078345433595,0.011297882352941175
LEXUS,GS 350 AWD,13-GR2A,1,Car,4250,306,"2-Wheel Drive, Rear",3.456,6,3.77,29.0,43.214,0.34023,0.01856,192.22544888186724,3.385420633858446,0.41311562293777365,1927.7675725000001,18904.941864857126,0.7079546799110052,0.010167999999999998
LEXUS,GS 350 AWD,13-GR2A,2,Car,4250,306,"2-Wheel Drive, Rear",3.456,6,3.77,29.0,48.016,0.37803,0.020622,213.58580907834815,3.761545314103719,0.4590124125120027,1927.7675725000001,18904.941864857126,0.7866078345433595,0.011297882352941175
LEXUS,GS 350 AWD,13-GR2A,2,Car,4250,306,"2-Wheel Drive, Rear",3.456,6,3.77,29.0,43.214,0.34023,0.01856,192.22544888186724,3.385420633858446,0.41311562293777365,1927.7675725000001,18904.941864857126,0.7079546799110052,0.010167999999999998
LEXUS,GS 350 AWD,13-GR2A,3,Car,4250,306,"2-Wheel Drive, Rear",3.456,6,3.77,29.0,48.016,0.37803,0.020622,213.58580907834815,3.761545314103719,0.4590124125120027,1927.7675725000001,18904.941864857126,0.7866078345433595,0.011297882352941175
LEXUS,GS 350 AWD,13-GR2A,3,Car,4250,306,"2-Wheel Drive, Rear",3.456,6,3.77,29.0,43.214,0.34023,0.01856,192.22544888186724,3.385420633858446,0.41311562293777365,1927.7675725000001,18904.941864857126,0.7079546799110052,0.010167999999999998
LEXUS,GS 450h,13-GW1H,0,Car,4500,286,"2-Wheel Drive, Rear",3.456,1,3.27,18.0,54.216,0.07307,0.018635,241.16478309296326,0.7270748779238652,0.4147850018020157,2041.165665,20016.99726867225,0.71081548815418,0.012048
LEXUS,GS 450h,13-GW1H,0,Car,4500,286,"2-Wheel Drive, Rear",3.456,1,3.27,18.0,60.24,0.08118,0.020706,267.9608701032925,0.8077725275743722,0.4608821168399537,2041.165665,20016.99726867225,0.7898119397757152,0.013386666666666667
LEXUS,GS 450h,13-GW2H,0,Car,4500,286,"2-Wheel Drive, Rear",3.456,1,3.27,18.0,44.482,0.10309,0.018606,197.86579389001753,1.0257855366795028,0.4141395086411755,2041.165665,20016.99726867225,0.7097093089668192,0.009884888888888888
LEXUS,GS 450h,13-GW2H,0,Car,4500,286,"2-Wheel Drive, Rear",3.456,1,3.27,18.0,49.425,0.11454,0.020674,219.8533533342502,1.1397174834733752,0.46016984852454385,2041.165665,20016.99726867225,0.7885913282586273,0.010983333333333331
LEXUS,GS 450h,13-GW2H,1,Car,4500,286,"2-Wheel Drive, Rear",3.456,1,3.27,18.0,44.482,0.10309,0.018606,197.86579389001753,1.0257855366795028,0.4141395086411755,2041.165665,20016.99726867225,0.7097093089668192,0.009884888888888888
LEXUS,GS 450h,13-GW2H,1,Car,4500,286,"2-Wheel Drive, Rear",3.456,1,3.27,18.0,49.425,0.11454,0.020674,219.8533533342502,1.1397174834733752,0.46016984852454385,2041.165665,20016.99726867225,0.7885913282586273,0.010983333333333331
LEXUS,GS 450h,13-GW2H,2,Car,4500,286,"2-Wheel Drive, Rear",3.456,1,3.27,18.0,44.482,0.10309,0.018606,197.86579389001753,1.0257855366795028,0.4141395086411755,2041.165665,20016.99726867225,0.7097093089668192,0.009884888888888888
LEXUS,GS 450h,13-GW2H,2,Car,4500,286,"2-Wheel Drive, Rear",3.456,1,3.27,18.0,49.425,0.11454,0.020674,219.8533533342502,1.1397174834733752,0.46016984852454385,2041.165665,20016.99726867225,0.7885913282586273,0.010983333333333331
LEXUS,GX 460,10-UJ1A,0,Truck,5500,301,4-Wheel Drive,4.608,6,3.91,26.5,45.411,0.4641,0.029273,201.99819177059456,4.617975240789186,0.6515696999061125,2494.7580350000003,24465.21888393275,1.116592529366102,0.008256545454545454
LEXUS,IS 250 AWD,13-GE3A,0,Car,4000,204,"2-Wheel Drive, Rear",2.5,6,4.1,33.4,38.242,0.28713,0.019968,170.108891010792,2.857055011609134,0.4444554288158116,1814.36948,17792.886461042,0.7616615866628745,0.0095605
LEXUS,IS 250 AWD,13-GE3A,1,Car,4000,204,"2-Wheel Drive, Rear",2.5,6,4.1,33.4,38.242,0.28713,0.019968,170.108891010792,2.857055011609134,0.4444554288158116,1814.36948,17792.886461042,0.7616615866628745,0.0095605
LEXUS,IS 250/IS 250C,13-GE1A,0,Car,4250,204,"2-Wheel Drive, Rear",2.5,6,3.91,30.3,30.965,0.16078,0.019386,137.73918231654136,1.5998234415300268,0.43150104882929313,1927.7675725000001,18904.941864857126,0.7394617146958378,0.007285882352941175
LEXUS,IS 250/IS 250C,13-GE1A,1,Car,4250,204,"2-Wheel Drive, Rear",2.5,6,3.91,30.3,30.965,0.16078,0.019386,137.73918231654136,1.5998234415300268,0.43150104882929313,1927.7675725000001,18904.941864857126,0.7394617146958378,0.007285882352941175
LEXUS,IS 250/IS 250C,13-GE1A,2,Car,3875,204,"2-Wheel Drive, Rear",2.5,6,3.91,30.3,32.34,0.20075,0.019549,143.85548703752457,1.9975404645301211,0.4351291655609126,1757.67043375,17236.858759134437,0.7456792046110043,0.008345806451612904
LEXUS,IS 250/IS 250C,13-GE2A,1,Car,3875,204,"2-Wheel Drive, Rear",2.5,6,3.91,30.3,32.34,0.20075,0.019549,143.85548703752457,1.9975404645301211,0.4351291655609126,1757.67043375,17236.858759134437,0.7456792046110043,0.008345806451612904
LEXUS,IS 250/IS 250C,13-GE2A,2,Car,3875,204,"2-Wheel Drive, Rear",2.5,6,3.91,30.3,29.8,0.20075,0.019549,132.5570041347629,1.9975404645301211,0.4351291655609126,1757.67043375,17236.858759134437,0.7456792046110043,0.007690322580645162
LEXUS,IS 250/IS 250C,13-GE2A,3,Car,3875,204,"2-Wheel Drive, Rear",2.5,6,3.91,30.8,30.254,0.16675,0.019526,134.57649674809116,1.6592272600767008,0.43461722270921177,1757.67043375,17236.858759134437,0.7448018900830976,0.007807483870967742
LEXUS,IS 350 AWD,13-GE4A,0,Car,4000,306,"2-Wheel Drive, Rear",3.456,6,3.77,30.7,40.386,0.32207,0.019747,179.64587815391056,3.204721581126855,0.43953632576251167,1814.36948,17792.886461042,0.7532317383729861,0.010096500000000001
LEXUS,IS 350 AWD,13-GE4A,1,Car,4000,306,"2-Wheel Drive, Rear",3.456,6,3.77,30.7,40.386,0.32207,0.019747,179.64587815391056,3.204721581126855,0.43953632576251167,1814.36948,17792.886461042,0.7532317383729861,0.010096500000000001
LEXUS,IS 350/IS 350C,13-GE5A,0,Car,4250,306,"2-Wheel Drive, Rear",3.456,6,4.08,31.8,32.32,0.19402,0.01899,143.76652260521934,1.9305743508250763,0.42268672842609495,1927.7675725000001,18904.941864857126,0.7243566471718744,0.00760470588235294
LEXUS,IS 350/IS 350C,13-GE5A,1,Car,4250,306,"2-Wheel Drive, Rear",3.456,6,4.08,31.8,32.32,0.19402,0.01899,143.76652260521934,1.9305743508250763,0.42268672842609495,1927.7675725000001,18904.941864857126,0.7243566471718744,0.00760470588235294
LEXUS,IS F,08-UE2A,0,Car,4250,416,"2-Wheel Drive, Rear",4.969,8,2.94,26.7,42.242,0.38449,0.017436,187.901777471834,3.825824822949869,0.38809719835899903,1927.7675725000001,18904.941864857126,0.6650807003732914,0.009939294117647057
LEXUS,IS F,08-UE2A,1,Car,4250,416,"2-Wheel Drive, Rear",4.969,8,2.94,26.7,42.242,0.38449,0.017436,187.901777471834,3.825824822949869,0.38809719835899903,1927.7675725000001,18904.941864857126,0.6650807003732914,0.009939294117647057
LEXUS,LS 460,07-UF1A,7,Car,4750,380,"2-Wheel Drive, Rear",4.608,8,2.94,25.9,50.051,0.29395,0.01686,222.63794006540328,2.9249166602671437,0.37527636868161984,2154.5637575,21129.052672487374,0.6431096930657084,0.010537052631578947
LEXUS,LS 460,07-UF1A,8,Car,4750,380,"2-Wheel Drive, Rear",4.608,8,2.94,25.9,50.051,0.29395,0.01686,222.63794006540328,2.9249166602671437,0.37527636868161984,2154.5637575,21129.052672487374,0.6431096930657084,0.010537052631578947
LEXUS,LS 460 AWD,09-UF1A,3,Car,5000,380,All Wheel Drive,4.608,8,3.13,27.6,54.077,0.45755,0.01693,240.54648028844204,4.552800196990072,0.3768344556215791,2267.96185,22241.1080763025,0.6457797807593383,0.0108154
LEXUS,LS 460 L AWD,09-UF1A,1,Car,5000,380,All Wheel Drive,4.608,8,3.13,26.8,51.292,0.53166,0.016988,228.15818308994156,5.290223478814865,0.37812544194325964,2267.96185,22241.1080763025,0.6479921391340602,0.0102584
LEXUS,LS 600h L,08-UF2H,0,Car,5500,389,All Wheel Drive,4.969,1,3.92,18.9,55.176,0.73454,0.013892,245.43507584361333,7.308958270565157,0.30921348242734653,2494.7580350000003,24465.21888393275,0.5298979748558019,0.010032
LEXUS,LS 600h L,08-UF2H,1,Car,5500,389,All Wheel Drive,4.969,1,3.92,19.4,55.176,0.73454,0.013892,245.43507584361333,7.308958270565157,0.30921348242734653,2494.7580350000003,24465.21888393275,0.5298979748558019,0.010032
LEXUS,LS 600h L,08-UF2H,3,Car,5500,389,All Wheel Drive,4.969,1,3.92,18.9,61.307,0.81615,0.015435,272.70712256677547,8.121009465137028,0.34355817026102037,2494.7580350000003,24465.21888393275,0.5887543364453862,0.011146727272727272
LEXUS,LS 600h L,08-UF2H,3,Car,5500,389,All Wheel Drive,4.969,1,3.92,18.9,55.176,0.73454,0.013892,245.43507584361333,7.308958270565157,0.30921348242734653,2494.7580350000003,24465.21888393275,0.5298979748558019,0.010032
LEXUS,LS 600h L,08-UF2H,4,Car,5500,389,All Wheel Drive,4.969,1,3.92,19.4,55.176,0.73454,0.013892,245.43507584361333,7.308958270565157,0.30921348242734653,2494.7580350000003,24465.21888393275,0.5298979748558019,0.010032
LEXUS,LS 600h L,11-UF1H,1,Car,5500,389,All Wheel Drive,4.969,1,3.92,19.4,61.307,0.81615,0.015435,272.70712256677547,8.121009465137028,0.34355817026102037,2494.7580350000003,24465.21888393275,0.5887543364453862,0.011146727272727272
LEXUS,LX 570,13-UJ1A,0,Truck,6500,383,"2-Wheel Drive, Rear",5.663,6,3.91,25.8,61.929,0.55874,0.031503,275.4739164114675,5.5596799957736485,0.7012058981362438,2948.350405,28913.44049919325,1.201653894463168,0.00952753846153846
LEXUS,LX 570,13-UJ1A,1,Truck,6500,383,"2-Wheel Drive, Rear",5.663,6,3.91,25.8,61.929,0.55874,0.031503,275.4739164114675,5.5596799957736485,0.7012058981362438,2948.350405,28913.44049919325,1.201653894463168,0.00952753846153846
LEXUS,RX 350,12-GL3A,0,Truck,4750,270,"2-Wheel Drive, Front",3.456,6,4.4,32.2,37.889,-0.03711,0.029973,168.5386687806051,-0.36925891227254193,0.6671505693057053,2154.5637575,21129.052672487374,1.1432934063024007,0.007976631578947369
LEXUS,RX 350,12-GL3A,1,Truck,4750,270,"2-Wheel Drive, Front",3.456,6,4.4,32.3,36.601,-0.03954,0.029757,162.80935934014954,-0.3934383560025952,0.6623427581766881,2154.5637575,21129.052672487374,1.1350542785620572,0.007705473684210526
LEXUS,RX 350 AWD,12-GL1A,0,Truck,4750,270,"2-Wheel Drive, Front",3.456,6,4.4,32.2,43.295,0.06287,0.028844,192.58575483270334,0.6255809165878392,0.6420208528026479,2154.5637575,21129.052672487374,1.1002287062151421,0.009114736842105264
LEXUS,RX 350 AWD,12-GL1A,1,Truck,4750,270,"2-Wheel Drive, Front",3.456,6,4.4,32.3,42.104,0.05458,0.02871,187.28792288892808,0.5430921970314022,0.6390382292318687,2154.5637575,21129.052672487374,1.0951173954873363,0.008864
LEXUS,RX 350 AWD,13-GL1A,0,Truck,4750,270,"2-Wheel Drive, Front",3.456,8,3.33,27.4,39.456,0.26886,0.026335,175.5090320517183,2.675261416157252,0.5861745651975361,2154.5637575,21129.052672487374,1.0045251344534658,0.008306526315789474
LEXUS,RX 450h,10-GL2H,0,Truck,5000,245,"2-Wheel Drive, Front",3.456,1,3.54,25.1,31.881,0.32896,0.025566,141.81375331612,3.2732797569705037,0.5690578672428406,2267.96185,22241.1080763025,0.9751923139334461,0.0063762
LEXUS,RX 450h,10-GL2H,1,Truck,5000,245,"2-Wheel Drive, Front",3.456,1,3.54,25.1,31.881,0.32896,0.025566,141.81375331612,3.2732797569705037,0.5690578672428406,2267.96185,22241.1080763025,0.9751923139334461,0.0063762
LEXUS,RX 450h AWD,10-GL3H,0,Truck,5000,245,All Wheel Drive,3.456,1,3.54,24.9,38.269,0.20331,0.026381,170.22899299440405,2.02301345874779,0.5871984509009379,2267.96185,22241.1080763025,1.0062797635092797,0.0076538
LEXUS,RX 450h AWD,10-GL3H,1,Truck,5000,245,All Wheel Drive,3.456,1,3.54,24.9,38.269,0.20331,0.026381,170.22899299440405,2.02301345874779,0.5871984509009379,2267.96185,22241.1080763025,1.0062797635092797,0.0076538
LEXUS,RX 450h AWD,10-GL3H,2,Truck,5000,245,All Wheel Drive,3.456,1,3.54,25.1,35.48,0.34676,0.024559,157.82290290944252,3.4503966698902357,0.5466436736922836,2267.96185,22241.1080763025,0.9367811952550851,0.007096
LEXUS,RX 450h AWD,10-GL3H,3,Truck,5000,245,All Wheel Drive,3.456,1,3.54,25.1,35.48,0.34676,0.024559,157.82290290944252,3.4503966698902357,0.5466436736922836,2267.96185,22241.1080763025,0.9367811952550851,0.007096
SCION,iQ,11-NJ1C,1,Car,2375,94,"2-Wheel Drive, Front",1.329,1,5.4,33.2,26.347,-0.0842,0.024748,117.19729489726839,-0.837822700440529,0.5508505084301737,1077.28187875,10564.526336243687,0.9439904320278858,0.011093473684210526
SCION,iQ,11-NJ1C,1,Car,2375,94,"2-Wheel Drive, Front",1.329,1,5.4,33.2,23.712,-0.07578,0.022273,105.47623094105697,-0.7540404303964761,0.495761005910185,1077.28187875,10564.526336243687,0.8495837600031154,0.009984
SCION,iQ EV,13-KJ1E,0,Car,2750,1,"2-Wheel Drive, Front",0.001,1,9.45,0.0,15.993,0.56499,0.013095,71.14040829286117,5.62186992306288,0.2914735496966674,1247.3790175000001,12232.609441966375,0.4994971192583305,0.005815636363636363
SCION,tC,11-AT1A,0,Car,3500,180,"2-Wheel Drive, Front",2.494,6,3.82,31.1,32.551,0.0298,0.0219,144.79406179834453,0.2965215733150566,0.48745862835868764,1587.5732950000001,15568.77565341175,0.8353560070070589,0.009300285714285714
SCION,tC,11-AT1A,1,Car,3500,180,"2-Wheel Drive, Front",2.494,6,3.82,31.9,32.773,0.02521,0.021824,145.78156699693236,0.2508492907138448,0.48576699110958904,1587.5732950000001,15568.77565341175,0.8324570546539751,0.009363714285714284
SCION,tC,11-AT1A,3,Car,3500,180,"2-Wheel Drive, Front",2.494,6,3.82,31.6,33.355,0.01179,0.022033,148.37043197701396,0.11731507883840661,0.49041899354461027,1587.5732950000001,15568.77565341175,0.8404291736249557,0.009529999999999999
SCION,tC,11-AT1M,0,Car,3375,180,"2-Wheel Drive, Front",2.494,6,4.06,39.8,26.342,0.28661,0.019217,117.17505378919208,2.85188080965867,0.4277393817885344,1530.87424875,15012.747951504187,0.7330153601212172,0.0078050370370370365
SCION,tC,11-AT1M,1,Car,3375,180,"2-Wheel Drive, Front",2.494,6,4.06,40.8,25.944,0.29638,0.018914,115.4046615863184,2.9490961039971966,0.4209950911769963,1530.87424875,15012.747951504187,0.7214576948187906,0.007687111111111111
SCION,tC,11-AT1M,2,Car,3375,180,"2-Wheel Drive, Front",2.494,6,4.06,40.5,27.502,0.2746,0.019234,122.33499086289426,2.7323766453796825,0.4281177743310959,1530.87424875,15012.747951504187,0.7336638099896701,0.008148740740740741
TOYOTA,4RUNNER 2WD,13-GN5A,0,Truck,4750,270,"2-Wheel Drive, Rear",3.956,5,3.73,29.2,33.015,0.38142,0.030927,146.85803662782538,3.7952771306653985,0.6883850684588646,2154.5637575,21129.052672487374,1.1796828871555851,0.006950526315789473
TOYOTA,4RUNNER 2WD,13-GN5A,1,Truck,4750,270,"2-Wheel Drive, Rear",3.956,5,3.73,29.3,28.989,0.39814,0.030409,128.94949640478663,3.961647624149551,0.676855225103166,2154.5637575,21129.052672487374,1.1599242382227242,0.006102947368421052
TOYOTA,4RUNNER 4WD,13-GN3A,0,Truck,5000,270,"2-Wheel Drive, Rear",3.956,5,3.73,29.3,35.742,0.51931,0.030566,158.98833697264075,5.1673361824913435,0.680349791525646,2267.96185,22241.1080763025,1.1659128634784368,0.007148399999999999
TOYOTA,4RUNNER 4WD,13-GN3A,2,Truck,5000,270,"2-Wheel Drive, Rear",3.956,5,3.73,29.2,38.197,0.4006,0.031515,169.9087210381053,3.9861255795305928,0.7014729987545225,2267.96185,22241.1080763025,1.2021116237820761,0.0076394
TOYOTA,CAMRY,12-AV1A,0,Car,3500,178,"2-Wheel Drive, Front",2.494,6,3.63,29.5,31.119,0.04163,0.019822,138.4242084452915,0.41423466768811423,0.44120570462675374,1587.5732950000001,15568.77565341175,0.7560925466161609,0.008891142857142856
TOYOTA,CAMRY,12-AV1A,1,Car,3500,178,"2-Wheel Drive, Front",2.494,6,3.63,29.4,27.232,0.04319,0.019374,121.13397102677392,0.42975727353950643,0.4312339482110144,1587.5732950000001,15568.77565341175,0.7390039853769298,0.0077805714285714275
TOYOTA,CAMRY,12-AV3A,0,Car,3500,178,"2-Wheel Drive, Front",2.494,6,3.63,29.5,31.119,0.04163,0.019822,138.4242084452915,0.41423466768811423,0.44120570462675374,1587.5732950000001,15568.77565341175,0.7560925466161609,0.008891142857142856
TOYOTA,CAMRY,12-AV3A,2,Car,3500,178,"2-Wheel Drive, Front",2.494,6,3.63,29.4,28.7,0.04279,0.019903,127.66396035797634,0.42577711819299563,0.4430086338001352,1587.5732950000001,15568.77565341175,0.7591822195187897,0.008199999999999999
TOYOTA,CAMRY,12-GV1A,1,Car,3750,268,"2-Wheel Drive, Front",3.456,6,3.46,28.1,26.807,0.10836,0.019269,119.24347684028821,1.078224083369783,0.4288968178010755,1700.9713875,16680.831057226875,0.734998853836485,0.007148533333333333
TOYOTA,Camry Hybrid LE,12-AV1H,4,Car,3750,154,"2-Wheel Drive, Front",2.494,1,3.54,24.2,24.96,0.30188,0.014591,111.02761151690207,3.003823240011721,0.32477209344208274,1700.9713875,16680.831057226875,0.5565607076821917,0.006656
TOYOTA,Camry Hybrid LE,12-AV1H,5,Car,3750,154,"2-Wheel Drive, Front",2.494,1,3.54,24.2,24.96,0.30188,0.014591,111.02761151690207,3.003823240011721,0.32477209344208274,1700.9713875,16680.831057226875,0.5565607076821917,0.006656
TOYOTA,Camry Hybrid XLE,12-AV1H,0,Car,3875,154,"2-Wheel Drive, Front",2.494,1,3.54,24.2,26.864,0.33176,0.014649,119.49702547235806,3.3011408443960795,0.32606307976376325,1757.67043375,17236.858759134437,0.5587730660569136,0.0069326451612903225
TOYOTA,Camry Hybrid XLE,12-AV1H,1,Car,3875,154,"2-Wheel Drive, Front",2.494,1,3.54,24.2,26.864,0.33176,0.014649,119.49702547235806,3.3011408443960795,0.32606307976376325,1757.67043375,17236.858759134437,0.5587730660569136,0.0069326451612903225
TOYOTA,Camry Hybrid XLE,12-AV1H,2,Car,3875,154,"2-Wheel Drive, Front",2.494,1,3.54,24.2,25.495,0.30377,0.014585,113.40741008106644,3.022629474023984,0.3246385431329434,1757.67043375,17236.858759134437,0.5563318430227377,0.006579354838709677
TOYOTA,Camry Hybrid XLE,12-AV1H,3,Car,3875,154,"2-Wheel Drive, Front",2.494,1,3.54,24.2,25.495,0.30377,0.014585,113.40741008106644,3.022629474023984,0.3246385431329434,1757.67043375,17236.858759134437,0.5563318430227377,0.006579354838709677
TOYOTA,COROLLA,11-ZE1M,0,Car,3000,132,"2-Wheel Drive, Front",1.798,5,4.31,43.7,22.116,0.18855,0.018134,98.37686924310121,1.8761457264615407,0.4036335509888787,1360.77711,13344.664845781499,0.6917052890897721,0.007372
TOYOTA,COROLLA,11-ZE1M,3,Car,3125,132,"2-Wheel Drive, Front",1.798,5,4.31,43.7,24.395,0.2151,0.018332,108.51436630427989,2.140328537586197,0.4080407111904778,1417.47615625,13900.692547689063,0.6992578228517538,0.007806399999999999
TOYOTA,COROLLA,11-ZE2A,0,Car,3125,132,"2-Wheel Drive, Front",1.798,4,4.13,40.5,28.383,-0.04619,0.020177,126.25387410593876,-0.4596084386383377,0.44910743125083297,1417.47615625,13900.692547689063,0.7696337056338552,0.00908256
TOYOTA,COROLLA MATRIX,09-AE1A,1,Car,3625,158,All Wheel Drive,2.362,4,2.81,40.1,40.805,0.14718,0.022639,181.5096830107047,1.4644981597486586,0.5039075747676863,1644.2723412500002,16124.803355319313,0.8635445042298087,0.01125655172413793
TOYOTA,COROLLA MATRIX,09-AE1A,3,Car,3625,158,"2-Wheel Drive, Front",2.362,4,2.81,40.2,41.031,0.14573,0.023419,182.51498109575357,1.4500700966175568,0.521269114955804,1644.2723412500002,16124.803355319313,0.8932969099588272,0.011318896551724137
TOYOTA,COROLLA MATRIX,09-AE1M,1,Car,3500,158,"2-Wheel Drive, Front",2.362,5,4.24,43.4,27.94,0.2465,0.02123,124.28331193037836,2.4527707322872967,0.47254551050479177,1587.5732950000001,15568.77565341175,0.8097994533680303,0.007982857142857142
TOYOTA,COROLLA MATRIX,09-AE1M,2,Car,3500,158,"2-Wheel Drive, Front",2.362,5,4.24,43.5,28.064,0.25373,0.021754,124.83489141067066,2.52471204017548,0.4842089041696297,1587.5732950000001,15568.77565341175,0.8297869669603452,0.008018285714285714
TOYOTA,COROLLA MATRIX,09-AE2A,1,Car,3500,158,"2-Wheel Drive, Front",2.362,5,3.39,33.3,35.666,-0.05104,0.024123,158.65027212988096,-0.5078678222147814,0.5369390178948229,1587.5732950000001,15568.77565341175,0.9201503633347617,0.010190285714285712
TOYOTA,COROLLA MATRIX,09-AE2A,2,Car,3500,158,"2-Wheel Drive, Front",2.362,5,3.39,33.5,36.021,-0.04814,0.024658,160.22939080329846,-0.479011695952578,0.5488472537930832,1587.5732950000001,15568.77565341175,0.9405574621360759,0.010291714285714284
TOYOTA,COROLLA MATRIX,09-AE2A,3,Car,3500,158,"2-Wheel Drive, Front",2.362,5,3.39,32.1,38.906,-0.05172,0.024606,173.062510163325,-0.5146340863038499,0.5476898177805419,1587.5732950000001,15568.77565341175,0.9385739684208079,0.011115999999999997
TOYOTA,COROLLA MATRIX,11-ZE1A,0,Car,3250,132,"2-Wheel Drive, Front",1.798,4,4.24,41.7,33.029,-0.03433,0.023937,146.92031173043907,-0.3415968326142917,0.5327989583115026,1474.1752025,14456.720249596625,0.9130555588916882,0.010162769230769232
TOYOTA,COROLLA MATRIX,11-ZE1A,1,Car,3250,132,"2-Wheel Drive, Front",1.798,4,4.24,41.5,33.005,-0.04138,0.023518,146.8135544116728,-0.411747070596545,0.5234726950566035,1474.1752025,14456.720249596625,0.897073176839818,0.010155384615384616
TOYOTA,COROLLA MATRIX,11-ZE1M,1,Car,3125,132,"2-Wheel Drive, Front",1.798,5,4.31,43.7,26.115,0.19564,0.021428,116.16530748252794,1.9466939799784455,0.47695267070639086,1417.47615625,13900.692547689063,0.8173519871300119,0.008356799999999998
TOYOTA,COROLLA MATRIX,11-ZE1M,4,Car,3125,132,"2-Wheel Drive, Front",1.798,5,4.31,43.9,26.026,0.2027,0.021848,115.76941575876977,2.016943721844361,0.4863011923461465,1417.47615625,13900.692547689063,0.8333725132917911,0.00832832
TOYOTA,FJ CRUISER 2WD,13-GJ2A,0,Truck,4500,260,"2-Wheel Drive, Rear",3.956,5,3.73,29.2,35.373,0.38634,0.032941,157.34694319660963,3.8442330414274823,0.7332134555599785,2041.165665,20016.99726867225,1.2565051245123071,0.007860666666666665
TOYOTA,FJ CRUISER 4WD,13-GJ1A,0,Truck,4750,260,"2-Wheel Drive, Rear",3.956,5,3.73,29.2,42.131,0.39814,0.033709,187.40802487254012,3.961647624149551,0.7503078951298175,2154.5637575,21129.052672487374,1.285799800922418,0.008869684210526316
TOYOTA,FJ CRUISER 4WD,13-GJ1M,0,Truck,4750,260,"2-Wheel Drive, Rear",3.956,6,3.91,34.2,44.471,0.54152,0.033209,197.81686345224966,5.388334308106357,0.739178702701537,2154.5637575,21129.052672487374,1.266727745967919,0.009362315789473682
TOYOTA,HIGHLANDER 2WD,09-AU2A,0,Truck,4250,187,"2-Wheel Drive, Front",2.672,6,4.36,31.8,33.387,-0.03273,0.030373,148.5127750687023,-0.32567621122824836,0.6760539232483298,1927.7675725000001,18904.941864857126,1.1585510502660004,0.007855764705882352
TOYOTA,HIGHLANDER 2WD,09-AU2A,0,Truck,4250,187,"2-Wheel Drive, Front",2.672,6,4.36,31.8,37.097,-0.03637,0.033748,165.01567726131876,-0.36189562488149685,0.7511759721392234,1927.7675725000001,18904.941864857126,1.2872874212088687,0.00872870588235294
TOYOTA,Highlander 2WD,09-AU2A,1,Truck,4250,187,"2-Wheel Drive, Front",2.672,6,4.36,31.8,33.387,-0.03273,0.030373,148.5127750687023,-0.32567621122824836,0.6760539232483298,1927.7675725000001,18904.941864857126,1.1585510502660004,0.007855764705882352
TOYOTA,HIGHLANDER 2WD,11-GU2A,0,Truck,4500,270,"2-Wheel Drive, Front",3.456,5,3.48,31.5,40.129,0.16736,0.029489,178.50268519878858,1.66529699698013,0.6563775110351298,2041.165665,20016.99726867225,1.1248316571064458,0.008917555555555554
TOYOTA,HIGHLANDER 4WD,11-GU1A,0,Truck,4750,270,"2-Wheel Drive, Front",3.456,5,3.48,31.5,45.225,0.22758,0.028825,201.1708225501561,2.2645093843973347,0.6415979434903732,2154.5637575,21129.052672487374,1.0995039681268712,0.009521052631578946
TOYOTA,HIGHLANDER HYBRID 4WD,11-GU1H,0,Truck,5250,231,"2-Wheel Drive, Front",3.456,1,3.54,24.2,38.06,0.19575,0.02758,169.29931467681462,1.9477885226987357,0.6138862543439546,2381.3599425,23353.163480117626,1.0520145512901684,0.007249523809523809
TOYOTA,HIGHLANDER HYBRID 4WD,11-GU1H,1,Truck,5250,231,"2-Wheel Drive, Front",3.456,1,3.54,24.2,38.06,0.19575,0.02758,169.29931467681462,1.9477885226987357,0.6138862543439546,2381.3599425,23353.163480117626,1.0520145512901684,0.007249523809523809
TOYOTA,HIGHLANDER HYBRID 4WD,11-GU1H,2,Truck,5000,231,"2-Wheel Drive, Front",3.456,1,3.54,24.2,37.519,0.19575,0.02758,166.89282678295868,1.9477885226987357,0.6138862543439546,2267.96185,22241.1080763025,1.0520145512901684,0.0075038
TOYOTA,HIGHLANDER HYBRID 4WD,11-GU1H,3,Truck,5000,231,"2-Wheel Drive, Front",3.456,1,3.54,24.2,37.519,0.19575,0.02758,166.89282678295868,1.9477885226987357,0.6138862543439546,2267.96185,22241.1080763025,1.0520145512901684,0.0075038
TOYOTA,HIGHLANDER HYBRID 4WD,11-GU2H,0,Truck,5250,231,"2-Wheel Drive, Front",3.456,1,3.54,24.2,38.06,0.19575,0.02758,169.29931467681462,1.9477885226987357,0.6138862543439546,2381.3599425,23353.163480117626,1.0520145512901684,0.007249523809523809
TOYOTA,HIGHLANDER HYBRID 4WD,11-GU2H,0,Truck,5250,231,"2-Wheel Drive, Front",3.456,1,3.54,24.2,42.289,0.2175,0.030644,188.1108438877513,2.164209469665262,0.6820859455444578,2381.3599425,23353.163480117626,1.1688881040513386,0.008055047619047618
TOYOTA,HIGHLANDER HYBRID 4WD,11-GU2H,1,Truck,5250,231,"2-Wheel Drive, Front",3.456,1,3.54,24.2,38.06,0.19575,0.02758,169.29931467681462,1.9477885226987357,0.6138862543439546,2381.3599425,23353.163480117626,1.0520145512901684,0.007249523809523809
TOYOTA,HIGHLANDER HYBRID 4WD,11-GU2H,1,Truck,5250,231,"2-Wheel Drive, Front",3.456,1,3.54,24.2,42.289,0.2175,0.030644,188.1108438877513,2.164209469665262,0.6820859455444578,2381.3599425,23353.163480117626,1.1688881040513386,0.008055047619047618
TOYOTA,HIGHLANDER HYBRID 4WD,11-GU2H,2,Truck,5000,231,"2-Wheel Drive, Front",3.456,1,3.54,24.2,37.519,0.19575,0.02758,166.89282678295868,1.9477885226987357,0.6138862543439546,2267.96185,22241.1080763025,1.0520145512901684,0.0075038
TOYOTA,HIGHLANDER HYBRID 4WD,11-GU2H,2,Truck,5000,231,"2-Wheel Drive, Front",3.456,1,3.54,24.2,41.687,0.2175,0.030644,185.43301447536444,2.164209469665262,0.6820859455444578,2267.96185,22241.1080763025,1.1688881040513386,0.0083374
TOYOTA,HIGHLANDER HYBRID 4WD,11-GU2H,3,Truck,5000,231,"2-Wheel Drive, Front",3.456,1,3.54,24.2,37.519,0.19575,0.02758,166.89282678295868,1.9477885226987357,0.6138862543439546,2267.96185,22241.1080763025,1.0520145512901684,0.0075038
TOYOTA,HIGHLANDER HYBRID 4WD,11-GU2H,3,Truck,5000,231,"2-Wheel Drive, Front",3.456,1,3.54,24.2,41.687,0.2175,0.030644,185.43301447536444,2.164209469665262,0.6820859455444578,2267.96185,22241.1080763025,1.1688881040513386,0.0083374
TOYOTA,LAND CRUISER WAGON 4WD,13-UJ1A,2,Truck,6000,381,"2-Wheel Drive, Rear",5.663,6,3.91,25.8,61.5,0.44498,0.03304,273.56562933852075,4.427723815225969,0.7354170356607782,2721.55422,26689.329691562998,1.2602813913932982,0.01025
TOYOTA,LAND CRUISER WAGON 4WD,13-UJ1A,3,Truck,6000,381,"2-Wheel Drive, Rear",5.663,6,3.91,25.8,61.5,0.44498,0.03304,273.56562933852075,4.427723815225969,0.7354170356607782,2721.55422,26689.329691562998,1.2602813913932982,0.01025
TOYOTA,PRIUS,10-ZW1H,0,Car,3375,98,"2-Wheel Drive, Front",1.798,1,3.27,26.9,20.234,0.01993,0.01874,90.00531616318096,0.19831124013990195,0.41712213221195465,1530.87424875,15012.747951504187,0.7148206196946248,0.00599525925925926
TOYOTA,PRIUS,10-ZW1H,1,Car,3375,98,"2-Wheel Drive, Front",1.798,1,3.27,26.9,20.234,0.01993,0.01874,90.00531616318096,0.19831124013990195,0.41712213221195465,1530.87424875,15012.747951504187,0.7148206196946248,0.00599525925925926
TOYOTA,PRIUS,10-ZW1H,2,Car,3375,98,"2-Wheel Drive, Front",1.798,1,3.27,26.9,20.234,0.01993,0.01874,90.00531616318096,0.19831124013990195,0.41712213221195465,1530.87424875,15012.747951504187,0.7148206196946248,0.00599525925925926
TOYOTA,PRIUS,10-ZW1H,3,Car,3375,98,"2-Wheel Drive, Front",1.798,1,3.27,26.8,18.501,0.02235,0.018111,82.29654810393451,0.22239117998629243,0.40312160813717773,1530.87424875,15012.747951504187,0.6908279745618651,0.005481777777777778
TOYOTA,PRIUS,10-ZW1H,4,Car,3375,98,"2-Wheel Drive, Front",1.798,1,3.27,26.8,18.501,0.02235,0.018111,82.29654810393451,0.22239117998629243,0.40312160813717773,1530.87424875,15012.747951504187,0.6908279745618651,0.005481777777777778
TOYOTA,PRIUS,10-ZW1H,5,Car,3375,98,"2-Wheel Drive, Front",1.798,1,3.27,26.8,18.501,0.02235,0.018111,82.29654810393451,0.22239117998629243,0.40312160813717773,1530.87424875,15012.747951504187,0.6908279745618651,0.005481777777777778
TOYOTA,PRIUS c,12-NP1H,0,Car,2750,82,"2-Wheel Drive, Front",1.497,1,3.19,28.0,20.743,0.19359,0.016162,92.26946096534854,1.9262956838275775,0.3597400160517402,1247.3790175000001,12232.609441966375,0.6164851043492278,0.007542909090909091
TOYOTA,PRIUS c,12-NP1H,0,Car,2750,82,"2-Wheel Drive, Front",1.497,1,3.19,28.0,23.048,0.2151,0.017958,102.52261178852399,2.140328537586197,0.3997160752541239,1247.3790175000001,12232.609441966375,0.6849919257457884,0.008381090909090907
TOYOTA,PRIUS c,12-NP1H,1,Car,2750,82,"2-Wheel Drive, Front",1.497,1,3.19,28.0,23.048,0.2151,0.017958,102.52261178852399,2.140328537586197,0.3997160752541239,1247.3790175000001,12232.609441966375,0.6849919257457884,0.008381090909090907
TOYOTA,PRIUS c,12-NP1H,1,Car,2750,82,"2-Wheel Drive, Front",1.497,1,3.19,28.0,20.743,0.19359,0.016162,92.26946096534854,1.9262956838275775,0.3597400160517402,1247.3790175000001,12232.609441966375,0.6164851043492278,0.007542909090909091
TOYOTA,PRIUS c,12-NP2H,0,Car,2750,82,"2-Wheel Drive, Front",1.497,1,3.19,27.8,17.919,0.1818,0.015557,79.70768312385289,1.8089806049891703,0.34627369321352075,1247.3790175000001,12232.609441966375,0.5934079178542839,0.006515999999999999
TOYOTA,PRIUS c,12-NP2H,0,Car,2750,82,"2-Wheel Drive, Front",1.497,1,3.19,27.8,19.91,0.202,0.017285,88.56409235983655,2.0099784499879676,0.3847361822456583,1247.3790175000001,12232.609441966375,0.6593209397770327,0.00724
TOYOTA,PRIUS c,12-NP2H,1,Car,2750,82,"2-Wheel Drive, Front",1.497,1,3.19,27.8,17.919,0.1818,0.015557,79.70768312385289,1.8089806049891703,0.34627369321352075,1247.3790175000001,12232.609441966375,0.5934079178542839,0.006515999999999999
TOYOTA,PRIUS c,12-NP2H,1,Car,2750,82,"2-Wheel Drive, Front",1.497,1,3.19,27.8,19.91,0.202,0.017285,88.56409235983655,2.0099784499879676,0.3847361822456583,1247.3790175000001,12232.609441966375,0.6593209397770327,0.00724
TOYOTA,PRIUS Plug-in Hybrid,12-ZW3H,0,Car,3500,98,"2-Wheel Drive, Front",1.798,1,3.27,25.4,22.883,-0.15919,0.020143,101.78865522200601,-1.5840023240276462,0.4483506461657099,1587.5732950000001,15568.77565341175,0.7683368058969494,0.0065379999999999995
TOYOTA,PRIUS Plug-in Hybrid,12-ZW3H,1,Car,3500,98,"2-Wheel Drive, Front",1.798,1,3.27,25.4,22.883,-0.15919,0.020143,101.78865522200601,-1.5840023240276462,0.4483506461657099,1587.5732950000001,15568.77565341175,0.7683368058969494,0.0065379999999999995
TOYOTA,PRIUS Plug-in Hybrid,12-ZW3H,2,Car,3500,98,"2-Wheel Drive, Front",1.798,1,3.27,25.4,22.883,-0.15919,0.020143,101.78865522200601,-1.5840023240276462,0.4483506461657099,1587.5732950000001,15568.77565341175,0.7683368058969494,0.0065379999999999995
TOYOTA,PRIUS Plug-in Hybrid,12-ZW4H,0,Car,3500,98,"2-Wheel Drive, Front",1.798,1,3.27,25.4,25.425,-0.17688,0.022381,113.0960345679982,-1.7600246942270876,0.4981649114746936,1587.5732950000001,15568.77565341175,0.8537033238732872,0.007264285714285714
TOYOTA,PRIUS Plug-in Hybrid,12-ZW4H,1,Car,3500,98,"2-Wheel Drive, Front",1.798,1,3.27,25.4,25.425,-0.17688,0.022381,113.0960345679982,-1.7600246942270876,0.4981649114746936,1587.5732950000001,15568.77565341175,0.8537033238732872,0.007264285714285714
TOYOTA,PRIUS Plug-in Hybrid,12-ZW4H,1,Car,3500,98,"2-Wheel Drive, Front",1.798,1,3.27,25.4,22.883,-0.15919,0.020143,101.78865522200601,-1.5840023240276462,0.4483506461657099,1587.5732950000001,15568.77565341175,0.7683368058969494,0.0065379999999999995
TOYOTA,PRIUS Plug-in Hybrid,12-ZW4H,2,Car,3500,98,"2-Wheel Drive, Front",1.798,1,3.27,25.4,22.883,-0.15919,0.020143,101.78865522200601,-1.5840023240276462,0.4483506461657099,1587.5732950000001,15568.77565341175,0.7683368058969494,0.0065379999999999995
TOYOTA,PRIUS Plug-in Hybrid,12-ZW4H,2,Car,3500,98,"2-Wheel Drive, Front",1.798,1,3.27,25.4,25.425,-0.17688,0.022381,113.0960345679982,-1.7600246942270876,0.4981649114746936,1587.5732950000001,15568.77565341175,0.8537033238732872,0.007264285714285714
TOYOTA,PRIUS v,12-ZW2H,0,Car,3625,98,"2-Wheel Drive, Front",1.798,1,3.7,28.9,34.558,-0.34633,0.027725,153.72164258017236,-3.4461180028927365,0.6171137201481559,1644.2723412500002,16124.803355319313,1.057545447226973,0.009533241379310345
TOYOTA,PRIUS v,12-ZW2H,1,Car,3625,98,"2-Wheel Drive, Front",1.798,1,3.7,28.9,34.558,-0.34633,0.027725,153.72164258017236,-3.4461180028927365,0.6171137201481559,1644.2723412500002,16124.803355319313,1.057545447226973,0.009533241379310345
TOYOTA,PRIUS v,12-ZW2H,2,Car,3625,98,"2-Wheel Drive, Front",1.798,1,3.7,28.9,34.558,-0.34633,0.027725,153.72164258017236,-3.4461180028927365,0.6171137201481559,1644.2723412500002,16124.803355319313,1.057545447226973,0.009533241379310345
TOYOTA,PRIUS v,12-ZW2H,3,Car,3625,98,"2-Wheel Drive, Front",1.798,1,3.7,28.9,31.366,-0.41078,0.028127,139.52291918426084,-4.087420533099293,0.6260615908604935,1644.2723412500002,16124.803355319313,1.0728793794103904,0.008652689655172414
TOYOTA,PRIUS v,12-ZW2H,4,Car,3625,98,"2-Wheel Drive, Front",1.798,1,3.7,28.9,31.366,-0.41078,0.028127,139.52291918426084,-4.087420533099293,0.6260615908604935,1644.2723412500002,16124.803355319313,1.0728793794103904,0.008652689655172414
TOYOTA,PRIUS v,12-ZW2H,5,Car,3625,98,"2-Wheel Drive, Front",1.798,1,3.7,28.9,31.366,-0.41078,0.028127,139.52291918426084,-4.087420533099293,0.6260615908604935,1644.2723412500002,16124.803355319313,1.0728793794103904,0.008652689655172414
TOYOTA,RAV4,13-AA3A,0,Truck,3750,176,"2-Wheel Drive, Front",2.494,6,3.82,28.7,29.065,0.02702,0.027063,129.28756124754642,0.26885949365680634,0.6023786693731126,1700.9713875,16680.831057226875,1.0322940464672163,0.007750666666666666
TOYOTA,RAV4 AWD,13-AA1A,2,Truck,3875,176,"2-Wheel Drive, Front",2.494,6,4.07,30.6,33.417,0.07314,0.026719,148.64622171716013,0.7277714051095046,0.5947217849824555,1757.67043375,17236.858759134437,1.019172472658521,0.008623741935483872
Toyota,RAV4 EV,12-QA1E,0,Car,4250,1,"2-Wheel Drive, Front",0.001,1,9.73,0.0,32.246,0.27335,0.022058,143.43735420569007,2.719938659921836,0.49097545316602437,1927.7675725000001,18904.941864857126,0.8413827763726808,0.0075872941176470575
Toyota,RAV4 EV,12-QA1E,1,Car,4250,1,"2-Wheel Drive, Front",0.001,1,9.73,0.0,32.246,0.27335,0.022058,143.43735420569007,2.719938659921836,0.49097545316602437,1927.7675725000001,18904.941864857126,0.8413827763726808,0.0075872941176470575
TOYOTA,RAV4 Limited AWD,13-AA1A,1,Truck,3875,176,"2-Wheel Drive, Front",2.494,6,4.07,30.6,33.916,0.07513,0.026696,150.86588430317508,0.747572677958396,0.5942098421307547,1757.67043375,17236.858759134437,1.018295158130614,0.008752516129032255
TOYOTA,RAV4 Limited AWD,13-AA1A,3,Truck,3875,176,"2-Wheel Drive, Front",2.494,6,4.07,30.9,36.708,0.08866,0.026632,163.2853190529824,0.8822014325541248,0.5927853054999347,1757.67043375,17236.858759134437,1.0158539350964382,0.009473032258064515
TOYOTA,SCION xB,08-AE1A,0,Car,3500,158,"2-Wheel Drive, Front",2.362,4,2.74,39.1,33.72,-0.01516,0.025857,149.99403286658404,-0.15084788763276033,0.5755350572360999,1587.5732950000001,15568.77565341175,0.9862922499169646,0.009634285714285712
TOYOTA,SCION xB,08-AE1M,0,Car,3375,158,"2-Wheel Drive, Front",2.362,5,4.24,43.4,26.479,0.33718,0.022464,117.78446015048277,3.355071949341301,0.5000123574177882,1530.87424875,15012.747951504187,0.856869284995734,0.00784562962962963
TOYOTA,SCION xD,08-ZP1M,0,Car,3000,128,"2-Wheel Drive, Front",1.798,5,3.94,44.8,23.707,0.19351,0.020276,105.45398983298067,1.925499652758275,0.4513110113516325,1360.77711,13344.664845781499,0.773409972514846,0.007902333333333334
TOYOTA,Scion xD,10-ZP1A,0,Car,3000,128,"2-Wheel Drive, Front",1.798,4,4.13,40.3,29.484,-0.09632,0.023238,131.15136610434058,-0.9584214074398071,0.5172403472967665,1360.77711,13344.664845781499,0.8863928260652987,0.009828
TOYOTA,SEQUOIA 2WD,12-SK3A,0,Truck,6000,381,"2-Wheel Drive, Rear",5.663,6,4.3,27.3,54.425,0.31422,0.036817,242.09446141055267,3.1266110324515797,0.8194869552640094,2721.55422,26689.329691562998,1.4043516945195842,0.009070833333333332
TOYOTA,SEQUOIA 4WD,10-UK1A,1,Truck,6500,310,Part-time 4-Wheel Drive,4.608,6,3.91,24.9,45.274,0.76391,0.033085,201.38878540930386,7.6012011768827135,0.7364186629793236,2948.350405,28913.44049919325,1.2619978763392035,0.006965230769230769
TOYOTA,SEQUOIA 4WD,12-SK1A,0,Truck,6500,381,"2-Wheel Drive, Rear",5.663,6,4.3,27.3,60.09,0.37781,0.036357,267.29363686100345,3.7593562286631386,0.8092480982299912,2948.350405,28913.44049919325,1.3868054039614448,0.009244615384615384
TOYOTA,SEQUOIA 4WD,12-SK1A,1,Truck,6500,381,"2-Wheel Drive, Rear",5.663,6,4.3,27.4,52.312,0.47981,0.035723,232.69536913750724,4.774295842023399,0.7951362822309315,2948.350405,28913.44049919325,1.36262203827914,0.008048
TOYOTA,SEQUOIA 4WD FFV,12-SK4A,0,Truck,6500,381,"2-Wheel Drive, Rear",5.663,6,4.3,27.3,60.09,0.37781,0.036357,267.29363686100345,3.7593562286631386,0.8092480982299912,2948.350405,28913.44049919325,1.3868054039614448,0.009244615384615384
TOYOTA,SEQUOIA 4WD FFV,12-SK4A,1,Truck,6500,381,"2-Wheel Drive, Rear",5.663,6,4.3,27.3,60.09,0.37781,0.036357,267.29363686100345,3.7593562286631386,0.8092480982299912,2948.350405,28913.44049919325,1.3868054039614448,0.009244615384615384
TOYOTA,SEQUOIA 4WD FFV,12-SK4A,2,Truck,6500,381,"2-Wheel Drive, Rear",5.663,6,4.3,27.4,52.312,0.47981,0.035723,232.69536913750724,4.774295842023399,0.7951362822309315,2948.350405,28913.44049919325,1.36262203827914,0.008048
TOYOTA,SEQUOIA 4WD FFV,12-SK4A,3,Truck,6500,381,"2-Wheel Drive, Rear",5.663,6,4.3,27.4,52.312,0.47981,0.035723,232.69536913750724,4.774295842023399,0.7951362822309315,2948.350405,28913.44049919325,1.36262203827914,0.008048
TOYOTA,SIENNA,11-AL1A,0,Truck,4500,187,"2-Wheel Drive, Front",2.672,6,4.36,32.6,37.384,0.03816,0.029553,166.2923168648985,0.37970682005713285,0.6578020476659496,2041.165665,20016.99726867225,1.1272728801406215,0.008307555555555554
TOYOTA,SIENNA,11-AL2A,0,Truck,4500,187,"2-Wheel Drive, Front",2.672,6,4.36,32.6,41.538,0.0424,0.032836,184.77022945469062,0.42189646673014763,0.7308763251500396,2041.165665,20016.99726867225,1.2524999929718625,0.009230666666666665
TOYOTA,SIENNA,11-GL3A,2,Truck,4750,266,"2-Wheel Drive, Front",3.456,6,3.94,29.5,38.822,-0.04688,0.029979,172.68885954764312,-0.46647420661106886,0.6672841196148447,2154.5637575,21129.052672487374,1.1435222709618549,0.008173052631578947
TOYOTA,SIENNA,11-GL3A,3,Truck,4750,266,"2-Wheel Drive, Front",3.456,6,3.94,29.9,39.626,-0.05813,0.030287,176.26522972631255,-0.5784160757316859,0.6741397021506654,2154.5637575,21129.052672487374,1.1552706568138262,0.008342315789473684
TOYOTA,SIENNA,11-GL3A,4,Truck,4500,266,"2-Wheel Drive, Front",3.456,6,3.94,29.5,36.281,-0.04688,0.029973,161.3859284232662,-0.46647420661106886,0.6671505693057053,2041.165665,20016.99726867225,1.1432934063024007,0.008062444444444443
TOYOTA,SIENNA AWD,11-GL1A,1,Truck,5000,266,"2-Wheel Drive, Front",3.456,6,4.15,30.9,49.172,0.11379,0.028122,218.72795326558926,1.1322546921986674,0.6259502989362108,2267.96185,22241.1080763025,1.0726886588608455,0.009834399999999998
TOYOTA,TACOMA 2WD,12-GN2A,1,Truck,4500,236,"2-Wheel Drive, Rear",3.956,5,3.73,30.7,29.874,0.33719,0.032755,132.88617253429217,3.355171453224964,0.7290733959766582,2041.165665,20016.99726867225,1.2494103200692337,0.006638666666666666
TOYOTA,TACOMA 2WD,12-GN2A,2,Truck,4250,236,"2-Wheel Drive, Rear",3.956,5,3.73,30.7,29.874,0.33719,0.032755,132.88617253429217,3.355171453224964,0.7290733959766582,1927.7675725000001,18904.941864857126,1.2494103200692337,0.007029176470588235
TOYOTA,TACOMA 2WD,12-GN2A,3,Truck,4250,236,"2-Wheel Drive, Rear",3.956,5,3.73,30.9,32.624,0.41083,0.033447,145.11878197625856,4.087918052517606,0.7444761982973985,1927.7675725000001,18904.941864857126,1.2758060441262604,0.007676235294117647
TOYOTA,TACOMA 2WD,12-GN2M,0,Truck,4250,236,"2-Wheel Drive, Rear",3.956,6,3.15,34.3,45.172,0.33686,0.027231,200.9350668045473,3.3518878250640927,0.6061180780290149,1927.7675725000001,18904.941864857126,1.0387022569319282,0.01062870588235294
TOYOTA,TACOMA 2WD,13-TN2A,0,Truck,3625,159,"2-Wheel Drive, Rear",2.694,4,3.58,32.7,31.25,0.21775,0.026842,139.00692547689061,2.1666970667568313,0.5974595663198126,1644.2723412500002,16124.803355319313,1.0238641981773278,0.008620689655172414
TOYOTA,TACOMA 2WD,13-TN2A,1,Truck,4000,159,"2-Wheel Drive, Rear",2.694,4,3.58,32.7,33.552,0.21706,0.026853,149.24673163522027,2.1598312987841,0.5977044085532347,1814.36948,17792.886461042,1.0242837833863268,0.008388
TOYOTA,TACOMA 2WD,13-TN2M,0,Truck,3625,159,"2-Wheel Drive, Rear",2.694,5,3.31,34.6,26.682,0.32131,0.026062,118.68744913838064,3.1971592859684836,0.5800980261316948,1644.2723412500002,16124.803355319313,0.994111792448309,0.00736055172413793
TOYOTA,TACOMA 2WD,13-TN2M,1,Truck,3875,159,"2-Wheel Drive, Rear",2.694,5,3.31,34.6,28.285,0.32062,0.026073,125.81794838764323,3.190293517995753,0.5803428683651171,1757.67043375,17236.858759134437,0.9945313776573081,0.0072993548387096764
TOYOTA,TACOMA 4WD,12-GN1A,0,Truck,4500,236,"2-Wheel Drive, Rear",3.956,5,3.73,30.7,34.213,0.4244,0.032109,152.1870061229075,4.222944822647987,0.7146944793593197,2041.165665,20016.99726867225,1.2247692250680209,0.007602888888888889
TOYOTA,TACOMA 4WD,12-GN1M,0,Truck,4500,236,"2-Wheel Drive, Rear",3.956,6,3.73,36.2,50.359,0.31208,0.034716,224.0079923229035,3.1053172013477472,0.7727220886803745,2041.165665,20016.99726867225,1.324210919600779,0.011190888888888887
TOYOTA,TACOMA 4WD,12-GN1M,1,Truck,4500,236,"2-Wheel Drive, Rear",3.956,6,3.73,36.4,35.614,0.39795,0.032318,158.41896460588742,3.959757050359959,0.7193464817943411,2041.165665,20016.99726867225,1.2327413440390016,0.007914222222222222
TOYOTA,TACOMA 4WD,13-TN1A,0,Truck,4250,159,"2-Wheel Drive, Rear",2.694,4,4.1,32.8,33.813,0.38146,0.032586,150.4077174768033,3.79567514620005,0.7253117289358993,1927.7675725000001,18904.941864857126,1.242963965494613,0.007956
TOYOTA,TACOMA 4WD,13-TN1A,1,Truck,4000,159,"2-Wheel Drive, Rear",2.694,4,4.1,32.8,31.754,0.3824,0.03258,141.2488291709819,3.80502851126435,0.7251781786267599,1814.36948,17792.886461042,1.2427351008351588,0.0079385
TOYOTA,TACOMA 4WD,13-TN1M,0,Truck,4250,159,"2-Wheel Drive, Rear",2.694,5,4.1,37.5,34.114,0.34902,0.032947,151.74663218299668,3.4728845475980217,0.7333470058691178,1927.7675725000001,18904.941864857126,1.256733989171761,0.008026823529411763
TOYOTA,TACOMA 4WD,13-TN1M,1,Truck,4000,159,"2-Wheel Drive, Rear",2.694,5,4.1,37.5,31.882,0.34807,0.032952,141.81820153773526,3.4634316786500583,0.7334582977934008,1814.36948,17792.886461042,1.2569247097213063,0.0079705
TOYOTA,TOYOTA TUNDRA 2WD,10-UK3A,4,Truck,5250,310,"2-Wheel Drive, Rear",4.608,6,4.1,25.9,34.407,0.099,0.042897,153.049961116268,0.9850884482614296,0.9548179351919007,2381.3599425,23353.163480117626,1.6362678827662926,0.006553714285714285
TOYOTA,TOYOTA TUNDRA 2WD,10-UK3A,5,Truck,5500,310,"2-Wheel Drive, Rear",4.608,6,4.1,25.9,34.794,0.37996,0.037863,154.7714228813738,3.7807495636506343,0.8427692258239722,2494.7580350000003,24465.21888393275,1.444250433484396,0.006326181818181817
TOYOTA,TUNDRA 2WD,12-SK3A,1,Truck,5500,381,"2-Wheel Drive, Rear",5.663,6,4.3,27.3,34.566,0.40338,0.038644,153.75722835309443,4.013787659188843,0.8601530243969464,2494.7580350000003,24465.21888393275,1.4740409833233237,0.0062847272727272726
TOYOTA,TUNDRA 2WD,13-GK1A,0,Truck,5250,270,"2-Wheel Drive, Rear",3.956,5,3.91,30.2,28.948,0.61625,0.035327,128.76711931856096,6.131926830718242,0.7863219618277333,2381.3599425,23353.163480117626,1.3475169707551768,0.0055139047619047615
TOYOTA,TUNDRA 2WD,13-GK1A,1,Truck,5000,270,"2-Wheel Drive, Rear",3.956,5,3.91,30.2,26.911,0.61495,0.035327,119.70609188827531,6.118991325842082,0.7863219618277333,2267.96185,22241.1080763025,1.3475169707551768,0.0053822
TOYOTA,TUNDRA 4WD,12-SK2A,0,Truck,6000,381,"2-Wheel Drive, Rear",5.663,6,4.3,27.5,55.635,0.52734,0.040559,247.4768095650179,5.247237801072548,0.9027778313972609,2721.55422,26689.329691562998,1.547086953799055,0.0092725
TOYOTA,TUNDRA 4WD,12-SK2A,1,Truck,6000,381,"2-Wheel Drive, Rear",5.663,6,4.3,27.3,39.793,0.54745,0.040751,177.00808273606106,5.44734011111838,0.9070514412897206,2721.55422,26689.329691562998,1.5544106229015826,0.006632166666666666
TOYOTA,TUNDRA 4WD,12-SK2A,2,Truck,5500,381,"2-Wheel Drive, Rear",5.663,6,4.3,27.5,52.663,0.30695,0.043638,234.2566949244637,3.0542717090287455,0.9713113983706125,2494.7580350000003,24465.21888393275,1.6645326682088604,0.009575090909090908
TOYOTA,TUNDRA 4WD FFV,12-SK4A,4,Truck,6000,381,"2-Wheel Drive, Rear",5.663,6,4.3,27.3,40.074,0.54817,0.040728,178.25803300994926,5.4545043907421,0.9065394984380198,2721.55422,26689.329691562998,1.553533308373676,0.006679
TOYOTA,TUNDRA 4WD FFV,12-SK4A,5,Truck,6000,381,"2-Wheel Drive, Rear",5.663,6,4.3,27.3,40.074,0.54817,0.040728,178.25803300994926,5.4545043907421,0.9065394984380198,2721.55422,26689.329691562998,1.553533308373676,0.006679
TOYOTA,TUNDRA 4WD FFV,12-SK4A,6,Truck,5500,381,"2-Wheel Drive, Rear",5.663,6,4.3,27.3,37.347,0.63046,0.039122,166.1277326651339,6.27332184940304,0.8707925323583826,2494.7580350000003,24465.21888393275,1.4922738678598246,0.006790363636363636
TOYOTA,TUNDRA 4WD FFV,12-SK4A,7,Truck,5500,381,"2-Wheel Drive, Rear",5.663,6,4.3,27.3,37.347,0.63046,0.039122,166.1277326651339,6.27332184940304,0.8707925323583826,2494.7580350000003,24465.21888393275,1.4922738678598246,0.006790363636363636
TOYOTA,VENZA,12-GV6A,0,Truck,4250,268,"2-Wheel Drive, Front",3.456,6,4.4,31.5,30.081,0.22593,0.025416,133.80695440865108,2.248091243592978,0.5657191095143564,1927.7675725000001,18904.941864857126,0.9694706974470965,0.007077882352941175
TOYOTA,VENZA,13-AV2A,0,Truck,4250,181,"2-Wheel Drive, Front",2.672,6,4.36,31.0,31.902,0.03223,0.026143,141.90716597004047,0.32070101704510984,0.5819009553050764,1927.7675725000001,18904.941864857126,0.997201465350938,0.00750635294117647
TOYOTA,VENZA AWD,12-GV5A,0,Truck,4500,268,"2-Wheel Drive, Front",3.456,6,4.4,31.5,42.027,0.02872,0.027383,186.94540982455302,0.28577515387947733,0.609501352527212,2041.165665,20016.99726867225,1.0445001616380956,0.009339333333333333
TOYOTA,VENZA AWD,13-AV1A,0,Truck,4250,181,"2-Wheel Drive, Front",2.672,6,4.36,31.0,37.342,0.0331,0.026597,166.10549155705758,0.32935785492377084,0.592006262029955,1927.7675725000001,18904.941864857126,1.014518891249623,0.008786352941176469
TOYOTA,YARIS,12-NP1A,0,Car,2625,106,"2-Wheel Drive, Front",1.497,4,4.24,43.4,20.941,0.17142,0.019375,93.15020884517011,1.7056955737472146,0.43125620659587094,1190.67997125,11676.581740058813,0.7390421294868387,0.007977523809523808
TOYOTA,YARIS,12-NP1M,0,Car,2625,106,"2-Wheel Drive, Front",1.497,5,3.72,44.6,19.326,0.18784,0.019997,85.96633093652441,1.8690809507214843,0.44510092197665196,1190.67997125,11676.581740058813,0.7627677658502356,0.007362285714285714
TOYOTA,YARIS,12-NP1M,1,Car,2625,106,"2-Wheel Drive, Front",1.497,5,3.72,44.3,16.973,0.2294,0.018688,75.49966547581646,2.282619091223959,0.4159646961994135,1190.67997125,11676.581740058813,0.712837125979357,0.00646590476190476
AUDI,A3,AU353 00261/10,0,Car,3750,140,"2-Wheel Drive, Front",1.968,6,3.04,32.0,29.0,0.21,0.0168,128.9984268425545,2.089581556918184,0.37394086559022616,1700.9713875,16680.831057226875,0.6408210464711686,0.007733333333333333
AUDI,Audi A8 W12,AU641 10375/13,0,Car,5250,500,"2-Wheel Drive, Front",6.299,8,2.88,39.1,50.132,0.39789,0.017926,222.99824601623936,3.9591600270579823,0.39900380693871396,2381.3599425,23353.163480117626,0.6837713142287004,0.00954895238095238
AUDI,Audi A8 W12,AU641 10375/13,0,Car,5250,500,"2-Wheel Drive, Front",6.299,8,2.88,39.1,55.146,0.43768,0.019718,245.30162919515553,4.355085980152146,0.4388908326016714,2381.3599425,23353.163480117626,0.7521255591856251,0.010504
VOLKSWAGEN,Beetle,VW 324 10048,0,Car,3375,200,"2-Wheel Drive, Front",1.984,6,3.09,33.3,31.698,0.13384,0.021825,140.99972876052732,1.3317599789425223,0.48578924949444563,1530.87424875,15012.747951504187,0.8324951987638842,0.009392
VOLKSWAGEN,Beetle,VW 324 10048,0,Car,3375,200,"2-Wheel Drive, Front",1.984,6,3.09,33.3,34.868,0.14722,0.024008,155.1005912809031,1.4648961752833096,0.5343793036363185,1530.87424875,15012.747951504187,0.9157637906952271,0.010331259259259259
VOLKSWAGEN,Beetle,VW 324 10048,1,Car,3500,200,"2-Wheel Drive, Front",1.984,6,3.09,33.3,33.047,0.13384,0.022582,147.00037971951372,1.3317599789425223,0.5026388468308624,1587.5732950000001,15568.77565341175,0.8613702899649958,0.009441999999999997
VOLKSWAGEN,Beetle,VW 324 10048,1,Car,3500,200,"2-Wheel Drive, Front",1.984,6,3.09,33.3,36.352,0.14722,0.02484,161.70175215794967,1.4648961752833096,0.5528982798369773,1587.5732950000001,15568.77565341175,0.9474996901395135,0.010386285714285712
VOLKSWAGEN,Beetle,VW324 10220/13,1,Car,3500,140,"2-Wheel Drive, Front",1.968,6,3.04,30.3,29.225,0.2532,0.020661,129.9992767059881,2.519438334341353,0.4598804895214085,1587.5732950000001,15568.77565341175,0.7880954548298102,0.00835
VOLKSWAGEN,Beetle,VW324 2 0133 / 12,0,Car,3375,170,"2-Wheel Drive, Front",2.48,5,3.65,31.7,28.101,0.13384,0.021592,124.9994756104353,1.3317599789425223,0.4806030458228669,1530.87424875,15012.747951504187,0.8236076211550876,0.008326222222222221
VOLKSWAGEN,Beetle,VW324 2 0133 / 12,0,Car,3375,170,"2-Wheel Drive, Front",2.48,5,3.65,31.7,30.911,0.14722,0.023752,137.4989783493173,1.4648961752833096,0.5286811571130388,1530.87424875,15012.747951504187,0.9059988985585234,0.009158814814814814
VOLKSWAGEN,Beetle,VW324 20168/13,0,Car,3625,140,"2-Wheel Drive, Front",1.968,6,2.92,27.6,29.0,0.14469,0.022756,128.9984268425545,1.4397216927166288,0.5065118057959039,1644.2723412500002,16124.803355319313,0.8680073650891613,0.008
VOLKSWAGEN,Beetle,VW324 20168/13,1,Car,3375,140,"2-Wheel Drive, Front",1.968,6,2.92,27.6,28.551,0.14469,0.022174,127.00117533730251,1.4397216927166288,0.4935574258093854,1530.87424875,15012.747951504187,0.8458074931221244,0.008459555555555555
Volkswagen,Beetle,VW324-1-0132,0,Car,3375,170,"2-Wheel Drive, Front",2.48,6,3.5,31.0,28.101,0.29299,0.020952,124.9994756104353,2.9153642874355175,0.4663576795146677,1530.87424875,15012.747951504187,0.7991953908133287,0.008326222222222221
Volkswagen,Beetle,VW324-1-0132,0,Car,3375,170,"2-Wheel Drive, Front",2.48,6,3.5,31.0,30.911,0.32229,0.023047,137.4989783493173,3.206910666567436,0.5129889957891632,1530.87424875,15012.747951504187,0.8791073010726799,0.009158814814814814
VOLKSWAGEN,Beetle,VW324-1-0132,1,Car,3500,170,"2-Wheel Drive, Front",2.48,6,3.5,31.0,30.124,0.29299,0.021243,133.99822793810728,2.9153642874355175,0.47283486950792714,1587.5732950000001,15568.77565341175,0.8102953267968473,0.00860685714285714
VOLKSWAGEN,Beetle,VW324-1-0132,1,Car,3500,170,"2-Wheel Drive, Front",2.48,6,3.5,31.0,33.137,0.32229,0.023367,147.4007196648872,3.206910666567436,0.5201116789432627,1587.5732950000001,15568.77565341175,0.8913134162435591,0.009467714285714286
VOLKSWAGEN,Beetle,VW324-1-240 / 12,0,Car,3375,170,"2-Wheel Drive, Front",2.48,6,3.5,31.0,28.101,0.29299,0.020952,124.9994756104353,2.9153642874355175,0.4663576795146677,1530.87424875,15012.747951504187,0.7991953908133287,0.008326222222222221
VOLKSWAGEN,Beetle,VW324-1-240 / 12,0,Car,3375,170,"2-Wheel Drive, Front",2.48,6,3.5,31.0,30.911,0.32229,0.023047,137.4989783493173,3.206910666567436,0.5129889957891632,1530.87424875,15012.747951504187,0.8791073010726799,0.009158814814814814
VOLKSWAGEN,Beetle,VW324-1-240 / 12,2,Car,3500,170,"2-Wheel Drive, Front",2.48,6,3.5,31.0,30.124,0.29299,0.021243,133.99822793810728,2.9153642874355175,0.47283486950792714,1587.5732950000001,15568.77565341175,0.8102953267968473,0.00860685714285714
VOLKSWAGEN,Beetle,VW324-1-240 / 12,2,Car,3500,170,"2-Wheel Drive, Front",2.48,6,3.5,31.0,33.137,0.32229,0.023367,147.4007196648872,3.206910666567436,0.5201116789432627,1587.5732950000001,15568.77565341175,0.8913134162435591,0.009467714285714286
VOLKSWAGEN,Beetle,VW324-1-240 / 12,3,Car,3625,170,"2-Wheel Drive, Front",2.48,6,3.5,31.0,33.631,0.55705,0.014661,149.59814114282585,5.54286383943464,0.326330180382042,1644.2723412500002,16124.803355319313,0.5592307953758215,0.00927751724137931
VOLKSWAGEN,Beetle,VW324-2-0132 / 12,0,Car,3375,170,"2-Wheel Drive, Front",2.48,5,3.65,31.7,28.101,0.13384,0.021592,124.9994756104353,1.3317599789425223,0.4806030458228669,1530.87424875,15012.747951504187,0.8236076211550876,0.008326222222222221
VOLKSWAGEN,Beetle,VW324-2-0132 / 12,0,Car,3375,170,"2-Wheel Drive, Front",2.48,5,3.65,31.7,30.911,0.14722,0.023752,137.4989783493173,1.4648961752833096,0.5286811571130388,1530.87424875,15012.747951504187,0.9059988985585234,0.009158814814814814
Volkswagen,CC,475  1/5 ,1,Car,3625,200,"2-Wheel Drive, Front",1.984,6,3.14,32.4,36.0,0.29,0.0165,160.135978149378,2.885612626220349,0.36726335013325784,1644.2723412500002,16124.803355319313,0.6293778134984691,0.00993103448275862
Volkswagen,CC,475  1/5 ,1,Car,3625,200,"2-Wheel Drive, Front",1.984,6,3.14,32.4,40.0,0.32,0.0181,177.92886461042,3.184124277208661,0.4028767659037556,1644.2723412500002,16124.803355319313,0.6904083893528662,0.011034482758620689
Volkswagen,Eos,477  7/10,0,Car,3875,200,"2-Wheel Drive, Front",1.984,6,3.14,32.4,39.0,0.29,0.0171,173.48064299515949,2.885612626220349,0.3806183810471945,1757.67043375,17236.858759134437,0.652264279443868,0.010064516129032258
Volkswagen,Eos,477  7/10,0,Car,3875,200,"2-Wheel Drive, Front",1.984,6,3.14,32.4,42.0,0.32,0.0187,186.82530784094098,3.184124277208661,0.41623179681769223,1757.67043375,17236.858759134437,0.713294855298265,0.010838709677419353
VOLKSWAGEN,Eos,VW465 00127,0,Car,3500,200,"2-Wheel Drive, Front",1.984,6,3.14,32.4,28.551,0.20546,0.016762,127.00117533730251,2.044406793735286,0.3730950469656768,1587.5732950000001,15568.77565341175,0.6393715702946265,0.008157428571428569
VOLKSWAGEN,Eos,VW465 00127,0,Car,3500,200,"2-Wheel Drive, Front",1.984,6,3.14,32.4,31.406,0.226,0.018438,139.70084804887125,2.248787770778617,0.4104000999852732,1587.5732950000001,15568.77565341175,0.7033010985021074,0.008973142857142857
VOLKSWAGEN,EOS,VW465 00127,1,Car,3500,200,"2-Wheel Drive, Front",1.984,6,3.14,32.4,32.148,0.28937,0.020603,143.00142848739455,2.879343881549595,0.45858950319972797,1587.5732950000001,15568.77565341175,0.7858830964550885,0.009185142857142857
VOLKSWAGEN,EOS,VW465 00127,1,Car,3500,200,"2-Wheel Drive, Front",1.984,6,3.14,32.4,35.362,0.31831,0.022663,157.2980127588418,3.167308120869653,0.5044417760042438,1587.5732950000001,15568.77565341175,0.8644599628676246,0.01010342857142857
VOLKSWAGEN,EOS,VW465 00127,2,Car,3625,200,"2-Wheel Drive, Front",1.984,6,3.14,32.4,33.272,0.28937,0.02136,148.00122958294733,2.879343881549595,0.4754391005361447,1644.2723412500002,16124.803355319313,0.8147581876562,0.009178482758620689
Volkswagen,Golf,VW360 00190/10,0,Car,3500,140,"2-Wheel Drive, Front",1.968,6,2.76,27.5,30.0,0.13,0.0181,133.446648457815,1.2935504876160187,0.4028767659037556,1587.5732950000001,15568.77565341175,0.6904083893528662,0.008571428571428572
Volkswagen,Golf,VW360 00190/10,1,Car,3375,140,"2-Wheel Drive, Front",1.968,6,2.76,27.5,30.0,0.13,0.0181,133.446648457815,1.2935504876160187,0.4028767659037556,1530.87424875,15012.747951504187,0.6904083893528662,0.008888888888888889
Volkswagen,Golf,VW360 00191/10,0,Car,3500,140,"2-Wheel Drive, Front",1.968,6,3.04,31.9,29.0,0.21,0.0168,128.9984268425545,2.089581556918184,0.37394086559022616,1587.5732950000001,15568.77565341175,0.6408210464711686,0.008285714285714285
Volkswagen,Golf,VW360 00191/10,1,Car,3375,140,"2-Wheel Drive, Front",1.968,6,3.04,31.9,29.0,0.21,0.0168,128.9984268425545,2.089581556918184,0.37394086559022616,1530.87424875,15012.747951504187,0.6408210464711686,0.008592592592592593
Volkswagen,Jetta,354  1/10,0,Car,3625,140,"2-Wheel Drive, Front",1.968,6,2.76,27.5,30.0,0.2,0.0186,133.446648457815,1.9900776732554133,0.41400595833203613,1644.2723412500002,16124.803355319313,0.7094804443073652,0.008275862068965517
VOLKSWAGEN,Jetta,386  7/11,0,Car,3500,140,"2-Wheel Drive, Front",1.968,6,3.04,32.0,33.047,0.28937,0.016587,147.00037971951372,2.879343881549595,0.3691998296157787,1587.5732950000001,15568.77565341175,0.632696351060552,0.009441999999999997
VOLKSWAGEN,Jetta,392  8/11,0,Car,3500,140,"2-Wheel Drive, Front",1.968,6,2.76,27.5,31.473,0.13384,0.017809,139.9988788970937,1.3317599789425223,0.39639957591049624,1587.5732950000001,15568.77565341175,0.6793084533693475,0.008992285714285713
VOLKSWAGEN,Jetta,VW 361 40129,0,Car,3625,140,"2-Wheel Drive, Front",1.968,6,3.04,30.3,30.799,0.2532,0.021243,137.00077752840812,2.519438334341353,0.47283486950792714,1644.2723412500002,16124.803355319313,0.8102953267968473,0.008496275862068964
VOLKSWAGEN,Jetta,VW361 00464,0,Car,3500,200,"2-Wheel Drive, Front",1.984,6,2.92,32.8,30.124,0.19533,0.018566,133.99822793810728,1.9436093595848993,0.413249173246913,1587.5732950000001,15568.77565341175,0.7081835445704592,0.00860685714285714
VOLKSWAGEN,Jetta,VW361 00464,0,Car,3500,200,"2-Wheel Drive, Front",1.984,6,2.92,32.8,33.137,0.21486,0.020423,147.4007196648872,2.1379404443782906,0.45458299392554696,1587.5732950000001,15568.77565341175,0.7790171566714688,0.009467714285714286
VOLKSWAGEN,Jetta,VW36100221,0,Car,3250,115,"2-Wheel Drive, Front",1.984,5,3.93,36.6,27.0,0.134,0.0168,120.1019836120335,1.333352041081127,0.37394086559022616,1474.1752025,14456.720249596625,0.6408210464711686,0.008307692307692308
VOLKSWAGEN,Jetta,VW36100221,0,Car,3250,115,"2-Wheel Drive, Front",1.984,5,3.93,36.6,30.0,0.147,0.0184,133.446648457815,1.4627070898427288,0.40955428136072386,1474.1752025,14456.720249596625,0.7018516223255655,0.009230769230769232
VOLKSWAGEN,Jetta,VW36100250,0,Car,3250,115,"2-Wheel Drive, Front",1.984,6,3.69,35.0,31.0,0.557,0.0144,137.89487007307548,5.542366320016327,0.3205207419344796,1474.1752025,14456.720249596625,0.5492751826895731,0.009538461538461537
VOLKSWAGEN,Jetta,VW36100250,0,Car,3250,115,"2-Wheel Drive, Front",1.984,6,3.69,35.0,28.0,0.506,0.0131,124.55020522729399,5.034896513336196,0.29158484162095016,1474.1752025,14456.720249596625,0.49968783980787546,0.008615384615384615
VOLKSWAGEN,Jetta Hybrid,VW361 730385/13,0,Car,3625,150,"2-Wheel Drive, Front",1.395,7,3.23,29.2,27.876,0.05426,0.01618,123.9986257470017,0.5399080727541937,0.36014066697915825,1644.2723412500002,16124.803355319313,0.6171716983275897,0.007689931034482758
VOLKSWAGEN,JETTA SPORTWAGEN,VW351 780169/09,2,Car,3750,140,"2-Wheel Drive, Front",1.968,6,3.04,32.0,35.0,0.18,0.0193,155.68775653411748,1.791069905929872,0.4295868277316289,1700.9713875,16680.831057226875,0.7361813212436639,0.009333333333333332
VOLKSWAGEN,NMS,VW411 1 01 68 / 12,0,Car,3625,170,"2-Wheel Drive, Front",2.48,6,3.5,31.0,30.574,0.5064,0.013328,135.99992766497454,5.038876668682706,0.29665975336824607,1644.2723412500002,16124.803355319313,0.5083846968671271,0.008434206896551725
VOLKSWAGEN,NMS,VW411 1 0192 / 12,0,Car,3625,170,"2-Wheel Drive, Front",2.48,6,3.5,31.0,30.574,0.5064,0.013328,135.99992766497454,5.038876668682706,0.29665975336824607,1644.2723412500002,16124.803355319313,0.5083846968671271,0.008434206896551725
VOLKSWAGEN,NMS,VW411 1 0192 / 12,0,Car,3625,170,"2-Wheel Drive, Front",2.48,6,3.5,31.0,33.631,0.55705,0.014661,149.59814114282585,5.54286383943464,0.326330180382042,1644.2723412500002,16124.803355319313,0.5592307953758215,0.00927751724137931
VOLKSWAGEN,NMS,VW411 1 0204,0,Car,3625,170,"2-Wheel Drive, Front",2.48,5,3.65,31.7,32.89,0.14722,0.018886,146.30200892591785,1.4648961752833096,0.4203718564010126,1644.2723412500002,16124.803355319313,0.7203896597413386,0.009073103448275862
VOLKSWAGEN,NMS,VW411 1 0204,0,Car,3625,170,"2-Wheel Drive, Front",2.48,5,3.65,31.7,29.9,0.13384,0.017169,133.00182629628893,1.3317599789425223,0.38215420960229723,1644.2723412500002,16124.803355319313,0.6548962230275889,0.008248275862068964
VOLKSWAGEN,NMS,VW411 2 01 06 / 12,0,Car,3625,170,"2-Wheel Drive, Front",2.48,5,3.65,31.9,32.89,0.14722,0.018886,146.30200892591785,1.4648961752833096,0.4203718564010126,1644.2723412500002,16124.803355319313,0.7203896597413386,0.009073103448275862
VOLKSWAGEN,NMS,VW411 2 01 06 / 12,0,Car,3625,170,"2-Wheel Drive, Front",2.48,5,3.65,31.9,29.9,0.13384,0.017169,133.00182629628893,1.3317599789425223,0.38215420960229723,1644.2723412500002,16124.803355319313,0.6548962230275889,0.008248275862068964
VOLKSWAGEN,Passat,411 10206 /12,0,Car,3750,280,"2-Wheel Drive, Front",3.596,6,3.44,31.1,33.721,0.28937,0.017868,149.9984810881993,2.879343881549595,0.3977128206170334,1700.9713875,16680.831057226875,0.6815589558539785,0.008992266666666665
VOLKSWAGEN,Passat,411 10206 /12,0,Car,3750,280,"2-Wheel Drive, Front",3.596,6,3.44,31.1,37.093,0.31831,0.019654,164.99788437485773,3.167308120869653,0.4374662959708515,1700.9713875,16680.831057226875,0.7496843361514492,0.009891466666666668
VOLKSWAGEN,Passat,411 10207 /12,0,Car,3750,140,"2-Wheel Drive, Front",1.968,6,2.92,27.6,31.024,0.13384,0.01746,138.00162739184174,1.3317599789425223,0.3886313995955565,1700.9713875,16680.831057226875,0.6659961590111073,0.008273066666666665
VOLKSWAGEN,Passat,411 10207 /12,0,Car,3750,140,"2-Wheel Drive, Front",1.968,6,2.92,27.6,34.126,0.14722,0.019206,151.8000108423798,1.4648961752833096,0.4274945395551122,1700.9713875,16680.831057226875,0.7325957749122182,0.009100266666666666
VOLKSWAGEN,Passat,411 10208 /12,0,Car,3750,140,"2-Wheel Drive, Front",1.968,6,3.04,30.3,31.473,0.28937,0.016005,139.9988788970937,2.879343881549595,0.3562454496292601,1700.9713875,16680.831057226875,0.610496479093515,0.008392799999999999
VOLKSWAGEN,Passat,411 10208 /12,0,Car,3750,140,"2-Wheel Drive, Front",1.968,6,3.04,30.3,34.621,0.31831,0.017606,154.00188054193376,3.167308120869653,0.3918811237846144,1700.9713875,16680.831057226875,0.6715651990578211,0.009232266666666666
Volkswagen,Passat,461 90010/10,1,Car,3625,200,"2-Wheel Drive, Front",1.984,6,3.14,32.4,36.0,0.29,0.0165,160.135978149378,2.885612626220349,0.36726335013325784,1644.2723412500002,16124.803355319313,0.6293778134984691,0.00993103448275862
Volkswagen,Passat,461 90010/10,1,Car,3625,200,"2-Wheel Drive, Front",1.984,6,3.14,32.4,40.0,0.32,0.0181,177.92886461042,3.184124277208661,0.4028767659037556,1644.2723412500002,16124.803355319313,0.6904083893528662,0.011034482758620689
VOLKSWAGEN,Passat,467  3/13,0,Car,3625,200,"2-Wheel Drive, Front",1.984,6,2.92,33.0,33.721,0.13384,0.017926,149.9984810881993,1.3317599789425223,0.39900380693871396,1644.2723412500002,16124.803355319313,0.6837713142287004,0.009302344827586205
VOLKSWAGEN,Passat,467  3/13,0,Car,3625,200,"2-Wheel Drive, Front",1.984,6,2.92,33.0,37.093,0.14722,0.019718,164.99788437485773,1.4648961752833096,0.4388908326016714,1644.2723412500002,16124.803355319313,0.7521255591856251,0.010232551724137931
VOLKSWAGEN,PASSAT CC 4MOTION,VW461 90122/09,0,Car,4250,280,"2-Wheel Drive, Front",3.596,6,3.45,32.4,42.0,0.47,0.017,186.82530784094098,4.67668253215022,0.3783925425615384,1927.7675725000001,18904.941864857126,0.6484498684529683,0.009882352941176469
VOLKSWAGEN,PASSAT CC 4MOTION,VW461 90122/09,0,Car,4250,280,"2-Wheel Drive, Front",3.596,6,3.45,32.4,46.0,0.52,0.0187,204.61819430198298,5.174201950464075,0.41623179681769223,1927.7675725000001,18904.941864857126,0.713294855298265,0.010823529411764704
VOLKSWAGEN,PASSAT CC 4MOTION,VW461 90122/09,1,Car,4000,280,"2-Wheel Drive, Front",3.596,6,3.45,32.4,39.0,0.51,0.015,173.48064299515949,5.074698066801304,0.3338757728484162,1814.36948,17792.886461042,0.5721616486349719,0.00975
VOLKSWAGEN,PASSAT CC 4MOTION,VW461 90122/09,1,Car,4000,280,"2-Wheel Drive, Front",3.596,6,3.45,32.4,43.0,0.56,0.0165,191.2735294562015,5.572217485115158,0.36726335013325784,1814.36948,17792.886461042,0.6293778134984691,0.010750000000000001
VOLKSWAGEN,Passat wagon,VW462 8-0062/13,0,Both,3625,200,"2-Wheel Drive, Front",1.984,6,2.92,32.5,33.721,0.13384,0.017926,149.9984810881993,1.3317599789425223,0.39900380693871396,1644.2723412500002,16124.803355319313,0.6837713142287004,0.009302344827586205
VOLKSWAGEN,Passat wagon,VW462 8-0062/13,0,Both,3625,200,"2-Wheel Drive, Front",1.984,6,2.92,32.5,37.093,0.14722,0.019718,164.99788437485773,1.4648961752833096,0.4388908326016714,1644.2723412500002,16124.803355319313,0.7521255591856251,0.010232551724137931
VOLKSWAGEN,Tiguan,VW316 20145,0,Both,4000,200,"2-Wheel Drive, Front",1.984,6,3.54,30.2,42.039,0.47023,0.023746,186.99878848393615,4.678971121474464,0.5285476068038995,1814.36948,17792.886461042,0.9057700338990695,0.01050975
VOLKSWAGEN,Tiguan,VW316 20145,1,Both,4000,200,"2-Wheel Drive, Front",1.984,6,3.54,30.2,35.52,0.34725,0.024502,158.00083177405295,3.4552723601897113,0.5453749457554595,1814.36948,17792.886461042,0.934606980990272,0.00888
VOLKSWAGEN,Tiguan,VW316 20145,2,Both,3875,200,"2-Wheel Drive, Front",1.984,6,3.54,30.2,33.721,0.38342,0.022582,149.9984810881993,3.8151779073979526,0.5026388468308624,1757.67043375,17236.858759134437,0.8613702899649958,0.008702193548387097
VOLKSWAGEN,Tiguan,VW316 20145,3,Both,3875,200,"2-Wheel Drive, Front",1.984,6,3.54,30.2,40.016,0.5064,0.021825,178.00003615626414,5.038876668682706,0.48578924949444563,1757.67043375,17236.858759134437,0.8324951987638842,0.010326709677419353
VOLKSWAGEN,Touareg,VW526 10366 /11,0,Truck,5250,280,"2-Wheel Drive, Front",3.596,8,3.7,44.1,43.0,0.123,0.0279,191.2735294562015,1.2238977690520791,0.6210089374980542,2381.3599425,23353.163480117626,1.0642206664610478,0.008190476190476189
VW,Jetta,VW36100218,0,Car,3500,170,"2-Wheel Drive, Front",2.48,5,3.39,31.1,31.0,0.134,0.0178,137.89487007307548,1.333352041081127,0.3961992504467872,1587.5732950000001,15568.77565341175,0.6789651563801666,0.008857142857142855
VW,Jetta,VW36100218,0,Car,3500,170,"2-Wheel Drive, Front",2.48,5,3.39,31.1,35.0,0.147,0.0196,155.68775653411748,1.4627070898427288,0.4362643431885972,1587.5732950000001,15568.77565341175,0.7476245542163633,0.009999999999999998
VW,Jetta,VW36100218,1,Car,3375,170,"2-Wheel Drive, Front",2.48,5,3.39,31.1,31.0,0.134,0.0178,137.89487007307548,1.333352041081127,0.3961992504467872,1530.87424875,15012.747951504187,0.6789651563801666,0.009185185185185185
VW,Jetta,VW36100220,0,Car,3625,170,"2-Wheel Drive, Front",2.48,6,3.5,32.7,37.0,0.322,0.0188,164.5841997646385,3.204025053941215,0.4184576353033484,1644.2723412500002,16124.803355319313,0.7171092662891649,0.010206896551724137
VW,Jetta,VW36100220,0,Car,3625,170,"2-Wheel Drive, Front",2.48,6,3.5,32.7,33.0,0.293,0.0171,146.7913133035965,2.9154637913191803,0.3806183810471945,1644.2723412500002,16124.803355319313,0.652264279443868,0.00910344827586207
VW,Jetta,VW36100220,1,Car,3500,170,"2-Wheel Drive, Front",2.48,6,3.5,32.7,33.0,0.293,0.0171,146.7913133035965,2.9154637913191803,0.3806183810471945,1587.5732950000001,15568.77565341175,0.652264279443868,0.009428571428571429
VW,Jetta,VW36100220,2,Car,3375,170,"2-Wheel Drive, Front",2.48,6,3.5,32.7,33.0,0.293,0.0171,146.7913133035965,2.9154637913191803,0.3806183810471945,1530.87424875,15012.747951504187,0.652264279443868,0.009777777777777778
VW,Jetta,VW36100222,0,Car,3500,170,"2-Wheel Drive, Front",2.48,5,3.39,31.1,31.0,0.134,0.0178,137.89487007307548,1.333352041081127,0.3961992504467872,1587.5732950000001,15568.77565341175,0.6789651563801666,0.008857142857142855
VW,Jetta,VW36100222,0,Car,3500,170,"2-Wheel Drive, Front",2.48,5,3.39,31.1,35.0,0.147,0.0196,155.68775653411748,1.4627070898427288,0.4362643431885972,1587.5732950000001,15568.77565341175,0.7476245542163633,0.009999999999999998
VW,Jetta,VW36100222,1,Car,3375,170,"2-Wheel Drive, Front",2.48,5,3.39,31.1,31.0,0.134,0.0178,137.89487007307548,1.333352041081127,0.3961992504467872,1530.87424875,15012.747951504187,0.6789651563801666,0.009185185185185185
VW,Jetta,VW36100252,0,Car,3625,170,"2-Wheel Drive, Front",2.48,6,3.5,32.7,33.0,0.293,0.0171,146.7913133035965,2.9154637913191803,0.3806183810471945,1644.2723412500002,16124.803355319313,0.652264279443868,0.00910344827586207
VW,Jetta,VW36100252,0,Car,3625,170,"2-Wheel Drive, Front",2.48,6,3.5,32.7,37.0,0.322,0.0188,164.5841997646385,3.204025053941215,0.4184576353033484,1644.2723412500002,16124.803355319313,0.7171092662891649,0.010206896551724137
VW,Jetta,VW36100252,1,Car,3500,170,"2-Wheel Drive, Front",2.48,6,3.5,32.7,33.0,0.293,0.0171,146.7913133035965,2.9154637913191803,0.3806183810471945,1587.5732950000001,15568.77565341175,0.652264279443868,0.009428571428571429
VW,Jetta,VW36100252,2,Car,3375,170,"2-Wheel Drive, Front",2.48,6,3.5,32.7,33.0,0.293,0.0171,146.7913133035965,2.9154637913191803,0.3806183810471945,1530.87424875,15012.747951504187,0.652264279443868,0.009777777777777778
VW,Touareg,VW526710023,0,Truck,5500,333,All Wheel Drive,2.995,8,3.27,26.8,43.0,0.123,0.0279,191.2735294562015,1.2238977690520791,0.6210089374980542,2494.7580350000003,24465.21888393275,1.0642206664610478,0.007818181818181818
Volvo,C30 T5 FWD,201001,0,Car,3500,227,"2-Wheel Drive, Front",2.521,6,3.77,33.8,24.92,0.4464,0.01745,110.84968265229166,4.441853366706082,0.3884088157469909,1587.5732950000001,15568.77565341175,0.6656147179120173,0.00712
Volvo,C30 T5 FWD,201002,2,Car,3500,227,"2-Wheel Drive, Front",2.521,5,2.27,31.9,27.47,0.3338,0.01817,122.19264777120593,3.3214396366632846,0.4044348528437148,1587.5732950000001,15568.77565341175,0.6930784770464958,0.007848571428571427
Volvo,C30 T5 FWD,201002,2,Car,3500,227,"2-Wheel Drive, Front",2.521,5,2.27,31.9,30.52,0.3709,0.02019,135.75972369775045,3.6905990450521644,0.4493967902539683,1587.5732950000001,15568.77565341175,0.7701295790626723,0.008719999999999999
Volvo,C70 T5 FWD,201304,0,Car,4250,227,"2-Wheel Drive, Front",2.521,6,2.27,31.6,31.72,0.2538,0.01895,141.09758963606305,2.5254085673611195,0.4217963930318326,1927.7675725000001,18904.941864857126,0.7228308827755147,0.007463529411764705
Volvo,S60 T5 AWD,201306,1,Car,4000,250,"2-Wheel Drive, Front",2.497,6,3.33,31.2,39.01,0.3543,0.01693,173.5251252113121,3.5254225981719647,0.3768344556215791,1814.36948,17792.886461042,0.6457797807593383,0.009752499999999999
Volvo,S60 T5 AWD,201306,1,Car,4000,250,"2-Wheel Drive, Front",2.497,6,3.33,31.2,43.34,0.3937,0.01881,192.78592480539007,3.917467899803281,0.41868021915191395,1814.36948,17792.886461042,0.7174907073882548,0.010835000000000001
Volvo,S60 T5 FWD,201305,0,Car,3875,250,"2-Wheel Drive, Front",2.497,6,3.2,30.0,32.15,0.1109,0.01999,143.01032493062505,1.1034980698201267,0.44494511328265607,1757.67043375,17236.858759134437,0.7625007570808726,0.008296774193548385
Volvo,S60 T5 FWD,201305,0,Car,3875,250,"2-Wheel Drive, Front",2.497,6,3.2,30.0,35.72,0.1232,0.02221,158.89047609710505,1.2258878467253345,0.4943587276642217,1757.67043375,17236.858759134437,0.8471806810788485,0.009218064516129032
Volvo,S60 T6 AWD,201117,2,Both,4000,300,"2-Wheel Drive, Front",2.953,6,3.33,31.3,55.2,0.3751,0.01943,245.5418331623796,3.7323906761905272,0.4324804177629818,1814.36948,17792.886461042,0.7411400555318336,0.0138
Volvo,S60 T6 AWD,201117,2,Both,4000,300,"2-Wheel Drive, Front",2.953,6,3.33,31.3,49.68,0.3376,0.01749,220.9876498461416,3.3592511124551376,0.3892991511412533,1814.36948,17792.886461042,0.6671404823083772,0.012419999999999999
Volvo,S80 3.2 FWD,201210,1,Both,4000,240,"2-Wheel Drive, Front",3.192,6,3.33,30.7,31.48,0.381,0.0156,140.03001644840052,3.791097967551562,0.3472308037623528,1814.36948,17792.886461042,0.5950481145803708,0.007869999999999999
Volvo,S80 3.2 FWD PZEV,201213,0,Both,4000,230,"2-Wheel Drive, Front",3.192,6,3.33,30.7,31.48,0.381,0.0156,140.03001644840052,3.791097967551562,0.3472308037623528,1814.36948,17792.886461042,0.5950481145803708,0.007869999999999999
Volvo,XC60 3.2 AWD PZEV,201309,0,Both,4500,230,"2-Wheel Drive, Front",3.192,6,3.75,30.8,37.61,0.5865,0.02212,167.2976149499474,5.8359027768214995,0.4923554730271312,2041.165665,20016.99726867225,0.8437477111870387,0.008357777777777776
Volvo,XC60 3.2 FWD,201211,0,Both,4250,240,"2-Wheel Drive, Front",3.192,6,3.75,30.8,40.2,0.1683,0.0256,178.8185089334721,1.6746503620444304,0.5698146523279637,1927.7675725000001,18904.941864857126,0.9764892136703521,0.009458823529411763
Volvo,XC60 AWD 3.2,201311,0,Both,4500,240,"2-Wheel Drive, Front",3.192,6,3.75,30.8,37.61,0.5865,0.02212,167.2976149499474,5.8359027768214995,0.4923554730271312,2041.165665,20016.99726867225,0.8437477111870387,0.008357777777777776
Volvo,XC60 T6 AWD,201206,0,Both,4500,300,"2-Wheel Drive, Front",2.953,6,3.75,30.8,37.61,0.5865,0.02212,167.2976149499474,5.8359027768214995,0.4923554730271312,2041.165665,20016.99726867225,0.8437477111870387,0.008357777777777776
Volvo,XC70 3.2 AWD,201209,0,Both,4250,240,"2-Wheel Drive, Front",3.192,6,3.75,33.2,37.82,0.3062,0.02198,168.23174148915209,3.0468089177540376,0.4892392991472126,1927.7675725000001,18904.941864857126,0.8384075357997789,0.008898823529411763
Volvo,XC70 3.2 AWD,201209,0,Both,4250,240,"2-Wheel Drive, Front",3.192,6,3.75,33.2,42.02,0.3402,0.02442,186.9142722732462,3.385122122207458,0.5435497581972216,1927.7675725000001,18904.941864857126,0.9314791639777343,0.009887058823529412
Volvo,XC70 3.2 AWD PZEV,201217,0,Both,4250,230,"2-Wheel Drive, Front",3.192,6,3.75,33.2,37.82,0.3062,0.02198,168.23174148915209,3.0468089177540376,0.4892392991472126,1927.7675725000001,18904.941864857126,0.8384075357997789,0.008898823529411763
Volvo,XC70 3.2 AWD PZEV,201217,0,Both,4250,230,"2-Wheel Drive, Front",3.192,6,3.75,33.2,42.02,0.3402,0.02442,186.9142722732462,3.385122122207458,0.5435497581972216,1927.7675725000001,18904.941864857126,0.9314791639777343,0.009887058823529412
Volvo,XC90 3.2 AWD,201102,0,Both,5000,240,"2-Wheel Drive, Front",3.192,6,4.06,33.4,65.92,0.2886,0.02589,293.2267688779721,2.8716820825075615,0.5762695839363664,2267.96185,22241.1080763025,0.9875510055439616,0.013184
Volvo,XC90 3.2 AWD,201203,0,Both,5000,240,"2-Wheel Drive, Front",3.192,6,4.06,33.3,50.92,0.1369,0.02672,226.50344464906465,1.3622081673433304,0.5947440433673121,2267.96185,22241.1080763025,1.01921061676843,0.010184
Volvo,XC90 FWD 3.2,201204,1,Both,5000,240,"2-Wheel Drive, Front",3.192,6,4.06,33.3,44.17,0.2409,0.0263,196.47794874605628,2.397048557436145,0.5853955217275565,2267.96185,22241.1080763025,1.0031900906066509,0.008834
VPG,MV-1,523MF1163BM000007,0,Truck,5250,248,"2-Wheel Drive, Rear",4.6,4,3.45,28.4,37.57,0.7679,0.0296,167.11968608533698,7.640903226464159,0.6588481917542081,2381.3599425,23353.163480117626,1.1290656533063446,0.007156190476190476
VPG,MV-1,523MF1267BT000001,0,Truck,5500,213,"2-Wheel Drive, Rear",4.6,4,3.45,28.4,38.96,0.7122,0.029421,173.30271413054908,7.086666594462527,0.6548639408648835,2494.7580350000003,24465.21888393275,1.122237857632634,0.007083636363636363
